一 看	97813
一 人	64181
一 说	54091
一 晚上	53251
一 开始	50728
一 起来	29147
一 到	28587
一 下午	26345
一万 点	727272
一万 字	272727
一万点 伤害	1000000
一上来 就	1000000
一下 吗	134146
一下 我	103299
一下 你	101147
一下 就	99713
一下 吧	73170
一下 的	32281
一下 了	27977
一下你 的	714285
一下你 就	166666
一下你 是	119047
一下午 的	538461
一下午 了	461538
一下子 就	814814
一下子 全	185185
一下就 好	480000
一下就 知道	220000
一下就 可以	200000
一下就好 了	1000000
一下我 的	620000
一下我 吗	160000
一下我 就	120000
一下我 我	100000
一不小心 就	848484
一不小心 暴露	151515
一两个 月	636363
一两个 小时	363636
一个 人	350122
一个 小时	22880
一个 星期	22727
一个 不	18427
一个 字	17813
一个 好	14588
一个 是	13359
一个 小	13052
一个不 知名	318181
一个不 知道	250000
一个不 爱	181818
一个不 小心	136363
一个不 回家	113636
一个不知名 的	1000000
一个世纪 时髦	1000000
一个个 都	724137
一个个 的	275862
一个人 的	169794
一个人 去	106344
一个人 在	84897
一个人 觉得	37533
一个人 吃	29490
一个人 也	28596
一个人 住	25022
一个人 看	24128
一个人去 的	500000
一个人去 看	380952
一个人去 吃	119047
一个人在 外面	647058
一个人在 宿舍	352941
一个人的 时候	720930
一个人的 事	139534
一个人的 生活	139534
一个人看 电影	1000000
一个半 小时	1000000
一个喜欢 的	571428
一个喜欢 一个	428571
一个多 小时	814814
一个多 星期	185185
一个多月 了	541666
一个多月 的	250000
一个多月 没	208333
一个大 男人	600000
一个大 的	400000
一个女 的	1000000
一个好 的	531250
一个好 朋友	281250
一个好 了	187500
一个字 都	482758
一个字 也	172413
一个字 是	172413
一个字 没	172413
一个小 目标	333333
一个小 哥哥	250000
一个小 仙女	208333
一个小 的	208333
一个小时 了	342857
一个小时 的	342857
一个小时 就	171428
一个小时 才	142857
一个新 的	1000000
一个星期 了	470588
一个星期 就	264705
一个星期 的	264705
一个是 我	615384
一个是 你	384615
一个月 了	233606
一个月 的	127049
一个月 没	81967
一个月 就	65573
一个月 后	57377
一个月 前	53278
一个月 工资	53278
一个月 都	40983
一个比 一个	642857
一个比 我	357142
一个男生 特别	642857
一个男生 追求	357142
一个给 我	722222
一个给 你	277777
一个让 我	538461
一个让 你	461538
一个都 没有	408163
一个都 没	306122
一个都 不	285714
一些 人	254098
一些 事	122950
一些 了	114754
一些 东西	98360
一些 事情	90163
一些 不	65573
一些 小	65573
一些 的	57377
一人 一个	259259
一人 一半	185185
一人 去	185185
一人 吃	185185
一人 我	185185
一件 事	503703
一件 衣服	133333
一件 事情	96296
一件 好事	51851
一件 一件	37037
一件 长袖	37037
一份 的	375000
一份 力量	312500
一份 给	312500
一会 就	437500
一会 去	160714
一会 了	80357
一会 再	62500
一会 又	53571
一会 吃	53571
一会 我	53571
一会 给	53571
一会儿 就	358208
一会儿 去	208955
一会儿 我	164179
一会儿 再	89552
一会儿 又	89552
一会儿 要	89552
一共 就	476190
一共 才	285714
一共 有	238095
一出来 就	625000
一出来 我	375000
一切 都	633608
一切 安好	85399
一切 的	85399
一切 尽在不言中	24793
一切 平安	24793
一切 顺其自然	24793
一切 就	22038
一切 了	19283
一切都 会	551020
一切都 好	380952
一切都 有	34013
一切都会 好	796875
一切都会 过去	203125
一到 冬天	583333
一到 晚上	277777
一到 周末	138888
一加 手机	192307
一加 的	192307
一半 的	217821
一半 了	198019
一半 就	128712
一半 给	89108
一半 我	79207
一半 才	69306
一半 没	59405
一半 红	59405
一双 发现	615384
一双 慧眼	384615
一发 不可收拾	1000000
一口 一个	186666
一口 就	160000
一口 一口	80000
一口 吃	80000
一口 吃掉	80000
一口 米饭	80000
一口 吗	66666
一口 好	66666
一句 话	629072
一句 是	65162
一句 你	52631
一句 我	47619
一句 你们	35087
一句 生日快乐	25062
一句 台词	22556
一句 歌词	22556
一句话 都	214285
一句话 是	190476
一句话 的	190476
一句话 不	142857
一句话 说	142857
一句话 我	119047
一只 手	328947
一只 小	263157
一只 吧	78947
一只 眼睛	78947
一只 了	65789
一只 苍蝇	65789
一向 都	739130
一向 是	260869
一听 你	538461
一听 就	461538
一周 了	361111
一周 的	208333
一周 都	152777
一周 就	125000
一周 一次	83333
一回来 就	1000000
一圈 了	190476
一圈 就	190476
一圈 自称	190476
一圈 儿	142857
一圈 回来	142857
一圈 的	142857
一场 说走就走	205882
一场 大雨	176470
一场 自己	176470
一场 了	147058
一场 演唱会	147058
一场 电影	147058
一块 去	253731
一块 了	194029
一块 的	194029
一块 吃	74626
一块 吃饭	74626
一块 蛋糕	74626
一块钱 买	529411
一块钱 的	470588
一堆 人	372549
一堆 的	176470
一堆 事	137254
一堆 歌手	117647
一堆 东西	98039
一堆 零食	98039
一声 叹息	339285
一声 就	142857
一声 我	142857
一声 笑	89285
一声 谢谢	89285
一夜 没	450000
一夜 暴富	275000
一夜 的	150000
一夜 回到	125000
一大 把	379310
一大 笼子	206896
一大 一小	137931
一大 段	86206
一大早 就	513513
一大早 起来	216216
一大早 吃	135135
一大早 的	135135
一天 的	109391
一天 都	105263
一天 了	94943
一天 就	56759
一天 没	42311
一天 我	41279
一天 你	34055
一天 不	31991
一天天 的	838709
一天天 就	161290
一天都 在	319148
一天都 没	297872
一天都 是	276595
一套 的	339622
一套 黑色	320754
一套 一套	188679
一套 衣服	150943
一套黑色 的	1000000
一如既往 的	875000
一如既往 地	125000
一定 可以	100
一定 需要	90
一定 要	80
一定 会	70
一定会 的	270114
一定会 有	235632
一定会 去	126436
一定会 好	74712
一定会 幸福	63218
一定会 努力	40229
一定会 成功	40229
一定会 好好	34482
一定会有 听	562500
一定会有 的	437500
一定可以 的	1000000
一定是 我	174418
一定是 你	162790
一定是 个	116279
一定是 在	116279
一定是 的	104651
一定是 太	69767
一定是 被	69767
一定是 这样	69767
一定给 你	529411
一定给 你们	470588
一定要 去	206751
一定要 吃	63291
一定要 好好	46413
一定要 在	42194
一定要 来	42194
一定要 看	42194
一定要 多	37974
一定要 幸福	35864
一定要去 看	371428
一定要去 看看	285714
一定要去 吃	200000
一定要去 一次	142857
一家 三口	324675
一家 四口	220779
一家 的	155844
一家 公司	77922
一家 都	77922
一家 门	77922
一家 小店	64935
一家人 不	350000
一家人 都	350000
一家人 的	300000
一小 会儿	391304
一小 段时间	347826
一小 段	260869
一层 一层	529411
一层 的	470588
一岁 了	481481
一岁 多	296296
一岁 的	222222
一年 了	227533
一年 多	141491
一年 的	87954
一年 就	59273
一年 后	38240
一年 也	30592
一年 前	30592
一年 没	28680
一年四季 都	1000000
一年多 了	828571
一年多 的	171428
一座 城	600000
一座 城市	400000
一开始 就	318181
一开始 我	204545
一开始 的	102272
一开始 以为	90909
一开始 就是	79545
一开始 还	79545
一开始 也	68181
一开始 是	56818
一张 图	135678
一张 照片	135678
一张 敬业	110552
一张 你	65326
一张 都	60301
一张 是	50251
一张 脸	45226
一手 好	1000000
一把 年纪	339285
一把 辛酸泪	125000
一把 一把	107142
一把 吗	107142
一把 鼻涕	107142
一把 的	89285
一提 就	1000000
一整天 都	555555
一整天 的	444444
一时 的	642857
一时 兴起	357142
一晚上 的	291666
一晚上 没	250000
一晚上 都	187500
一晚上 就	145833
一晚上 了	125000
一期 的	700000
一期 都	300000
一本 小说	615384
一本 好书	384615
一本书 杨	1000000
一本正经 的	807692
一本正经 地	192307
一条 裤子	148514
一条 好汉	128712
一条 路	118811
一条 都	99009
一条 不归路	69306
一条 命	69306
一条 道	59405
一条 鱼	59405
一来 就	1000000
一杯 奶茶	400000
一杯 咖啡	366666
一杯 的	233333
一样 的	453521
一样 了	57464
一样 一样	50704
一样 吗	23661
一样 吧	19154
一样 有	16901
一样 是	16338
一样有 眼光	1000000
一样有眼光 的	1000000
一样的 人	192307
一样的 吗	146153
一样的 东西	76923
一样的 感觉	76923
一样的 队友	69230
一样的 吧	61538
一样的 我	61538
一模一样 的	1000000
一次 就	88183
一次 都	81128
一次 了	77601
一次 的	63492
一次 机会	54673
一次 我	44091
一次 吗	37037
一次又 一次	1000000
一次性 的	1000000
一次都 没	1000000
一步 一步	268292
一步 了	97560
一步 都	97560
一步 我	85365
一步 是	85365
一步 的	85365
一步 看	85365
一步 来	73170
一段 感情	530303
一段 日子	121212
一段 骄傲	121212
一段 儿	75757
一段 时光	75757
一段 的	75757
一段感情 因为	1000000
一段感情因为 什么	1000000
一段时间 准备	193548
一段时间 就	193548
一段时间 了	161290
一段时间 不	96774
一段时间 不理	96774
一段时间 的	96774
一段时间 我	80645
一段时间 都	80645
一点 都	341580
一点 也	131683
一点 的	102952
一点 不	51875
一点 就	47086
一点 了	33519
一点 吧	30327
一点 吗	18355
一点也 不	913385
一点也 不好	86614
一点儿 也	555555
一点儿 都	444444
一点就 好	1000000
一点点 的	394736
一点点 都	210526
一点点 了	131578
一点点 就	131578
一点都 不	769436
一点都 没	75067
一点都 没有	53619
一点都 不好	45576
一点都 不想	37533
一点都 不好玩	18766
一点都不 像	342857
一点都不 关心	85714
一点都不 可爱	71428
一点都不 大	71428
一点都不 好吃	71428
一点都不 快乐	71428
一点都不 羡慕	71428
一点都不 觉得	71428
一片 天	687500
一片 一片	312500
一生 平安	521276
一生 的	148936
一生 都	85106
一生 一起	63829
一生 只	63829
一生 黑	63829
一生 最	53191
一的 时候	1000000
一直 在	201094
一直 都	197637
一直 没	49553
一直 以为	44655
一直 想	36876
一直 是	35148
一直 不	26505
一直不 知道	633333
一直不 喜欢	200000
一直不 明白	166666
一直以为 你	443181
一直以为 是	318181
一直以为 北方	159090
一直以为 我	79545
一直以为你 是	1000000
一直到 现在	1000000
一直在 等	120689
一直在 看	81896
一直在 一起	73275
一直在 想	73275
一直在 你	64655
一直在 路上	51724
一直在 听	47413
一直在 关注	38793
一直幸福 下去	1000000
一直很 喜欢	350000
一直很 想	300000
一直很 好	200000
一直很 好奇	150000
一直想 去	397058
一直想 买	191176
一直想 看	117647
一直想 问	117647
一直想 知道	102941
一直想 说	73529
一直支持 你	1000000
一直支持你 的	1000000
一直是 我	720000
一直是 个	280000
一直没 去	560000
一直没 变	240000
一直没 看到	200000
一直疯狂 为	1000000
一直疯狂为 你	1000000
一直等 着	772727
一直等 你	227272
一直觉得 你	600000
一直觉得 我	400000
一直都 是	291666
一直都 在	267857
一直都 有	53571
一直都 不	39682
一直都 没	37698
一直都 觉得	29761
一直都 想	27777
一直都是 一个	275862
一直都是 这样	206896
一直都是 我	172413
一直都是 这么	172413
一看 就是	343750
一看 就	290178
一看 你	138392
一看 我	44642
一看 名字	35714
一看 是	35714
一看 这	35714
一看 还	26785
一看你 就	571428
一看你 就是	428571
一看就 知道	1000000
一眼 就	552083
一眼 看到	145833
一眼 都	104166
一眼 我	72916
一眼 看出	72916
一眼 看	52083
一眼就 看到	708333
一眼就 能	291666
一眼就看到 你	615384
一眼就看到 了	384615
一瞬间 的	450000
一瞬间 就	300000
一瞬间 我	250000
一种 方式	64676
一种 人	59701
一种 幸福	59701
一种 菌子	59701
一种 这辈子	59701
一种 态度	54726
一种 感觉	54726
一种 是	54726
一类 人	500000
一类 的	500000
一线 城市	736842
一线 的	263157
一群 人	900000
一群 小	100000
一股 清流	705882
一脸 的	529411
一脸 不	470588
一般 都	271907
一般 的	175257
一般 人	99226
一般 吧	69587
一般 是	67010
一般 不	56701
一般 一般	34793
一般 我	25773
一般人 我	538461
一般人 都	461538
一般吧 但是	1000000
一般吧但是 还	1000000
一般般 吧	1000000
一般都 是	701754
一般都 不	87719
一般都 会	61403
一般都 在	52631
一般都 不会	43859
一觉醒 来	828571
一觉醒 了	171428
一言不合 就	1000000
一说 我	690476
一说 还	190476
一说 你	119047
一起 吃饭	100
一起 出发	90
一起 看看	80
一起 讨论	70
一起了 吗	571428
一起加油 吧	1000000
一起去 看	295302
一起去 的	181208
一起去 吃	127516
一起去 了	67114
一起去 吧	53691
一起去 旅行	53691
一起去 买	33557
一起吃 个	520000
一起吃 了	160000
一起吃 的	120000
一起吃 好吃	100000
一起吃饭 吧	478260
一起吃饭 的	217391
一起开 黑	1000000
一起的 时候	472727
一起的 人	218181
一起的 日子	163636
一起的 吗	145454
一起看 电影	652173
一起看 的	347826
一起走 吧	375000
一起走 下去	312500
一起走 了	312500
一路 走	297520
一路 走来	107438
一路 都	99173
一路 的	90909
一路 人	82644
一路 顺利	57851
一路 有	49586
一路 看	49586
一路走 好	1000000
一身 的	619047
一身 黑	238095
一身 轻松	142857
一辈子 的	441379
一辈子 都	282758
一辈子 了	117241
一辈子 不	68965
一辈子 也	55172
一辈子 没	34482
一边 去	380952
一边 说	133333
一边 吃	104761
一边 看	85714
一边 儿	76190
一边 又	76190
一边 是	47619
一边 的	47619
一遍 了	250000
一遍 我	181818
一遍 你	159090
一遍 就	159090
一遍 又	136363
一遍 的	113636
一道 闪电	1000000
一道闪电 的	1000000
一部 电影	490566
一部 电视剧	132075
一部 好	94339
一部 小米	94339
一部 的	94339
一部 说话	94339
一集 一集	538461
一集 就	461538
一顿 就	203125
一顿 火锅	171875
一顿 的	109375
一顿 不吃	93750
一顿 吃	93750
一顿 了	78125
一顿 吧	78125
一颗 心	400000
一颗 一颗	233333
一颗 少女	200000
一颗 红心	166666
一首 就	264705
一首 凉凉	235294
一首 梦醒	205882
一首 了	147058
一首 我	147058
七个 月	421052
七个 小时	315789
七个 人	263157
七夕 快乐	888888
七夕 的	111111
七年 了	588235
七年 的	411764
七月 初	368421
七月 中旬	315789
七月 的	315789
七点 多	482142
七点 就	214285
七点 的	125000
七点 到	89285
万 人	313725
万 的	274509
万 了	215686
万 不是	98039
万 花	98039
万一 是	155555
万一 有毒	144444
万一 哪	111111
万一 有	100000
万一 实现	88888
万一 我	88888
万一 他	66666
万一 你	66666
万万 没想到	1000000
万能 的	1000000
万象 城	1000000
三 了	139194
三 的	117216
三 人	91575
三 小时	87912
三 大	65934
三 不	47619
三世 十里	1000000
三世十里 桃花	1000000
三个 月	413373
三个 人	182370
三个 字	164133
三个 小时	133738
三个 都	48632
三个 多	21276
三个 多月	21276
三个 星期	15197
三个人 的	1000000
三个月 了	218750
三个月 后	218750
三个月 没	218750
三个月 的	187500
三个月 从	156250
三亚 也	333333
三亚 了	333333
三亚 的	333333
三十 了	450000
三十 号	300000
三十 几度	250000
三天 了	197674
三天 就	162790
三天 的	162790
三天 不	127906
三天 没	127906
三天 我	81395
三天 都	69767
三年 了	375886
三年 的	156028
三年 前	148936
三年 以上	113475
三年 多	63829
三年 后	49645
三年 没	49645
三年 都	42553
三年以上 的	1000000
三星 的	1000000
三月 看	717948
三月 的	153846
三月 不	128205
三月看 时	1000000
三次 了	390243
三次 元	292682
三次 机会	170731
三次 都	146341
三点 多	541666
三点 了	125000
三点 的	125000
三点 才	104166
三点 还	104166
三生 三世	1000000
三生三世 十里	1000000
三生三世十里 桃花	1000000
三观 不正	252100
三观 正	184873
三观 有点	176470
三观 不同	75630
三观 不	67226
三观 一致	58823
三观 也	58823
三观有点 不	1000000
三观有点不 太	1000000
上 了	169676
上 的	112977
上 我	50818
上 有	26879
上 厕所	22049
上 大学	21209
上 个	17219
上 不	16379
上一个 人	666666
上一个 不	333333
上一段 感情	1000000
上一段感情 因为	1000000
上不 去	608695
上不 上	130434
上不 上班	130434
上不 来	130434
上个 厕所	296296
上个 学期	296296
上个 礼拜	222222
上个 赛季	185185
上了 大学	114649
上了 次	101910
上了 一个	89171
上了 个	82802
上了 你	82802
上了 吗	82802
上了 一天	70063
上了 我	70063
上了次 大学	1000000
上交 试试	1000000
上他 的	571428
上他 了	428571
上升 到	642857
上升 了	357142
上午 开会	100
上午 出发	90
上午 安排	80
上午 确认	70
上厕所 的	388888
上厕所 了	333333
上厕所 我	277777
上去 了	382608
上去 的	234782
上去 让	165217
上去 吧	95652
上去 就	78260
上大学 的	466666
上大学 了	333333
上大学 以后	200000
上天 了	724637
上天 呢	275362
上学 的	369565
上学 了	144927
上学 吗	72463
上学 好	65217
上学 去	57971
上学 呢	50724
上学 时候	50724
上学的 时候	1000000
上岸 了	687500
上岸 吧	312500
上我 的	350877
上我 了	333333
上我 吧	122807
上我 吗	87719
上映 了	533333
上映 的	466666
上春晚 呢	615384
上春晚 了	384615
上有 个	1000000
上来 就	477611
上来 了	268656
上来 的	149253
上来 看看	104477
上次 去	162087
上次 我	107142
上次 的	71428
上次 你	54945
上次 在	52197
上次 也	49450
上次 那个	49450
上次 买	46703
上次买 的	600000
上次买 了	400000
上海 的	171503
上海 了	158311
上海 人	44854
上海 吗	44854
上海 呢	39577
上海 也	36939
上海 去	34300
上火 了	687500
上火 的	145833
上班 了	261843
上班 的	136089
上班 呢	58570
上班 吗	57708
上班 就	36175
上班 么	24978
上班 吧	23255
上班了 吗	411764
上班了 吧	98039
上班了 呢	98039
上班了 就	98039
上班的 人	352941
上班的 时候	176470
上班的 路上	161764
上班的 地方	147058
上班的 么	88235
上班的 我	73529
上瘾 了	557692
上瘾 的	442307
上的 人	200000
上的 是	137500
上的 你	112500
上的 时候	112500
上的 那个	100000
上的 字	75000
上的 那	75000
上看 的	687500
上看 风景	312500
上看到 你	434782
上看到 的	304347
上看到 了	260869
上线 了	838709
上线 的	161290
上网 了	413793
上网 买	206896
上网 看	206896
上网 的	172413
上说 说	407407
上说 着	333333
上说 的	259259
上课 了	249211
上课 的	154574
上课 呢	88328
上课 吧	69400
上课 吗	59936
上课 没	31545
上课 也	28391
上课的 时候	1000000
上车 了	621621
上车 就	189189
上车 的	189189
上辈子 拯救	500000
上辈子 是	500000
上都 是	1000000
上面 的	401574
上面 有	204724
上面 了	78740
上面 是	70866
上面 写	62992
上面 那个	62992
上面 买	39370
上面 说	39370
下 了	120525
下 的	85918
下 一个	55688
下 我	53699
下 个	49323
下 你	36197
下 就	30230
下 一次	25457
下个 周末	533333
下个 礼拜	466666
下个月 要	303030
下个月 去	141414
下个月 就	111111
下个月 我	90909
下个月 才	80808
下个月 也	60606
下个月 的	60606
下个月 了	50505
下个月要 来	1000000
下个月要来 武汉	1000000
下了 一天	266666
下了 一场	233333
下了 一个	166666
下了 吗	166666
下了 点	166666
下你 的	782608
下你 是	217391
下午 好	100
下午 见	90
下午 开始	80
下午 出发	70
下去 了	524193
下去 的	173387
下去 吧	64516
下去 就	52419
下去 我	40322
下去 会	28225
下去 吃	20161
下周 去	212765
下周 开始	156028
下周 我	127659
下周 就	92198
下周 吧	56737
下周 要	49645
下周 回	42553
下周 的	42553
下周开始 和	571428
下周开始 咱们	428571
下回 请	304347
下回 带	260869
下回 你	217391
下回 我	217391
下就 好	121951
下巴 的	242424
下巴 都	242424
下巴 也	181818
下巴 了	181818
下巴 是	151515
下得 了	375000
下得 厨房	312500
下得 去	312500
下我 的	852941
下我 去	147058
下来 了	388235
下来 的	329411
下来 你	94117
下来 就	70588
下来 吧	31372
下来 呢	27450
下来 给	19607
下来了 吗	1000000
下来你 下来	1000000
下来你下来 了	1000000
下楼 买	352941
下楼 的	352941
下楼 了	294117
下次 去	82727
下次 我	69312
下次 来	63163
下次 再	55897
下次 一起	40804
下次 你	39128
下次 一定	28507
下次 有	27389
下次一定 要	1000000
下次一起 去	1000000
下次再 来	415094
下次再 去	301886
下次再 给	169811
下次再 约	113207
下次去 吃	312500
下次去 我	218750
下次去 你	156250
下次去 找	156250
下次去 试试	156250
下次叫 你	421052
下次叫 我	315789
下次叫 上	263157
下次带 我	684210
下次带 你	315789
下次我 也	275362
下次我 给	231884
下次我 去	188405
下次我 要	159420
下次我 再	72463
下次我 就	72463
下次我给 你	1000000
下次有 机会	1000000
下次来 可以	352941
下次来 我	352941
下次来 找	294117
下次演唱会 要	1000000
下次给 你	583333
下次给 我	416666
下次见 我	642857
下次见 你	357142
下次请 你	458333
下次请 我	291666
下次请 带上	250000
下班 了	444444
下班 的	144927
下班 就	77294
下班 回家	67632
下班 呢	53140
下班 去	48309
下班 后	43478
下班了 吧	476190
下班了 吗	238095
下的 那么	214285
下的 是	166666
下的 大	142857
下的 不	119047
下的 好	119047
下的 我	119047
下的 时候	119047
下线 了	1000000
下课 了	814814
下课 就	185185
下车 了	384615
下车 的	256410
下车 就	230769
下车 后	128205
下载 了	363636
下载 的	181818
下载 个	125000
下载 好	102272
下载 一个	90909
下载 不了	79545
下载 到	56818
下辈子 我	533333
下辈子 吧	466666
下降 了	1000000
下雨 了	100
下雨 以后	90
下雨 之前	80
下雨 注意	70
下雨了 吗	1000000
下雨天 了	615384
下雨天 就	384615
下雪 了	674698
下雪 的	126506
下雪 吗	60240
下雪 呢	21084
下雪 也	18072
下雪 吧	18072
下雪 就	15060
下雪了 吗	772727
下面 的	369230
下面 有	123076
下面 给	107692
下面 是	84615
下面 都	76923
下面 那	61538
下面 那个	61538
下面 也	38461
不 知道	126586
不 喜欢	29301
不 一样	21486
不 在	20133
不 不	18360
不 去	18243
不 爱	16750
不 来	16190
不一定 要	175182
不一定 是	167883
不一定 能	145985
不一定 有	116788
不一定 会	102189
不一定 呢	80291
不一定 了	72992
不一样 的	497023
不一样 了	202380
不一样 吧	41666
不一样 我	29761
不一样 你	23809
不一样 呢	23809
不一样 不	17857
不一样的 烟火	444444
不一样的 感觉	277777
不一样的 我	277777
不上 了	506172
不上 春晚	111111
不上 的	98765
不上 心	74074
不上 吗	61728
不上 我	61728
不上交 试试	1000000
不上天 呢	1000000
不上班 了	225352
不上班 的	126760
不上班 么	112676
不上班 吗	112676
不上班 就	112676
不下 了	629629
不下 心	370370
不下去 了	1000000
不下来 了	500000
不下来 的	500000
不下雨 了	529411
不下雨 就	470588
不久 的	466666
不久 就	366666
不久 之后	166666
不也 是	621052
不也 没	200000
不也 一样	63157
不也 有	63157
不也 没有	52631
不买 了	622222
不买 的	155555
不买 个	111111
不买 我	111111
不了 了	264943
不了 的	109854
不了 你	80775
不了 我	67851
不了 不了	48465
不了 多久	30694
不了 多少	25848
不了你 的	529411
不了你 了	470588
不了解 我	551724
不了解 你	275862
不了解 的	172413
不仅 是	395348
不仅 要	186046
不仅 有	162790
不仅 会	139534
不仅 不	116279
不仅仅 是	1000000
不介意 你	650000
不介意 的	350000
不代表 我	257142
不代表 她	228571
不代表 别人	200000
不代表 不	171428
不代表 他	142857
不会 的	74158
不会 吧	50518
不会 是	45660
不会 有	42422
不会 再	33031
不会 被	28821
不会 太	24287
不会再 爱	527777
不会再 去	194444
不会再 做	138888
不会再 来	138888
不会再爱 了	1000000
不会去 了	666666
不会去 看	333333
不会告诉 你	1000000
不会告诉你 我	684210
不会告诉你 她	315789
不会是 我	354838
不会是 你	290322
不会是 在	193548
不会是 一个	161290
不会有 什么	318181
不会有 了	227272
不会有 结果	227272
不会有 那么	227272
不会给 你	714285
不会给 我	285714
不会让 你	636363
不会让 我	212121
不会让 人	151515
不住 了	359649
不住 我	219298
不住 自己	149122
不住 的	122807
不住 你	70175
不你 来	361702
不你 也	255319
不你 就	255319
不你 给	127659
不信 你	515384
不信 我	200000
不信 呢	100000
不信 了	84615
不信 的	61538
不信你 试试	526315
不信你 问	473684
不值得 的	687500
不值得 了	312500
不做 了	705882
不做 大哥	294117
不停 的	741379
不停 地	258620
不像 你	370370
不像 我	231481
不像 个	83333
不像 我们	64814
不像 了	46296
不像 你们	46296
不像 吧	46296
不允许 我	642857
不允许 你	357142
不光 是	1000000
不公平 了	450000
不公平 的	250000
不关心 我	1000000
不关注 我	864864
不关注 你	135135
不再 是	573770
不再 见	131147
不再 爱	114754
不再 来	98360
不再 有	81967
不再是 你	625000
不再是 我	375000
不准 了	392857
不准 我	392857
不准 的	214285
不减肥 了	1000000
不出 了	208333
不出 你	208333
不出 声	187500
不出 我	125000
不出 的	125000
不出来 了	514285
不出来 的	271428
不出来 你	71428
不出门 了	391304
不出门 就	304347
不出门 的	304347
不分手 我们	1000000
不分手我们 会	1000000
不到 了	161764
不到 你	116310
不到 我	102941
不到 的	86898
不到 人	34759
不到 就	26737
不到 对象	25401
不到你 了	500000
不到你 的	500000
不到哪里 去	1000000
不到我 了	550000
不到我 的	450000
不动 了	616822
不动 的	112149
不动 我	93457
不动 你	46728
不厚道 的	533333
不厚道 了	466666
不去 了	487179
不去 看	58608
不去 想	54945
不去 找	47619
不去 新	47619
不去 呢	29304
不去 我	29304
不去新 的	1000000
不发 了	488372
不发 我	279069
不发 就	116279
不发 朋友圈	116279
不变 的	1000000
不叫 我	779661
不叫 上	135593
不叫 你	84745
不叫上 我	1000000
不可 描述	208955
不可 辜负	164179
不可 说	119402
不可 信	104477
不可 兼得	89552
不可 无	89552
不可 以来	74626
不可 及	74626
不可以 吗	267857
不可以 的	250000
不可以 不	142857
不可以 么	125000
不可以 了	107142
不可以 吃	107142
不可爱 了	736842
不可爱 吗	263157
不可能 的	398876
不可能 了	157303
不可能 不	78651
不可能 吧	67415
不可能 在	61797
不可能 我	61797
不可能 是	56179
不可能 有	56179
不吃 了	341666
不吃 的	125000
不吃 东西	79166
不吃 就	54166
不吃 我	54166
不吃 也	50000
不吃 早饭	45833
不吃 早餐	37500
不吃饭 了	538461
不吃饭 吗	461538
不合适 的	303030
不合适 了	212121
不合适 谈恋爱	181818
不合适 吧	151515
不同 的	633802
不同 了	93896
不同 吧	70422
不同 而已	42253
不同 吗	37558
不同 地方	37558
不同 颜色	37558
不同 人	23474
不同的 人	611111
不同的 地方	388888
不听 我	535714
不听 不	339285
不听 你	125000
不听不 听	1000000
不听我 不	1000000
不告诉 你	702702
不告诉 我	270270
不告诉 你们	27027
不和 你	587628
不和 我	309278
不和 他	51546
不和 我们	51546
不喜欢 你	158415
不喜欢 我	128712
不喜欢 的	125412
不喜欢 吃	90759
不喜欢 了	57755
不喜欢 他	51155
不喜欢 她	44554
不喜欢 就	33003
不喜欢他 了	538461
不喜欢他 的	461538
不喜欢你 了	1000000
不喜欢的 人	1000000
不喝 了	434782
不喝 奶茶	347826
不喝 饮料	217391
不回 我	440944
不回 了	236220
不回 的	86614
不回 你	78740
不回 学校	70866
不回 就	39370
不回去 了	1000000
不回复 我	1000000
不回家 了	348837
不回家 的	255813
不回家 吗	232558
不回家 过年	162790
不回来 了	666666
不回来 吗	85714
不回来 的	76190
不回来 我	57142
不在 了	142857
不在 我	97142
不在 你	88571
不在 一个	74285
不在 学校	74285
不在 的	60000
不在 身边	60000
不在 一起	57142
不在乎 我	538461
不在乎 这	461538
不在你 身边	666666
不在你 就	333333
不多 了	416666
不多 说	258333
不多 的	75000
不多 吧	66666
不多 吃	41666
不多 就	41666
不够 用	160000
不够 多	73333
不够 好	66666
不够 吃	63333
不够 了	56666
不够 爱	56666
不够 你	46666
不够用 了	538461
不大 吧	333333
不大 的	233333
不大 了	166666
不太 清楚	147435
不太 喜欢	134615
不太 一样	73717
不太 对头	64102
不太 适合	51282
不太 清	44871
不太 明白	35256
不太 多	32051
不太好 吧	558823
不太好 看	294117
不太好 用	147058
不好 的	176681
不好 了	113004
不好 吗	104035
不好 吧	51121
不好 听	47533
不好 说	44843
不好 用	42152
不好吃 了	333333
不好吃 吗	270833
不好吃 的	250000
不好意思 了	305676
不好意思 我	240174
不好意思 说	139737
不好意思 的	122270
不好意思 发	21834
不好意思 承认	21834
不好玩 了	315789
不好玩 的	263157
不好的 时候	346938
不好的 事情	204081
不好的 人	183673
不好的 事	163265
不好的 地方	102040
不好看 的	269662
不好看 了	224719
不好看 吗	157303
不好看 我	101123
不好看 就	56179
不如 你	180412
不如 不	97938
不如 买	82474
不如 去	82474
不如 我们	82474
不如 我	77319
不如 直接	61855
不如 多	56701
不嫌弃 你	636363
不嫌弃 我	363636
不存在 的	1000000
不完 的	774193
不完 了	225806
不客气 的	410256
不客气 了	282051
不客气 不	179487
不客气 呢	128205
不容易 了	153846
不容易 的	146153
不容易 被	38461
不对 了	215686
不对 的	163398
不对 我	124183
不对 吗	78431
不对 不	58823
不对 是	58823
不对 人	45751
不尊重 人	666666
不尊重 别人	333333
不小 了	793103
不小心 把	333333
不小心 了	250000
不小心 点	208333
不小心 被	208333
不少 美景	200000
不少 钱	122222
不少 人	100000
不少 呢	88888
不少 了	77777
不少 吧	55555
不少美景 谢谢你们	1000000
不就 好	290322
不就 得	145161
不就 知道	129032
不就 完	104838
不就 不	96774
不就 可以	72580
不就 在	64516
不就 有	48387
不就好 了	1000000
不就得 了	1000000
不就是 我	291666
不就是 你	187500
不就是 个	166666
不就是 为了	125000
不就是 在	125000
不就是 这样	104166
不属于 我	666666
不属于 你	333333
不带 我	514851
不带 你	158415
不带 这样	89108
不带 这么	84158
不带 了	54455
不带 眼镜	39603
不带 钱	34653
不带 脑子	24752
不带上 我	1000000
不干 了	1000000
不年轻 了	1000000
不幸 的	1000000
不应该 是	655913
不应该 说	118279
不应该 在	107526
不开 空调	483870
不开 了	322580
不开 声音	193548
不开心 了	306220
不开心 的	301435
不开心 就	62200
不开心 我	47846
不开心 吗	43062
不开心 都	38277
不开心 你	33492
不开心的 事	388888
不开心的 时候	388888
不开心的 事情	222222
不影响 你	538461
不影响 就是	461538
不得 你	140625
不得 我	109375
不得 的	109375
不得 给	109375
不得 别人	93750
不得 去	78125
不得 好	78125
不得不 说	760869
不得不 承认	239130
不得了 了	454545
不得了 的	393939
不必 了	450000
不必 在意	300000
不必 客气	250000
不忍 直视	1000000
不忙 了	521739
不忙 的	478260
不怎么 好	276923
不怎么 喜欢	200000
不怎么 会	123076
不怎么 吃	123076
不怎么 好吃	92307
不怎么 用	92307
不怎么 看	92307
不怕 不怕	224390
不怕 我	151219
不怕 你	131707
不怕 被	121951
不怕 了	97560
不怕 的	58536
不怕 有	34146
不急 不	1000000
不急不 急	1000000
不想 去	73014
不想 吃	50233
不想 再	48481
不想 看	45560
不想 说	45560
不想 和	31542
不想 跟	31542
不想 我	30373
不想再 去	533333
不想再 吃	466666
不想去 了	1000000
不想吃 了	1000000
不想和 你	875000
不想和 智商	125000
不想看 了	1000000
不想要 了	722222
不想要 孩子	277777
不想见 你	529411
不想见 我	470588
不想让 你	454545
不想让 他们	272727
不想让 我	272727
不想说 了	315789
不想说 你	315789
不想说 什么	184210
不想说 我	184210
不想跟 你	828571
不想跟 他	171428
不愧 是	1000000
不愿意 和	434782
不愿意 去	347826
不愿意 给	217391
不我 是	192771
不我 要	192771
不我 不	180722
不我 也	144578
不我 给	96385
不我 去	72289
不我 把	60240
不我 现在	60240
不打 你	545454
不打 了	242424
不打 我	212121
不打算 去	1000000
不找 我	698630
不找 你	95890
不找 个	68493
不找 了	68493
不找 男朋友	68493
不把 我	371428
不把 人家	228571
不把 你	228571
不把 自己	171428
不接 我	687500
不接 了	312500
不接受 反驳	583333
不接受 任何	277777
不接受 趁机	138888
不搭理 我	615384
不搭理 你	384615
不敢 看	104438
不敢 去	71801
不敢 不敢	69190
不敢 吃	63968
不敢 说	62663
不敢 想	54830
不敢 了	43080
不敢 再	31331
不敢当 不敢当	1000000
不断 的	761904
不断 优化	238095
不方便 了	755102
不方便 的	122448
不早 说	1000000
不明白 了	319148
不明白 你	297872
不明白 为什么	255319
不明白 我	127659
不易 的	259259
不易 你	166666
不易 感谢	111111
不易 了	92592
不易 我	92592
不是 我	102051
不是 你	54108
不是 说	44041
不是 一个	32213
不是 吧	25166
不是 有	23027
不是一个 人	1000000
不是一个人 的	666666
不是一个人 在	333333
不是一直 都	720000
不是一直 在	280000
不是一般 的	823529
不是一般 人	176470
不是不 知道	525000
不是不 可以	300000
不是不 喜欢	175000
不是人 了	300000
不是人 吗	250000
不是什么 好	588235
不是什么 好事	411764
不是你 的	502923
不是你 想	181286
不是你 说	70175
不是你 一个	40935
不是你 了	40935
不是你 最	35087
不是你 不	29239
不是你想 的	1000000
不是和 我	533333
不是和 你	466666
不是因为 你	612903
不是因为 分手	193548
不是因为 我	193548
不是垮掉 的	1000000
不是垮掉的 一代	1000000
不是很 好	254777
不是很 正常	133757
不是很 喜欢	114649
不是很 清楚	82802
不是很 想	70063
不是很 了解	44585
不是很 好看	44585
不是很 开心	44585
不是我 的	491124
不是我 说	85798
不是我 一个	62130
不是我 是	47337
不是我 不	29585
不是我 买	29585
不是我 要	29585
不是我 发	26627
不是我一个 人	1000000
不是我说 的	1000000
不是摔倒 了	1000000
不是摔倒了 就	1000000
不是故意 的	1000000
不是有 个	590909
不是有 暖气	409090
不是每个 人	1000000
不是每个人 都	772727
不是每个人 的	227272
不是没 见	571428
不是没 人	428571
不是真 爱	1000000
不是给 你	695652
不是给 我	304347
不是自己 的	791666
不是自己 能	208333
不是要 减肥	428571
不是要 去	392857
不是要 来	178571
不是说 你	300000
不是说 了	128571
不是说 要	107142
不是说 不	100000
不是说 我	85714
不是说 他们	57142
不是说 有	50000
不是说 的	50000
不是说好 不	1000000
不是说好不 转发	1000000
不是谁 都	611111
不是谁 的	388888
不是跟 你	696969
不是跟 我	303030
不是还 没	689655
不是还 在	310344
不是这个 意思	1000000
不是这样 的	1000000
不晓得 你	303030
不晓得 我	196969
不晓得 为	90909
不晓得 了	75757
不晓得 咋个	75757
不晓得 是	75757
不服 就	300000
不服 来	200000
不服 不行	175000
不服 憋着	125000
不来 找	246305
不来 了	241379
不来 的	147783
不来 我	118226
不来 见	39408
不来 个	34482
不来 接	29556
不来找 我	1000000
不止 我	378787
不止 一个	196969
不止 是	166666
不止 你	136363
不止 眼前	121212
不止我 一个	1000000
不正常 了	459459
不正常 吗	162162
不正常 的	162162
不清楚 了	608695
不漂亮 了	538461
不漂亮 我	461538
不热 吗	371428
不热 么	200000
不热 了	200000
不然 我	200743
不然 就	118959
不然 你	117100
不然 呢	104089
不然 怎么	76208
不然 会	53903
不然 也	27881
不然 还	26022
不然我 就	484848
不然我 也	333333
不然我 要	181818
不爱 我	345263
不爱 你	231578
不爱 吃	178947
不爱 了	96842
不爱 的	27368
不爱 听	18947
不爱 自己	16842
不爱 动	14736
不爱你 了	786885
不爱你 的	213114
不爱我 了	1000000
不理 我	507246
不理 你	300724
不理 他	65217
不理 人	32608
不理 她	28985
不理 人家	25362
不理 就	21739
不理 了	18115
不理你 了	1000000
不理我 了	800000
不用 了	95660
不用 上班	70019
不用 担心	50295
不用 客气	36489
不用 你	33530
不用 去	31558
不用 我	28599
不用 的	27613
不用上班 吗	366666
不用上班 的	333333
不用上班 了	300000
不用说 了	1000000
不留 遗憾	642857
不留 刘海	357142
不相信 爱情	333333
不相信 你	305555
不相信 我	236111
不相信 自己	125000
不相信爱情 了	1000000
不看 了	289655
不看 你	131034
不看 我	124137
不看 的	82758
不看 不	48275
不看 就	48275
不看 脸	48275
不睡觉 的	405063
不睡觉 吗	113924
不睡觉 干嘛	75949
不睡觉 你	63291
不知 该	149425
不知 你	114942
不知 是	114942
不知 怎么	103448
不知 为啥	80459
不知 当	68965
不知 我	68965
不知 是不是	68965
不知不觉 就	666666
不知不觉 中	333333
不知名 的	1000000
不知道 你	78980
不知道 我	66542
不知道 怎么	59701
不知道 为什么	53171
不知道 是	45398
不知道 呢	32027
不知道 什么	31094
不知道为什么 总	541666
不知道为什么 我	250000
不知道为什么 就是	208333
不知道什么 时候	820895
不知道什么 是	104477
不知道什么 情况	74626
不知道会 不会	1000000
不知道你 是	238095
不知道你 在	222222
不知道你 想	111111
不知道你 说	79365
不知道你 还	79365
不知道你 的	71428
不知道你 有没有	63492
不知道你 有	47619
不知道去 哪	571428
不知道去 哪里	428571
不知道又 有	1000000
不知道哪里 来	538461
不知道哪里 有	461538
不知道在 哪	512195
不知道在 哪里	292682
不知道在 哪儿	195121
不知道怎么 了	237288
不知道怎么 说	237288
不知道怎么 用	203389
不知道怎么 去	118644
不知道怎么 就	118644
不知道怎么 回	84745
不知道我 是	259259
不知道我 的	209876
不知道我 在	98765
不知道我 有	98765
不知道我 怎么	74074
不知道我 最近	74074
不知道我 为什么	61728
不知道我 什么	61728
不知道是 谁	360655
不知道是 什么	327868
不知道是 你	114754
不知道是 哪	98360
不知道是 怎么	98360
不知道有 什么	320000
不知道有 多	280000
不知道有 个	200000
不知道有 多少	200000
不知道能 不能	1000000
不知道自己 在	444444
不知道自己 喜不喜欢	277777
不知道自己 有	277777
不知道该 怎么	460000
不知道该 说	320000
不知道该 怎么办	220000
不知道说 什么	1000000
不知道这 是	1000000
不科学 的	375000
不穿 秋裤	282051
不穿 裤子	230769
不穿 了	179487
不穿 的	179487
不穿 高跟鞋	128205
不等 我	400000
不等 了	333333
不等 你	266666
不算 多	311111
不算 太	244444
不算 是	177777
不算 吧	133333
不管 你	149674
不管 我	145336
不管 了	117136
不管 是	101952
不管 用	88937
不管 怎么样	67245
不管 什么	54229
不管 别人	45553
不管我 不管	275862
不管我 要	206896
不管我 就是	172413
不管我 是	172413
不管我 最	172413
不约 我	758064
不约 不	241935
不约不 约	1000000
不给 我	386010
不给 你	272020
不给 力	150259
不给 他	38860
不给 自己	36269
不给 了	28497
不给 发	18134
不给 吃	18134
不给你 买	375000
不给你 吃	312500
不给你 说	312500
不给力 了	375000
不给我 买	292682
不给我 说	292682
不给我 介绍	146341
不给我 吃	146341
不给我 钱	121951
不联系 我	312500
不联系 你	250000
不联系 了	218750
不联系 的	218750
不能 吃	87200
不能 再	54400
不能 说	52400
不能 让	30000
不能 用	29200
不能 给	25200
不能 在	23600
不能 浪费	20800
不能再 多	800000
不能再 买	200000
不能再多 了	1000000
不能吃 了	426229
不能吃 辣椒	163934
不能吃 的	147540
不能吃 太	98360
不能吃 东西	81967
不能告诉 我	571428
不能告诉 你	428571
不能在 一起	1000000
不能愉快 的	827586
不能愉快 地	172413
不能浪费 这些	1000000
不能浪费这些 照片	1000000
不能用 了	1000000
不能给 我	758620
不能给 你	241379
不能让 我	609756
不能让 你	390243
不能说 的	333333
不能说 是	250000
不能说 点	222222
不能说 了	194444
不能跟 你	562500
不能跟 我	437500
不至于 吧	727272
不至于 那么	272727
不舒服 的	282608
不舒服 了	260869
不舒服 吗	173913
不舒服 就	130434
不行 了	311671
不行 吗	84880
不行 我	78249
不行 就	74270
不行 的	74270
不行 不行	63660
不行 么	37135
不行我 要	625000
不行我 就	375000
不要 太	48305
不要 再	39413
不要 这么	37971
不要 我	32203
不要 不要	31242
不要 说	31002
不要 这样	27637
不要 了	26435
不要你 了	608695
不要你 的	391304
不要再 提	400000
不要再 遇见	320000
不要再 去	280000
不要告诉 我	861111
不要告诉 别人	138888
不要命 了	684210
不要命 的	315789
不要和 他	393939
不要和 我	363636
不要和 你	242424
不要在 我	500000
不要在 这	500000
不要在意 这些	722222
不要在意 别人	277777
不要太 多	200000
不要太 好	180000
不要太 在意	160000
不要太 想	160000
不要太 好看	100000
不要太 羡慕	100000
不要太 高	100000
不要想 太	857142
不要想 了	142857
不要想太 多	1000000
不要我 了	578947
不要我 给	122807
不要我 也	105263
不要我 要	105263
不要我 的	87719
不要把 我	687500
不要把 自己	312500
不要拿 城管	1000000
不要拿城管 说	1000000
不要给 你	411764
不要给 我	294117
不要给 自己	294117
不要老 是	1000000
不要脸 的	580645
不要脸 了	290322
不要让 我	700000
不要让 他	150000
不要让 自己	150000
不要说 出来	470588
不要说 了	333333
不要说 我	98039
不要说 这种	98039
不要跟 我	1000000
不要这 样子	1000000
不要这么 说	343750
不要这么 直接	187500
不要这么 好	156250
不要这么 快	156250
不要这么 早	156250
不要钱 的	615384
不要钱 一样	384615
不要问 我	1000000
不要面子 的	1000000
不见 了	559405
不见 你	306930
不见 我	59405
不见 的	49504
不见 人	24752
不觉得 你	135802
不觉得 是	98765
不觉得 自己	98765
不觉得 这	98765
不觉得 她	86419
不觉得 有	86419
不觉得 不	74074
不认识 你	333333
不认识 我	176706
不认识 的	172690
不认识 了	144578
不认识 他	56224
不认识 路	36144
不认识你 了	700000
不认识你 的	300000
不让 我	315960
不让 你	172638
不让 人	136807
不让 进	55374
不让 他	42345
不让 自己	35830
不让 去	32573
不让 吃	32573
不让我 去	421052
不让我 走	315789
不让我 说	263157
不记得 了	713286
不记得 我	167832
不记得 你	76923
不记得 是	41958
不许 笑	315789
不许 你	210526
不许 我	210526
不许 吃	131578
不许 说	131578
不该 说	238095
不该 看	214285
不该 吃	142857
不该 是	142857
不该 这么	142857
不该 拿	119047
不说 了	387387
不说 我	249249
不说 你	96096
不说 暗话	39039
不说 什么	24024
不说 再见	24024
不说 出来	24024
不说 一声	21021
不说我 都	482142
不说我 也	303571
不说我 还	214285
不说话 了	687500
不说话 的	312500
不请 我	813953
不请 你	186046
不请我 吃饭	681818
不请我 吃	318181
不走 了	347222
不走 心	250000
不走 寻常路	111111
不走 的	111111
不走 不	97222
不走 我	83333
不起 了	234899
不起 的	87248
不起 你	80536
不起 我	33557
不起 玩笑	33557
不起来 了	738095
不起来 的	261904
不跟 你	533742
不跟 我	300613
不跟 他	67484
不跟 我们	55214
不跟 你们	42944
不跟你 说	615384
不跟你 说话	384615
不跟我 说	1000000
不转发 吗	1000000
不过 我	228298
不过 你	86805
不过 还是	42100
不过 也	38194
不过 是	37326
不过 现在	28211
不过 这	26041
不过 不	17361
不过也 是	444444
不过也 快	277777
不过也 有	277777
不过你 的	222222
不过你 也	166666
不过你 这	138888
不过你 可以	111111
不过你 是	83333
不过你 不	69444
不过你 要	69444
不过你 还是	69444
不过我 觉得	102836
不过我 是	92198
不过我 也	85106
不过我 现在	60283
不过我 不	49645
不过我 还是	49645
不过我 没	46099
不过我 的	46099
不过来 了	500000
不过来 的	227272
不过话 说	1000000
不过还是 谢谢	303030
不过还是 要	272727
不过还是 得	151515
不过这 是	642857
不过这 几天	357142
不还 了	304347
不还 没	260869
不还 得	217391
不还 钱	217391
不进去 了	368421
不进去 的	368421
不进去 书	263157
不远 了	658536
不远 的	158536
不远 不远	97560
不送 我	647058
不送 了	352941
不适合 我	433734
不适合 你	361445
不适合 这个	84337
不适合 做	60240
不适合 谈恋爱	60240
不都 是	831578
不都 一样	63157
不都 在	52631
不都 说	52631
不重要 了	800000
不重要 重要	200000
不错 的	315502
不错 了	162663
不错 不错	128820
不错 吧	55676
不错 呢	33842
不错 我	21834
不错 就是	12008
不错的 选择	388888
不错的 样子	277777
不长 了	720000
不长 的	280000
不问 我	518518
不问 你	259259
不问 了	222222
不难 吃	280000
不难 的	280000
不难 听	240000
不需要 你	247191
不需要 我	168539
不需要 解释	134831
不需要 理由	112359
不需要 的	89887
不需要 再	67415
不需要 太	67415
不需要 买	56179
不高 的	545454
不高兴 了	518518
不高兴 的	296296
与 你	359090
与 我	186363
与 人	127272
与 少年	45454
与 现实	45454
与 自己	45454
与 不	40909
与 我们	31818
与人 之间	1000000
与你 无关	705882
与你 一起	294117
丑丑 的	1000000
丑死 了	1000000
专业 的	651428
专业 了	108571
专业 都	40000
专业 吗	34285
专业 没	34285
专业 不	28571
专辑 的	375000
专辑 了	312500
专辑 都	312500
专门 的	280701
专门 去	228070
专门 给	157894
专门 看	122807
专门 为	105263
专门 跑	105263
且 珍惜	660714
且行且 珍惜	1000000
世上 只有	615384
世上 最	384615
世界 上	235849
世界 的	117924
世界 和平	45597
世界 都	45597
世界 里	39308
世界 了	28301
世界 那么	26729
世界 就	25157
世界上 最	492957
世界上 有	253521
世界上 没有	169014
世界上 总	84507
世界的 人	588235
世界的 追求	411764
世界那么 大	1000000
世纪 时髦	1000000
东 想	350000
东 的	350000
东 极	300000
东北 人	506172
东北 的	193415
东北 话	106995
东北 爷们	86419
东北 吧	32921
东北 有	28806
东北 了	24691
东北 大	20576
东北人 呢	645161
东北人 锅包肉	193548
东北人 普遍	161290
东北爷们 真	1000000
东方 卫视	615384
东方 神	384615
东西 了	103557
东西 都	102766
东西 的	73517
东西 就	36363
东西 不	35573
东西 我	33201
东西 吃	32411
东西太 多	1000000
东西的 时候	1000000
东西都 是	545454
东西都 不	227272
东西都 没	227272
丢人 了	542857
丢人 的	171428
丢失 的	571428
丢失 了	428571
丢脸 了	571428
丢脸 的	428571
两 人	376884
两 小时	221105
两 字	65326
两 星期	55276
两 眼泪汪汪	50251
两 都	45226
两 巴掌	35175
两 的	35175
两三个 月	615384
两三个 小时	384615
两个 人	257874
两个 月	175196
两个 字	106299
两个 小时	90551
两个 都	59055
两个 星期	33464
两个 多月	18700
两个 大	15748
两个人 的	322222
两个人 都	266666
两个人 在	244444
两个人 一起	111111
两个人 相爱	55555
两个人在 一起	1000000
两个小时 后	760000
两个小时 的	240000
两个小时后 会	1000000
两个月 了	318181
两个月 的	151515
两个月 就	136363
两个月 没	136363
两个月 才	106060
两个月 从	75757
两个月 呢	75757
两分钟 怎么	1000000
两分钟怎么 了	1000000
两天 就	123173
两天 了	83507
两天 都	75156
两天 去	56367
两天 我	56367
两天 没	54279
两天 的	48016
两天 也	31315
两岁 了	538461
两岁 的	461538
两年 了	279761
两年 前	166666
两年 多	148809
两年 的	95238
两年 后	77380
两年 没	59523
两年 就	53571
两年 都	53571
两张 敬业	407407
两张 连坐	222222
两张 合影	185185
两张 图	185185
两次 了	483870
两次 都	209677
两次 的	177419
两次 就	129032
两点 多	810810
两点 才	189189
两边 都	590909
两边 的	409090
严格 了	615384
严格 的	384615
严肃 脸	463414
严肃 的	390243
严肃 点	146341
严重 的	271186
严重 了	259887
严重 吗	124293
严重 么	45197
严重 怀疑	45197
严重 同意	39548
严重 吧	39548
个 好	61063
个 小	31058
个 大	28426
个 月	25969
个 小时	23688
个 什么	21407
个 朋友	17897
个 时间	13511
个不错 的	1000000
个个 都	1000000
个人 觉得	264705
个人 的	147058
个人 喜好	63025
个人 认为	54621
个人 喜欢	46218
个人 都	46218
个人 意见	37815
个人 在	33613
个什么 东西	1000000
个多 小时	1000000
个大 的	394736
个大 点	263157
个大 胖子	210526
个大 早	131578
个头 像	620689
个女 的	1000000
个女朋友 吧	647058
个女朋友 带	352941
个好 东西	303571
个好 地方	232142
个好 男人	89285
个好 的	71428
个好 办法	47619
个好 点	47619
个好 天气	41666
个好 心情	41666
个好看 的	684210
个好看 点	315789
个子 高	1000000
个小 板凳	343750
个小 哥哥	187500
个小 仙女	156250
个小 太阳	156250
个小 目标	156250
个小时 了	391304
个小时 的	391304
个小时 就	217391
个新 的	1000000
个时间 去	1000000
个月 了	479166
个月 的	229166
个月 就	187500
个月 才	104166
个朋友 吧	593750
个朋友 吗	218750
个朋友 也	187500
中 的	367860
中 了	105517
中 分	38722
中 有	30977
中 你	29041
中 大	26137
中 我	22265
中午 吃饭	100
中午 休息	90
中午 见	80
中午 回来	70
中午吃 的	354838
中午吃 什么	258064
中午吃 了	225806
中午吃 面	161290
中华 田园	722222
中华 小	277777
中学 的	1000000
中年 少女	529411
中年 了	470588
中文 的	1000000
中暑 了	1000000
中毒 了	574468
中毒 太	319148
中毒 的	106382
中毒太 深	1000000
中的 我	222222
中的 你	208333
中的 人	152777
中的 那么	125000
中的 一个	111111
中的 战斗机	97222
中的 女人	83333
中秋 快乐	832258
中秋 国庆	58064
中秋 不	38709
中秋 的	38709
中秋 回去	32258
中秋节 快乐	1000000
中间 的	362500
中间 那个	200000
中间 有	162500
中间 那	150000
中间 是	62500
中间 还	62500
丰富 的	520000
丰富 了	220000
丰盛 的	380952
丰盛 了	333333
临时 决定	631578
临时 的	368421
丸子 头	1000000
为 你	352995
为 我	94009
为 自己	92165
为 啥子	47926
为 他	33179
为 我们	30414
为 人	25806
为 神马	25806
为了 你	91492
为了 让	59390
为了 自己	56179
为了 看	54574
为了 不	46548
为了 给	38523
为了 我	35313
为了 吃	30497
为了你 的	722222
为了你 我	277777
为了自己 的	1000000
为了让 你	363636
为了让 我	318181
为了让 自己	318181
为什么 需要	100
为什么 没有	90
为什么 不能	80
为什么 这样	70
为什么不 去	129411
为什么不 给	100000
为什么不 发	94117
为什么不 来	76470
为什么不 在	52941
为什么不 喜欢	47058
为什么不 买	41176
为什么不 可以	41176
为什么会 有	395833
为什么会 被	208333
为什么会 有人	166666
为什么会 这样	125000
为什么会 这么	104166
为什么你 的	333333
为什么你 要	135802
为什么你 这么	123456
为什么你 不	98765
为什么你 会	86419
为什么你 可以	86419
为什么你 那么	74074
为什么你 总是	61728
为什么你们 都	1000000
为什么我 的	295698
为什么我 没有	102150
为什么我 觉得	75268
为什么我 不	64516
为什么我 没	53763
为什么我 看	48387
为什么我 就	43010
为什么我 要	43010
为什么是 我	1000000
为什么有 的	538461
为什么有 那么	461538
为什么要 去	93167
为什么要 用	93167
为什么要 找	80745
为什么要 把	80745
为什么要 这样	74534
为什么要 买	62111
为什么要 吃	49689
为什么要 和	49689
为什么还 不	538461
为什么还 没	461538
为什么这么 说	387096
为什么这么 多	290322
为什么这么 喜欢	161290
为什么这么 好看	161290
为什么那么 多	416666
为什么那么 爱生气	333333
为什么那么 喜欢	250000
为什么都 是	360000
为什么都 在	320000
为什么都 选择	320000
为何 不	252252
为何 要	180180
为何 你	144144
为何 如此	126126
为何 我	108108
为何 这么	54054
为何 会	45045
为何 是	45045
为你 打	225988
为你 依然	135593
为你 的	124293
为你 加油	90395
为你 而	56497
为你 高兴	50847
为你 了	45197
为你 做	39548
为你依然 大方	1000000
为啥 不	145885
为啥 我	139650
为啥 要	118453
为啥 你	59850
为啥 这么	47381
为啥 是	36159
为啥 呢	27431
为啥不 去	304347
为啥不 买	260869
为啥不 找	217391
为啥不 来	217391
为啥子 不	352941
为啥子 要	352941
为啥子 有	294117
为啥我 的	285714
为啥我 在	238095
为啥我 没	238095
为啥我 觉得	238095
为我 的	666666
为我 做	333333
为我们 的	1000000
为自己 的	576923
为自己 而	423076
为难 自己	769230
为难 我	230769
主 的	254295
主 了	103092
主 是	103092
主 你	48109
主 说	41237
主 不	37800
主 都	37800
主人 的	421052
主人 了	315789
主人 多数	263157
主动 的	333333
主动 联系	166666
主动 去	133333
主动 找	133333
主动 勾搭	100000
主动 说	77777
主动 和	55555
主动的 是	1000000
主动的是 你	1000000
主意 不错	388888
主意 好	277777
主要 是	719424
主要 还是	71942
主要 看	38848
主要 我	33093
主要 的	33093
主要 你	18705
主要 是因为	15827
主要 就是	14388
主要是 我	322580
主要是 你	122580
主要是 没	90322
主要是 想	70967
主要是 人	58064
主要是 看	45161
主要是 这个	45161
主要是 不	38709
主要的 是	1000000
主角 的	360000
主角 是	240000
主角 光环	200000
主角 都	200000
丽江 的	562500
丽江 了	437500
举世 好	1000000
举世好 公民	1000000
举报 了	462264
举报 你	377358
举报 我	56603
举报 的	56603
举报 他	47169
久违 的	647058
久违 了	352941
么 么	534786
么 了	57513
么 你	37105
么 办	35714
么 我	35714
么 有	23654
么 大	17161
么 事	12059
么我 也	642857
么我 是	357142
之 人	148514
之 路	64356
之 地	56930
之 处	56930
之 城	51980
之 心	51980
之 王	47029
之 家	42079
之前 已经	100
之前 说过	90
之前 确认	80
之前 检查	70
之前不是 说	687500
之前不是 有	312500
之前也 是	588235
之前也 有	411764
之前买 的	666666
之前买 了	333333
之前我 也	1000000
之前都 是	714285
之前都 没	285714
之后 可以	100
之后 继续	90
之后 再说	80
之后 确认	70
之后就 没	312500
之后就 会	218750
之后就 一直	156250
之后就 不	156250
之后就 开始	156250
之后我 就	1000000
之后才 发现	500000
之后才 知道	307692
之后才 会	192307
之类 的	1000000
之间 的	790322
之间 肯定	129032
之间 没有	80645
乐观 的	700000
乐观 点	300000
乐趣 了	684210
乖乖 的	600000
乖乖 等	157142
乖乖 去	100000
乖乖 你	71428
乖乖 睡觉	71428
乖巧 的	1000000
乖巧的 机器人	1000000
乖巧的机器人 吗	1000000
九点 多	372093
九点 才	209302
九点 就	186046
九点 到	116279
九点 的	116279
也 可以	100
也 需要	90
也 已经	80
也 有	70
也一直 在	722222
也一直 没	277777
也下雨 了	1000000
也下雪 了	1000000
也不 知道	401735
也不 喜欢	44017
也不 一定	30378
也不 说	26658
也不 容易	25418
也不 太	24798
也不 认识	21078
也不 去	17978
也不会 有	207547
也不会 去	150943
也不会 太	132075
也不会 有人	113207
也不会 再	94339
也不会 喜欢	94339
也不会 说	94339
也不想 的	266666
也不想 和	116666
也不想 去	100000
也不想 吃	100000
也不想 了	83333
也不想 再	83333
也不是 我	111111
也不是 不	104166
也不是 什么	90277
也不是 特别	48611
也不是 你	41666
也不是 第一次	41666
也不是 说	41666
也不理 你	533333
也不理 我	466666
也不知道 我	151898
也不知道 为什么	92827
也不知道 是	88607
也不知道 怎么	84388
也不知道 什么	63291
也不知道 你	50632
也不知道 为啥	46413
也不给 我	533333
也不给 你	466666
也不能 吃	333333
也不能 说	333333
也不能 这么	194444
也不能 发	138888
也不行 了	562500
也不说 了	687500
也不说 一声	312500
也不错 了	205882
也为 你	1000000
也为你 依然	1000000
也买 了	752941
也买 一个	58823
也买 个	58823
也买 到	58823
也今天 生日	1000000
也以为 是	1000000
也会 有	286885
也会 去	53278
也会 被	53278
也会 觉得	49180
也会 的	45081
也会 这样	36885
也会 想	32786
也会有 的	600000
也会有 机会	200000
也会有 这种	200000
也做 不到	333333
也做 了	333333
也关注 我	562500
也关注 了	437500
也准备 去	647058
也准备 买	352941
也去 了	466019
也去 看	155339
也去 看看	126213
也去 不了	116504
也去 买	77669
也去 吃	58252
也发 了	562500
也发现 了	1000000
也只 会	615384
也只 想	384615
也只有 你	736842
也只有 我	263157
也只能 这样	615384
也只能 说	384615
也可以 的	252100
也可以 去	71428
也可以 有	71428
也可以 来	50420
也可以 这么	50420
也可以 是	42016
也可能 是	1000000
也吃 了	573770
也吃 的	131147
也吃 不到	98360
也吃 到	81967
也和 你	521739
也和 我	478260
也喜欢 你	418750
也喜欢 吃	112500
也喜欢 我	93750
也喜欢 她	68750
也喜欢 看	68750
也喜欢 这	68750
也喜欢 他	62500
也喜欢 这种	43750
也回来 了	1000000
也在 看	178217
也在 等	84158
也在 想	74257
也在 那	59405
也在 找	49504
也在 这	44554
也在 减肥	39603
也太 好看	201680
也太 可爱	117647
也太 早	117647
也太 快	92436
也太 大	84033
也太 多	75630
也太 有	75630
也太 厉害	58823
也太可爱 了	1000000
也太好了 吧	1000000
也太好看 了	1000000
也太早 了	1000000
也好 想	347079
也好 喜欢	154639
也好 听	58419
也好 不	48109
也好 早	37800
也好 不到	34364
也好 了	30927
也好想 去	645161
也好想 吃	354838
也好看 的	411764
也就 那样	119718
也就 放心	105633
也就 你	91549
也就 不	77464
也就 只有	77464
也就 这样	77464
也就 那么	63380
也就 没	56338
也就放心 了	1000000
也就算 了	1000000
也差不多 了	700000
也差不多 吧	300000
也希望 你	319148
也希望 我	170212
也希望 他	148936
也希望 自己	148936
也希望 是	106382
也希望 能	106382
也并 没有	761904
也并 不是	238095
也很 喜欢	122028
也很 好	112519
也很 想	77654
也很 绝望	68145
也很 好看	58637
也很 美	55467
也很 可爱	44374
也很 无奈	39619
也得 看	190476
也得 去	142857
也得 找	142857
也得 有	142857
也得 注意	142857
也得 吃	119047
也得 是	119047
也快 了	898550
也快 到	101449
也想 去	174846
也想 吃	132924
也想 知道	118609
也想 你	94069
也想 问	60327
也想 看	51124
也想 买	50102
也想你 了	727272
也想去 看	562500
也想去 看看	437500
也想要 一个	588235
也想要 个	411764
也感冒 了	1000000
也找 不到	1000000
也早点 休息	1000000
也是 我	86581
也是 这样	48350
也是 这么	46476
也是 一种	29985
也是 你	28110
也是 有	26986
也是不 容易	642857
也是不 知道	357142
也是可以 的	1000000
也是很 有	411764
也是很 喜欢	294117
也是很 好	294117
也是我 的	518181
也是我 也	227272
也是我 生日	163636
也是我 喜欢	45454
也是我 最	45454
也是没 谁	818181
也是没 办法	181818
也是这么 想	648351
也是这么 觉得	153846
也是这么 说	120879
也是这么 认为	76923
也是这样 的	500000
也是这样 想	380000
也是这样 觉得	120000
也有 可能	117647
也有 很多	95238
也有 个	75630
也有 这种	58823
也有 一个	47619
也有 你	42016
也有 我	39215
也有可能 是	1000000
也有这种 感觉	1000000
也来 了	529411
也来 一个	313725
也来 凑热闹	156862
也比 你	520000
也比 不过	240000
也比 我	240000
也没 办法	98214
也没 说	78869
也没 人	77380
也没 见	74404
也没 看	41666
也没 那么	41666
也没 了	35714
也没 去	34226
也没什么 用	571428
也没什么 好	428571
也没有 什么	145631
也没有 用	126213
也没有 那么	106796
也没有 人	87378
也没有 你	87378
也没有 了	77669
也没用 了	352941
也没见 你	703703
也爱 你	803571
也爱 吃	136904
也爱 上	29761
也爱 他	29761
也特别 喜欢	705882
也特别 多	294117
也看 了	773584
也看 出来	132075
也看 完	94339
也看到 了	857142
也看到 你	142857
也知道 你	236842
也知道 我	210526
也知道 了	184210
也知道 是	184210
也祝福 你	1000000
也给 我	533333
也给 你	366666
也给 了	100000
也能 看	118421
也能 这么	118421
也能 像	78947
也能 吃	78947
也能 有	78947
也能 看到	78947
也能 被	78947
也行 吧	229166
也行 的	187500
也被 我	538461
也被 你	461538
也要 去	182910
也要 吃	66755
也要 注意	48064
也要 加油	46728
也要 好好	44058
也要 看	40053
也要 来	33377
也要 快乐	30707
也要去 看	600000
也要去 买	400000
也要好好 的	476190
也要好好 照顾	285714
也要好好 休息	238095
也要注意 身体	1000000
也觉得 我	182242
也觉得 是	182242
也觉得 好	116822
也觉得 她	46728
也觉得 他	42056
也觉得 自己	42056
也觉得 不	37383
也许 是	232653
也许 吧	167346
也许 你	85714
也许 会	77551
也许 有	53061
也许 我	44897
也许 就是	40816
也许 他	36734
也说 了	500000
也说 我	205882
也跟 你	680000
也跟 我	320000
也还 没	475728
也还 不错	145631
也还 在	135922
也还 没有	87378
也还 不	58252
也还好 吧	615384
也这么 觉得	568047
也这么 想	201183
也这么 认为	94674
也这么 说	88757
也这么 早	47337
也这么想 的	1000000
也这样 觉得	388888
也这样 想	250000
也这样 有些	222222
也这样 的	138888
也遇到 了	500000
也都 是	673913
也都 在	217391
习惯 了	712000
习惯 的	136000
习惯 就	112000
书 的	125000
书 都	121875
书 了	109375
书 看	59375
书 我	56250
书 里	56250
书 是	50000
书都 没	642857
书都 是	357142
买 了	255959
买 的	245345
买 个	66817
买 到	52897
买 东西	21054
买 一个	19662
买 什么	19314
买不 买	1000000
买不到 了	684210
买不起 了	600000
买东西 的	280000
买东西 了	240000
买东西 去	200000
买个 小	384615
买个 好	307692
买个 新	307692
买了 个	191983
买了 一个	82278
买了 什么	52742
买了 好多	48523
买了 吗	37974
买了 一堆	35864
买了 两个	33755
买了 多少	29535
买什么 了	1000000
买什么了 吗	1000000
买到 了	533333
买到 的	320000
买吃 的	1000000
买好 了	837837
买好 的	162162
买好吃 的	1000000
买房 了	750000
买房 的	250000
买手机 了	352941
买手机 送	294117
买新 的	750000
买新 衣服	250000
买来 的	421052
买来 着	315789
买来 吃	263157
买点 东西	500000
买点 什么	250000
买点 好吃	250000
买的 是	100864
买的 时候	95100
买的 吗	89337
买的 都	54755
买的 什么	48991
买的 东西	43227
买的 也	40345
买票 了	500000
买票 的	204545
买票 去	113636
买给 我	666666
买给 你	333333
买衣服 的	666666
买衣服 了	333333
买车 了	1000000
买这么 多	1000000
买那么 多	1000000
乱七八糟 的	1000000
乱说 的	687500
乱说 了	312500
了 吗	76980
了 我	57625
了 吧	54604
了 你	42759
了 就	28396
了 么	24412
了 呢	17515
了一 晚上	415300
了一 下午	278688
了一 地	76502
了一 小时	65573
了一 人	43715
了一 早上	32786
了一 本书	32786
了一 整个	27322
了一下 我	500000
了一下 你	272727
了一下 没	227272
了一个 世纪	229050
了一个 人	201117
了一个 小时	134078
了一个 星期	128491
了一个 字	67039
了一个 新	67039
了一个 晚上	61452
了一个 下午	44692
了一个世纪 时髦	1000000
了一个多 小时	843750
了一个多 星期	156250
了一个月 了	576923
了一个月 的	423076
了一天 的	490566
了一天 了	396226
了一定 要	750000
了一定 会	250000
了一年 多	484848
了一年 的	272727
了一年 了	242424
了三个 月	541666
了三个 小时	458333
了不 知道	293650
了不 就	111111
了不 开心	95238
了不 带	63492
了不 好看	55555
了不 说	55555
了不 适合	55555
了不少 钱	428571
了不行 了	538461
了不起 了	320000
了不起 的	180000
了不起 吗	120000
了不过 我	772727
了不过 你	227272
了两个 小时	488372
了两个 月	255813
了两个 多	139534
了两个 星期	116279
了两天 了	666666
了两天 的	333333
了个 大	276315
了个 去	223684
了个 小	157894
了个 好	78947
了个 厕所	65789
了个 新	65789
了个 苹果	65789
了么 么	466666
了么 你	266666
了么 我	155555
了么 就	111111
了之后 就	500000
了之后 我	250000
了之后 才	250000
了也 不	187265
了也 是	176029
了也 没	104868
了也 会	101123
了也 没用	67415
了也 没有	56179
了也 不会	52434
了也 就	48689
了也不 知道	538461
了也不 说	461538
了些 什么	1000000
了亲爱 的	1000000
了什么 事	205882
了什么 都	191176
了什么 时候	117647
了什么 不得了	102941
了什么 东西	88235
了什么 事情	73529
了什么 叫	73529
了今天 的	722222
了今天 我	277777
了他 的	545454
了他 也	145454
了他 就	127272
了他 说	90909
了他 还	90909
了他们 的	1000000
了以后 我	416666
了以后 就	333333
了以后 你	250000
了会 有	302325
了会 产生	279069
了会 不会	255813
了但是 我	571428
了但是 没	214285
了但是 还是	214285
了你 的	232159
了你 也	68506
了你 就	59942
了你 还	56137
了你 要	31398
了你 是	27592
了你 不	26641
了你 了	25689
了你也 不	423076
了你也 是	346153
了你也 不会	230769
了你们 的	545454
了你们 也	227272
了你们 都	227272
了你就 知道	615384
了你就 不	384615
了你的 心	375000
了你的 图	312500
了你的 生活	312500
了你还 不	526315
了你还 没	473684
了再 去	268292
了再 看	121951
了再 吃	109756
了再 来	97560
了再 买	85365
了再 不	73170
了再 告诉	60975
了再 想	60975
了几个 月	517241
了几个 小时	310344
了几个 字	172413
了别人 的	1000000
了到 现在	571428
了到 了	428571
了北方 的	1000000
了半个 月	514285
了半个 小时	485714
了半天 才	562500
了半天 没	437500
了厉害 了	1000000
了去 了	666666
了去 吃	214285
了去 看	119047
了又 开始	203125
了又 说	156250
了又 不	109375
了又 要	109375
了又 想	93750
了又 没	93750
了又 来	78125
了又 能	78125
了只 导盲犬	611111
了只 想	388888
了吃 了	555555
了吃 的	444444
了吗 我	390625
了吗 你	171875
了吗 亲	93750
了吗 哈哈	93750
了吗 怎么	93750
了吗 就	78125
了吗 还是	78125
了吧 你	367647
了吧 我	338235
了吧 哈哈	147058
了吧 应该	73529
了吧 现在	73529
了告诉 我	571428
了告诉 你	428571
了和 你	454545
了和 他	272727
了和 我	272727
了唯一 的	1000000
了唯一的 一次	1000000
了啊 我	333333
了啊 你	200000
了啊 哈哈	183333
了啊 亲	100000
了啊 这	100000
了啊 我们	83333
了多 大	687500
了多 好	312500
了多久 了	388888
了多少 钱	387500
了多少 次	225000
了多少 个	150000
了多少 人	100000
了多少 年	75000
了太 多	1000000
了她 的	736842
了她 要	263157
了好 吗	285714
了好 吧	125714
了好 几天	122857
了好 几次	108571
了好 么	91428
了好 了	77142
了好 多次	62857
了好 不	45714
了好久 了	452380
了好久 的	226190
了好久 才	154761
了好久 都	107142
了好久 终于	59523
了好多 了	133333
了好多 人	106666
了好多 我	106666
了好多 东西	93333
了好多 书	66666
了好多 事	66666
了好多 呢	66666
了它 的	571428
了它 就	428571
了完 了	1000000
了对 吧	282608
了对 不	195652
了对 了	195652
了对 你	108695
了对 吗	108695
了对 我	108695
了就 好	149717
了就 不	94632
了就 会	69209
了就 去	48022
了就 没	42372
了就 可以	35310
了就 知道	29661
了就好 了	1000000
了就退休 吗	1000000
了带 我	562500
了带 你	437500
了应该 是	615384
了应该 会	384615
了很 多次	652173
了很 尴尬	347826
了很多 人	314285
了很多 东西	171428
了很多 的	171428
了快 了	823529
了快 去	88235
了快 来	88235
了怕 了	594594
了怕 你	135135
了怕 是	135135
了怕 被	135135
了想 吃	642857
了想 你	357142
了我 的	222434
了我 也	79031
了我 就	72020
了我 还	48438
了我 要	45889
了我 都	40152
了我 是	28680
了我 觉得	26131
了我也 是	450000
了我也 想	183333
了我也 要	166666
了我也 不	116666
了我也 没	83333
了我们 的	383333
了我们 都	150000
了我们 就	116666
了我们 生活	100000
了我们 一起	83333
了我们 也	83333
了我们 再	83333
了我可以 去	1000000
了我就 去	391304
了我就 告诉	347826
了我就 没	260869
了我的 心声	392857
了我的 心	178571
了我的 注意	160714
了我的 想象	142857
了我的 小	125000
了我觉得 我	1000000
了我还 没	617647
了我还 在	205882
了我还 以为	176470
了所以 我	538461
了所以 就	461538
了才 有	375000
了才 知道	284090
了才 会	193181
了才 发现	147727
了才有 力气	1000000
了找 你	580645
了找 不到	258064
了找 我	161290
了新 的	666666
了新 高度	194444
了新 男友	138888
了是 吧	302702
了是 吗	178378
了是 不	118918
了是 么	91891
了是 什么	81081
了是 我	70270
了是 真的	48648
了是 了	43243
了有 一个	432432
了有 什么	243243
了有 了	189189
了有 时间	135135
了来 了	666666
了来 找	177777
了来 着	155555
了次 大学	1000000
了没 人	171052
了没 办法	118421
了没 时间	105263
了没 呢	92105
了没 得	92105
了没 看	92105
了没 去	65789
了点 吧	580645
了点 什么	419354
了现在 的	307692
了现在 还	307692
了现在 在	192307
了现在 已经	192307
了的 人	173913
了的 感觉	173913
了的 时候	156521
了的 意思	69565
了的 我	60869
了的 吧	52173
了的 样子	52173
了看 了	410256
了看 你	256410
了看 我	179487
了看 这种	153846
了真 好	705882
了真 爱	294117
了真的 是	375000
了真的 会	333333
了等 我	576923
了等 你	423076
了给 你	513513
了给 我	486486
了给你 说	368421
了给你 打电话	315789
了给你 看	315789
了给我 说	625000
了给我 打电话	375000
了老 了	750000
了老 心	250000
了能 不能	1000000
了自己 的	1000000
了行 了	533333
了行 不	466666
了要 不	409090
了要 去	318181
了要 不要	272727
了解 一下	461538
了解 我	151767
了解 你	70686
了解 了	60291
了解 的	51975
了解 下	41580
了解 他	24948
了解 她	20790
了解你 的	538461
了解你 了	461538
了解我 了	500000
了解我 的	500000
了让 你	451612
了让 我	354838
了让 人	193548
了请 你	481481
了请 我	333333
了请 吃饭	185185
了谁 的	538461
了谁 都	461538
了跟 你	642857
了跟 我	357142
了辛苦 了	1000000
了还 不	205479
了还 没	198630
了还 能	116438
了还 在	102739
了还 得	58219
了还 想	54794
了还 没有	44520
了还 这么	41095
了还是 没	393939
了还是 有	212121
了还是 要	212121
了还是 怎么	181818
了还没 到	647058
了还没 睡着	352941
了这 是	296296
了这 几天	135802
了这 条	135802
了这 只	123456
了这 首歌	111111
了这 段	74074
了这 不是	61728
了这 两天	61728
了这么 多	678899
了这么 多年	211009
了这么 大	64220
了这么 多次	45871
了这么久 了	1000000
了那 就	423076
了那 我	269230
了那 你	211538
了那 是	96153
了那么 多	931034
了那么 多次	68965
了都 是	352941
了都 不	209150
了都 没	196078
了都 要	78431
了都 会	58823
了都 没有	39215
了都 快	32679
事 了	137614
事 都	85626
事 就	47910
事 我	45871
事 是	41794
事 的	37716
事 就是	33639
事事 顺心	1000000
事儿 了	282608
事儿 都	119565
事儿 的	97826
事儿 我	86956
事儿 你	76086
事儿 呢	65217
事儿 多	65217
事太 多	1000000
事实 是	281250
事实 就是	218750
事实 说话	171875
事实 了	78125
事实 而已	78125
事情 都	117903
事情 的	74235
事情 了	69868
事情 就	52401
事情 你	41484
事情 做	39301
事情 发生	32751
事情太 多	1000000
事情想 说来	1000000
事情想说来 着	1000000
事都 是	407407
事都 会	370370
事都 要	222222
二 的	147058
二 了	113445
二 师兄	100840
二 字	84033
二 是	71428
二 狗子	54621
二 技能	46218
二人 世界	1000000
二代 妖精	578947
二代 的	421052
二十 号	451612
二十 来	354838
二十 了	193548
于 我	228070
于 江湖	192982
于 你	140350
于 心	140350
于 朦胧	122807
于 呵呵	87719
于 正	87719
于是 我	777777
于是 就	222222
云南 的	372093
云南 了	232558
云南 人	162790
云南 是	116279
互动 了	461538
互动 太	269230
互动 的	269230
互换 的	1000000
互相 伤害	335570
互相 喜欢	194630
互相 关注	167785
互相 取暖	46979
互相 聊起来	40268
互相 都	40268
互相 鼓励	40268
互相 不	33557
互相伤害 吧	294117
互相喜欢 的	1000000
互相喜欢的 人	1000000
五 的	245901
五 到	131147
五 黑	131147
五 了	114754
五 好	98360
五 人	81967
五 教	81967
五一 快乐	287356
五一 去	114942
五一 回家	114942
五一 不	80459
五一 回来	80459
五一 来	80459
五一 假期	68965
五一 之后	57471
五个 人	327586
五个 月	327586
五个 字	189655
五个 小时	155172
五块 钱	1000000
五天 了	1000000
五年 了	342105
五年 前	263157
五年 的	236842
五年 后	157894
五月 初	310344
五月 的	275862
五月 快乐	241379
五月 中旬	172413
五月天 哥哥	520547
五月天 的	301369
五月天 演唱会	95890
五月天 和	82191
五月天哥哥 们	1000000
五点 多	419354
五点 就	225806
五点 才	129032
五点 的	129032
五点 了	96774
些 什么	750000
些 吧	113636
些 啥子	60606
些 了	37878
交期 已经	100
交期 确认	90
交期 可以	80
交期 调整	70
交流 下	219512
交流 一下	170731
交流 的	170731
交流 了	146341
交流 交流	146341
交流 吧	146341
交给 你	682539
交给 我	222222
交给 时间	95238
交给你 了	1000000
产品 资料	100
产品 规格	90
产品 质量	80
产品 价格	70
产生 了	307692
产生 幻觉	269230
产生 的	230769
产生 美	192307
享受 生活	222222
享受 了	126984
享受 的	119047
享受 吧	111111
享受 一下	87301
享受 你	87301
享受 当下	47619
京东 买	421052
京东 的	315789
京东 上	263157
亮点 是	363636
亮点 在	318181
亲 你	300970
亲 我	139158
亲 的	135922
亲 们	93851
亲 这	45307
亲 一口	38834
亲 了	38834
亲 一下	35598
亲亲 抱抱	397058
亲亲 你	250000
亲亲 我	191176
亲亲 要	88235
亲亲 了	73529
亲你 的	250000
亲你 在	214285
亲你 一口	178571
亲你 可以	178571
亲你 是	178571
亲密 的	611111
亲密 接触	388888
亲戚 了	250000
亲戚 的	214285
亲戚 在	178571
亲戚 来	178571
亲戚 都	178571
亲爱 的	1000000
亲爱的 你	590909
亲爱的 我	245454
亲爱的 小	63636
亲爱的 姐姐	54545
亲爱的 朋友	45454
亲生 的	1000000
亲的 她	1000000
亲自 去	473684
亲自 下厨	263157
亲自 给	263157
人 都	84643
人 的	72873
人 了	39338
人 在	27005
人 是	24909
人 不	23135
人 多	22410
人一 到	1000000
人一起 去	684210
人一起 吃	315789
人不 多	385321
人不 喜欢	155963
人不 知道	128440
人不 一样	73394
人不 在	64220
人不 好看	55045
人不 可以	45871
人不 容易	45871
人与 人	1000000
人也 是	330000
人也 不	130000
人也 要	90000
人也 会	80000
人也 能	80000
人也 可以	70000
人也 有	50000
人了 怎么办	285714
人了 吧	261904
人了 你	166666
人了 吗	166666
人人 都	1000000
人以后 会	1000000
人以后会 便宜	1000000
人们 的	615384
人们 在	384615
人你 一定	333333
人你 就	333333
人你 的	333333
人做 的	523809
人做 朋友	476190
人儿 也	388888
人去 的	309523
人去 看	273809
人去 南方	202380
人去 了	71428
人去 吃	71428
人去 吗	71428
人去南方 上	1000000
人反对 吧	1000000
人反驳 吧	1000000
人吃 的	580645
人吃 了	419354
人告诉 我	615384
人告诉 你	384615
人和 我	531914
人和 不	191489
人和 人	148936
人和 你	127659
人品 好	290322
人品 大	145161
人品 了	129032
人品 爆发	129032
人品 的	129032
人品 不好	96774
人喜欢 你	277777
人喜欢 我	222222
人喜欢 的	194444
人喜欢 了	166666
人喜欢 吃	138888
人在 一起	550561
人在 外面	123595
人在 做	101123
人在 宿舍	101123
人在 哪	67415
人在 哪里	56179
人多 了	222222
人多 吗	192592
人多 的	177777
人多 不	118518
人多 作怪	74074
人多 热闹	74074
人多 好	51851
人多 到	44444
人太 多	893442
人太 少	106557
人太多 了	1000000
人家 的	99624
人家 是	83646
人家 都	69548
人家 不	51691
人家 说	51691
人家 有	35714
人家 也	34774
人家 在	26315
人家不 上	421052
人家不 喜欢	315789
人家不 愿意	263157
人家名声 都	1000000
人家是 有	375000
人家是 在	312500
人家是 小	312500
人家给 我	647058
人家给 你	352941
人家都 是	526315
人家都 说	473684
人就 好	265306
人就 会	224489
人就 不	183673
人就 不能	122448
人就 在	102040
人就 该	102040
人就是 我	205882
人就是 不	176470
人就是 你	176470
人就是 太	147058
人就是 爱	147058
人就是 这样	147058
人很 好	782608
人很 有	217391
人性 的	791666
人总 有	538461
人总 要	461538
人我 就	333333
人我 也	242424
人我 都	242424
人我 不	181818
人才 会	379746
人才 是	227848
人才 能	177215
人才 现在	75949
人是 谁	250000
人是 你	159722
人是 我	152777
人是 什么	83333
人是 不	55555
人是 真的	48611
人是 个	41666
人是 不会	34722
人更 美	739130
人更 多	260869
人有 多	464285
人有 什么	357142
人有 每个	178571
人没事 就	615384
人没事 最	384615
人理 你	583333
人理 我	416666
人生 的	108888
人生 就是	75555
人生 赢家	68888
人生 苦短	60000
人生 中	53333
人生 晚安	53333
人生 不	51111
人生就是 一场	538461
人生就是 这样	461538
人的 时候	245454
人的 事	54545
人的 暖气费	54545
人的 生活	50000
人的 地方	45454
人的 感觉	45454
人的 世界	40909
人的 一生	31818
人看 电影	459459
人看 的	324324
人看 了	216216
人真 好	483870
人真 多	354838
人真 会	161290
人真的 是	444444
人真的 不	259259
人知道 你	375000
人知道 我	312500
人知道 的	312500
人类 的	833333
人类 了	166666
人给 我	619047
人给 你	380952
人群 中	769230
人群 里	230769
人老 了	1000000
人要 了	159090
人要 我	159090
人要 的	159090
人要 吗	136363
人要 回家	113636
人要 有	113636
人觉得 尴尬	380952
人觉得 我	380952
人觉得 你	238095
人说 我	287500
人说 你	225000
人说 的	225000
人说 了	112500
人跟 我	557692
人跟 你	346153
人跟 人	96153
人还 在	588235
人还 没	196078
人还 不	117647
人还 会	98039
人那么 多	687500
人那么 少	312500
人都 有	181294
人都 是	161151
人都 不	66187
人都 会	63309
人都 在	61870
人都 能	48920
人都 没有	44604
人都 说	44604
人都不好 了	1000000
人都是 这样	473684
人都是 你	263157
人都是 有	263157
人都有 自己	641025
人都有 喜欢	205128
人都有 的	153846
人都这么 说	1000000
人长 得	555555
人长 的	444444
人间 有	464285
人间 的	321428
人间 仙子	214285
什么 时候	100
什么 问题	90
什么 情况	80
什么 地方	70
什么不 对	450000
什么不 开心	300000
什么不 一样	250000
什么专业 的	608695
什么也 没	484848
什么也 不	363636
什么也 不想	151515
什么了 吗	1000000
什么事 都	363636
什么事 了	284090
什么事 是	79545
什么事 吗	68181
什么事情 都	1000000
什么人 都	444444
什么人 设	185185
什么关系 呢	461538
什么叫 又	500000
什么叫 我	250000
什么叫 母爱	250000
什么吃 的	562500
什么吃 什么	437500
什么名字 了	250000
什么品种 的	411764
什么大 实话	1000000
什么好 的	272727
什么好 呢	257575
什么好 东西	227272
什么好 说	90909
什么好 办法	75757
什么好 怕	75757
什么好吃 的	1000000
什么好玩 的	1000000
什么好看 的	1000000
什么就 吃	538461
什么就 说	461538
什么情况 下	350000
什么意思 呢	141025
什么意思 你	76923
什么意思 不	64102
什么意思 了	64102
什么意思 我	64102
什么我 都	782608
什么我 也	217391
什么时候 来	77800
什么时候 回来	63044
什么时候 去	61032
什么时候 能	58350
什么时候 回	47619
什么时候 和	38900
什么时候 放假	35546
什么时候 有	32863
什么时候去 学校	391304
什么时候去 的	260869
什么时候回 学校	1000000
什么时候回来 呢	272727
什么时候来 南京	333333
什么时候来 拿	333333
什么时候的 事	1000000
什么时候都 可以	375000
什么时候都 不	312500
什么时候都 能	312500
什么来 着	1000000
什么样 的	853211
什么样 了	100917
什么样 都	22935
什么样子 的	642857
什么样子 了	357142
什么样的 人	406250
什么样的 男生	250000
什么样的 人才	187500
什么样的 情话	156250
什么牌子 的	883333
什么的 都	194805
什么的 最	129870
什么的 就	90909
什么的 不	77922
什么的 也	71428
什么的 吗	64935
什么的 我	58441
什么类型 的	1000000
什么结束 的	1000000
什么让 你	1000000
什么跟 什么	1000000
什么都 不	147011
什么都 没	135702
什么都 没有	84006
什么都 对	74313
什么都 是	67851
什么都 好	50080
什么都 有	45234
什么都 可以	40387
什么都不 知道	785714
什么都不 做	214285
什么都没 说	375000
什么都没 吃	166666
什么都没 做	125000
什么都没 看到	125000
什么都没 了	104166
什么都没 发生	104166
什么颜色 的	807692
仅仅 是	1000000
仇恨 的	571428
仇恨 了	428571
今 早	716814
今 个	132743
今 早上	53097
今 次	53097
今 中午	44247
今儿 不	170731
今儿 晚上	170731
今儿 没	146341
今儿 还	146341
今儿 去	121951
今儿 我	121951
今儿 是	121951
今后 的	615384
今后 一定	384615
今天 上午	100
今天 下午	90
今天 晚上	80
今天 开始	70
今天下午 去	538461
今天下午 我	461538
今天不 上班	791666
今天不 知道	208333
今天也 是	504424
今天也 在	106194
今天也 去	88495
今天也 要	88495
今天也 有	61946
今天也 不	44247
今天也 吃	44247
今天也是 我	814814
今天也是 喜欢	185185
今天买 了	1000000
今天去 了	441176
今天去 看	411764
今天去 的	147058
今天又 是	320000
今天又 去	220000
今天又 没	140000
今天又 来	120000
今天又 不	100000
今天又 要	100000
今天吃 了	731707
今天吃 的	268292
今天天气 不错	305555
今天天气 好	250000
今天天气 真	166666
今天天气 还	138888
今天就 去	368421
今天就 开始	368421
今天就 没	263157
今天开始 我	1000000
今天怎么 了	615384
今天怎么 没	384615
今天我 生日	337078
今天我 也	269662
今天我 去	89887
今天我 就	89887
今天我 出门	78651
今天我 的	67415
今天我 要	67415
今天才 知道	413793
今天才 发现	344827
今天才 看到	241379
今天早上 我	411764
今天早上 又	294117
今天早上 的	294117
今天是 我	444444
今天是 你	194444
今天是 个	152777
今天是 什么	138888
今天是 农历	69444
今天是我 的	555555
今天是我 生日	444444
今天晚上 我	189189
今天晚上 的	189189
今天晚上 又	162162
今天晚上 吃	162162
今天晚上 就	162162
今天晚上 去	135135
今天没 去	1000000
今天的 你	432432
今天的 我	270270
今天的 天气	162162
今天的 早餐	135135
今天看 了	807692
今天看 的	192307
今天真的 特别	708333
今天真的 好	291666
今天真的特别 美	1000000
今天穿 的	562500
今天穿 了	437500
今天要 去	700000
今天要 开心	300000
今天还 在	365853
今天还 没	268292
今天还 会	121951
今天还 没有	121951
今天还 能	121951
今天都 没	600000
今天都 是	400000
今年 的	179310
今年 都	55172
今年 我	52873
今年 也	50574
今年 是	50574
今年 还	50574
今年 一定	43678
今年 不	36781
今日 最佳	411764
今日 小雪	294117
今日 我	294117
今晚 的	99236
今晚 我	87786
今晚 就	83969
今晚 要	57251
今晚 有	49618
今晚 吃	40076
今晚 你	38167
今晚 都	36259
今晚都 好	1000000
介意 我	533333
介意 的	466666
介绍 一下	100
介绍 产品	90
介绍 方案	80
介绍 功能	70
介绍个 对象	571428
介绍个 女朋友	428571
介绍给 我	525423
介绍给 你	474576
仍 是	684210
仍 有	315789
从 你	83333
从 我	67948
从 哪里	64102
从 哪	50000
从 今天	39743
从 上海	26923
从 现在	25641
从一 开始	1000000
从今天 开始	1000000
从今天开始 我	1000000
从你 的	1000000
从前 有	705882
从前 的	294117
从哪 来	533333
从哪 看	466666
从哪里 来	700000
从哪里 看	300000
从小 就	641975
从小 培养	74074
从小 就是	74074
从小 美	74074
从小 被	74074
从小 都	61728
从小到大 都	705882
从小到大 没	294117
从来 没	381201
从来 没有	308093
从来 都	211488
从来 就	65274
从来 没吃过	20887
从来 不敢	13054
从来不 会	285714
从来不 是	160714
从来不 看	160714
从来不 用	142857
从来不 说	142857
从来不 吃	107142
从来就 没	538461
从来就 没有	461538
从来没 见	305555
从来没 中	138888
从来没 去过	138888
从来没 在	138888
从来没 想	138888
从来没 这么	138888
从来没有 用	294117
从来没有 黑	294117
从来都 是	426229
从来都 不	295081
从来都 没有	147540
从来都 没	131147
从没 见	1000000
从现在 开始	1000000
仔细 看	442748
仔细 看看	190839
仔细 想想	91603
仔细 的	76335
仔细 找	38167
仔细一 看	1000000
他 说	100
他 已经	90
他 正在	80
他 可能	70
他一直 都	600000
他一直 在	400000
他不 爱	245901
他不 喜欢	229508
他不 在	180327
他不 知道	163934
他不 给	98360
他不 回	81967
他也 是	250000
他也 不	227272
他也 没	113636
他也 会	79545
他也 喜欢	79545
他也 不会	68181
他也 在	68181
他也 不是	56818
他买 了	612903
他买 的	387096
他们 已经	100
他们 正在	90
他们 可以	80
他们 觉得	70
他们也 不	571428
他们也 是	428571
他们在 一起	1000000
他们家 的	1000000
他们说 我	687500
他们说 的	312500
他们都 是	412698
他们都 说	222222
他们都 在家	190476
他们都 不	174603
他俩 也	250000
他俩 在	214285
他俩 一起	178571
他俩 的	178571
他俩 都	178571
他做 的	611111
他做 了	388888
他和 我	386363
他和 你	318181
他和 他	181818
他和 好	113636
他喜欢 我	363636
他喜欢 的	363636
他喜欢 你	272727
他在 一起	1000000
他家 的	1000000
他对 我	470588
他对 你	294117
他对 辣椒	235294
他就 请客	226190
他就 会	190476
他就 好	130952
他就 不	71428
他就 不能	71428
他就 在	71428
他就 不是	59523
他就 想	59523
他很 好	400000
他很 爱	350000
他很 喜欢	250000
他是 我	206521
他是 个	163043
他是 你	119565
他是 谁	119565
他是 我们	76086
他是 一个	65217
他是 不	65217
他是 在	65217
他有 女朋友	666666
他有 了	333333
他来 了	736842
他来 找	263157
他比 我	1000000
他爱 我	652173
他爱 你	347826
他现在 还有	1000000
他的 时候	201680
他的 人	168067
他的 声音	75630
他的 小	58823
他的 手	58823
他的 行为	58823
他的 书	50420
他的 名字	50420
他真的 好	388888
他真的 是	277777
他给 我	625000
他给 你	270833
他给 的	104166
他自己 也	360000
他自己 的	360000
他自己 说	280000
他说 他	330935
他说 的	244604
他说 我	158273
他说 你	79136
他说 了	64748
他说 不	43165
他说 是	43165
他说 一声	35971
他跟 我	750000
他跟 你	250000
他还 在	377777
他还 没	288888
他还 会	111111
他还 能	111111
他还 问	111111
他都 不	408163
他都 是	204081
他都 会	183673
他都 没	102040
他都 要	102040
付出 了	534482
付出 的	275862
付出 都	103448
付出 那么	86206
付款 已经	100
付款 安排	90
付款 方式	80
付款 时间	70
仙女 的	119565
仙女 你	92391
仙女 了	81521
仙女 是	70652
仙女 都	70652
仙女 本人	65217
仙女 来	48913
代表 我	188034
代表 你	153846
代表 不了	76923
代表 她	76923
代表 不	68376
代表 什么	68376
代表 他	68376
代表 别人	68376
代购 的	562500
代购 吗	437500
以 我	347222
以 你	333333
以 的	97222
以 实力	69444
以 爱	69444
以上 的	822580
以上 才	96774
以上 了	80645
以上的 有	1000000
以下 的	459459
以下 全	297297
以下 都	243243
以为 你	385371
以为 是	186681
以为 我	114082
以为 自己	26746
以为 只有	19650
以为 他	16921
以为 你们	15283
以为 我们	13646
以为你 是	210242
以为你 在	102425
以为你 要	94339
以为你 说	80862
以为你 会	61994
以为你 去	51212
以为你 又	40431
以为你 有	40431
以为北方 人	1000000
以为只有 我	761904
以为只有 我们	238095
以为就 我	1000000
以为我 是	400000
以为我 不	215384
以为我 在	123076
以为我 没	92307
以为我 的	92307
以为我 去	76923
以为是 你	390804
以为是 我	241379
以为是 什么	68965
以为是 在	68965
以为是 个	57471
以为是 他	57471
以为是 你们	57471
以为是 要	57471
以为自己 是	647058
以你 为	600000
以你 的	400000
以前 的	173431
以前 也	74723
以前 我	62730
以前 是	47970
以前 都	47970
以前 在	36900
以前 不	33210
以前 没	33210
以前也 是	625000
以前也 有	187500
以前也 没	187500
以前我 也	1000000
以前的 照片	542857
以前的 你	228571
以前的 我	228571
以前都 是	793103
以前都 不	206896
以后 可以	100
以后 再说	90
以后 使用	80
以后 继续	70
以后一定 要	576923
以后一定 会	423076
以后也 要	389830
以后也 会	305084
以后也 不会	118644
以后也 不	101694
以后也 能	84745
以后会 便宜	358490
以后会 有	283018
以后会 不会	169811
以后会便宜 了	1000000
以后你 会	370370
以后你 就	333333
以后你 就是	296296
以后就 没	228571
以后就 不	171428
以后就 可以	171428
以后就 会	142857
以后就 叫	142857
以后我 就	555555
以后我 不	222222
以后我 也	222222
以后有 机会	903225
以后有 时间	96774
以后有机会 去	687500
以后有机会 再	312500
以后的 日子	380952
以后的 路	333333
以后的 生活	285714
以后还 会	692307
以后还 能	307692
以后都 不	476190
以后都 是	285714
以后都 在	238095
们 都	254335
们 的	167630
们 好	31791
们 一起	28901
们 也	28901
们 在	28901
们 不	26011
们 加油	26011
价格 可以	100
价格 已经	90
价格 比较	80
价格 确认	70
任 的	454545
任 你	393939
任 该	151515
任何 一个	162162
任何 事	153153
任何 问题	117117
任何 要求	108108
任何 事情	90090
任何 时候	90090
任何 东西	81081
任何 反驳	72072
任务 就	375000
任务 了	312500
任务 都	312500
任性 了	319148
任性 的	319148
任性 吗	106382
份子 钱	1000000
仿佛 看到	547169
仿佛 听到	188679
仿佛 在	169811
仿佛 看见	94339
仿佛看到 了	1000000
企鹅 欺负	843750
企鹅 的	156250
企鹅欺负 了	1000000
休假 了	548387
休假 的	290322
休假 呢	161290
休息 一下	100
休息 好了	90
休息 以后	80
休息 时间	70
休息的 时候	1000000
优点 了	538461
优点 就是	461538
优秀 的	694444
优秀 了	194444
优秀 吗	44444
优秀 呢	27777
优秀的 人	756097
优秀的 你	121951
优秀的 小	121951
优雅 的	636363
优雅 又	363636
伙食 不错	625000
伙食 也	187500
伙食 好	187500
会 有	98811
会 不会	69111
会 的	44125
会 好	32151
会 被	25928
会 去	19328
会 是	15934
会一直 支持	414634
会一直 疯狂	414634
会一直 在	170731
会一直支持 你	1000000
会一直疯狂 为	1000000
会上 吗	642857
会上 新	357142
会上瘾 的	1000000
会不 一样	434782
会不 开心	347826
会不 舒服	217391
会不会 被	107023
会不会 有	86956
会不会 太	76923
会不会 是	76923
会不会 也	46822
会不会 给	40133
会不会 好	36789
会便宜 了	1000000
会便宜了 谁	1000000
会做 的	571428
会做 可乐	428571
会做饭 的	1000000
会再 来	562500
会再 去	437500
会出现 在	500000
会出现 的	500000
会努力 的	1000000
会去 的	435483
会去 看	274193
会去 找	193548
会去 买	96774
会发生 什么	571428
会发生 在	428571
会变 好	588235
会变 的	264705
会变 大	147058
会后悔 的	1000000
会告诉 你	1000000
会员 了	256097
会员 的	195121
会员 可以	134146
会员 发	73170
会员 吗	73170
会员 都	73170
会员 吧	60975
会和 你	625000
会和 我	375000
会喜欢 的	437500
会喜欢 你	281250
会喜欢 我	281250
会回来 的	1000000
会在 榜首	372549
会在 一起	333333
会在 他	98039
会在 你	98039
会在 这	98039
会在榜首 或者	1000000
会好 的	412408
会好 起来	299270
会好 点	109489
会好 很多	72992
会好 一点	51094
会好 了	36496
会好 一些	18248
会好好 的	687500
会好好 努力	312500
会好起来 的	1000000
会对 你	571428
会对 他	428571
会幸福 的	1000000
会很 好	242424
会很 开心	242424
会很 辛苦	106060
会很 喜欢	90909
会很 生气	90909
会很 好看	75757
会很 幸福	75757
会很 难受	75757
会怎么 做	1000000
会想 你	729729
会想 我	270270
会想你 的	1000000
会成功 的	1000000
会打 你	615384
会打 我	384615
会找 你	600000
会找 不到	400000
会把 你	536585
会把 我	292682
会把 自己	170731
会拍照 的	1000000
会是 什么	700000
会是 你	116666
会是 我	100000
会是 怎样	83333
会是什么 样子	1000000
会更 多	571428
会更 长久	428571
会更好 的	650000
会更好 看	350000
会有 的	329457
会有 机会	69767
会有 很多	56201
会有 最	50387
会有 那么	40697
会有 更	32945
会有 这么	31007
会有 这种	31007
会有最 美好	1000000
会有机会 的	1000000
会有那么 一天	533333
会有那么 多	466666
会来 的	687500
会来 找	312500
会死 吗	266666
会死 的	266666
会死 人	233333
会比 你	500000
会比 我	500000
会爱 上	769230
会爱 你	230769
会的 会	833333
会的 呢	83333
会的 谢谢	83333
会给 你	639344
会给 我	245901
会给 他	114754
会被 人	297872
会被 打	297872
会被 你	148936
会被 感动	127659
会被 黑	127659
会觉得 你	281250
会觉得 我	218750
会觉得 自己	218750
会让 你	427272
会让 人	236363
会让 我	154545
会让 我们	81818
会让 他	54545
会让 自己	45454
会议 时间	100
会议 已经	90
会议 开始	80
会议 结束	70
会说 我	533333
会说 了	466666
会说话 了	448275
会说话 的	379310
会越来越 好	862068
会越来越 多	137931
会越来越好 的	1000000
会跟 你	600000
会跟 我	400000
会过 的	580645
会过 得	419354
会过去 的	1000000
会这么 说	684210
会这么 认为	315789
会远 吗	1000000
会遇到 的	437500
会遇到 一个	281250
会遇到 更好	281250
伟大 的	804347
伟大 了	195652
传 的	361445
传 了	132530
传 照片	72289
传 里	72289
传 不	60240
传 个	60240
传 也	60240
传 就	60240
传授 一下	360000
传授 经验	240000
传授 下	200000
传授 点	200000
传播 正	421052
传播 的	315789
传播 了	263157
传染 了	515151
传染 的	303030
传染 感冒	181818
传给 你	636363
传给 我	363636
传说 中	1000000
传说中 的	1000000
伤人 了	416666
伤人 的	375000
伤人 的话	208333
伤害 了	264705
伤害 我	147058
伤害 你	125000
伤害 到	73529
伤害 别人	66176
伤害 的	58823
伤害 自己	44117
伤害了 我	1000000
伤心 了	363057
伤心 的	267515
伤心 死	101910
伤心 难过	38216
伤心 吧	31847
伤感 的	638888
伤感 了	361111
估计 是	198489
估计 你	90614
估计 我	74433
估计 也	70118
估计 要	57173
估计 就	50701
估计 会	44228
估计 没	42071
估计也 是	500000
估计也 不	205882
估计也 不会	147058
估计也 就	147058
估计你 是	600000
估计你 也	400000
估计我 也	571428
估计我 是	428571
估计是 你	310344
估计是 的	275862
估计是 我	241379
估计是 要	172413
伺候 着	538461
伺候 你	461538
似乎 是	433333
似乎 不	200000
似乎 都	200000
似乎 没	166666
但 我	220720
但 还是	76013
但 你	69819
但 也	56306
但 不	44481
但 又	23085
但 这	23085
但 我们	19707
但不 知道	1000000
但也 是	230769
但也 不	179487
但也 不是	179487
但也 要	153846
但也 有	128205
但也 没	128205
但你 要	379310
但你 还是	241379
但你 没有	206896
但你 是	172413
但愿 吧	516666
但愿 你	183333
但愿 我	150000
但愿 能	150000
但我 还是	195530
但我 觉得	139664
但我 不	78212
但我 也	72625
但我 是	61452
但我 喜欢	55865
但我 知道	50279
但我 真的	44692
但是 可以	100
但是 需要	90
但是 现在	80
但是 还有	70
但是不 知道	666666
但是不 喜欢	166666
但是不 希望	166666
但是也 不	375000
但是也 是	312500
但是也 没有	312500
但是你 不	173913
但是你 要	173913
但是你 可以	152173
但是你 一旦	130434
但是你 的	130434
但是你 还是	130434
但是你 是	108695
但是我 还是	89456
但是我 不	86261
但是我 觉得	86261
但是我 也	67092
但是我 现在	54313
但是我 喜欢	41533
但是我 想	41533
但是我 没	41533
但是是 用心	1000000
但是是用心 的	1000000
但是有 一点	619047
但是有 的	380952
但是还 没	136363
但是还是 希望	428571
但是还是 要	285714
但是还行 其他	1000000
但还是 要	372093
但还是 好	139534
但还是 想	116279
但还是 觉得	116279
位置 已经	100
位置 确认	90
位置 如下	80
位置 合适	70
低 了	347826
低 的	340579
低 到	50724
低 吧	50724
低 智商	36231
低 素质	36231
低 还	36231
低调 低调	380710
低调 的	218274
低调 点	152284
低调 呢	106598
低调 了	60913
低调 奢华	35532
住 的	211448
住 在	146028
住 了	114485
住 我	39719
住 你	32710
住 哪	31542
住 吗	28037
住 哪里	28037
住的 地方	701492
住的 是	119402
住的 城市	104477
住的 时候	74626
住院 了	1000000
体会 到	631578
体会 不到	118421
体会 了	92105
体会 一下	78947
体现 出来	400000
体现 了	350000
体现 在	250000
体育 生	631578
体育 的	368421
体谅 一下	1000000
体谅一下 就行了	1000000
体重 了	152777
体重 的	152777
体重 一直	97222
体重 也	97222
体重 就	97222
体重 没	97222
体重 不过	83333
体重 是	83333
体验 一下	354430
体验 了	126582
体验 下	101265
体验 到	88607
体验 一把	75949
何以 解忧	838709
何以 笙箫	161290
何况 你	615384
何况 我	384615
何必 呢	567567
何必 这样	162162
何必 为难	135135
何必 说	135135
何止 是	1000000
何苦 为难	615384
何苦 呢	384615
作 死	392857
作 的	238095
作 了	154761
作业 的	151515
作业 写	121212
作业 太	113636
作业 了	106060
作业 还	68181
作业 都	68181
作业 也	60606
作业 做	53030
作业太 少	642857
作业太 多	357142
作为 一个	804511
作为 一名	97744
作为 你	60150
作为 北方	37593
作品 了	290322
作品 吧	225806
作品 是	161290
作品 的	161290
作品 被	161290
你 可以	100
你 好	90
你 觉得	80
你 需要	70
你一 说	577777
你一 人	311111
你一 笑	111111
你一个 人	765060
你一个 问题	60240
你一个 么	42168
你一个 拥抱	36144
你一个 星期	36144
你一个 好消息	30120
你一个 家	30120
你一个人 去	454545
你一个人 的	333333
你一个人 在	212121
你一切 都	1000000
你一切都 好	1000000
你一定 要	383720
你一定 是	308139
你一定 会	174418
你一定 可以	63953
你一定 能	40697
你一定 看不到	29069
你一样 的	467532
你一样 优秀	168831
你一样 可爱	77922
你一样 大	77922
你一样 是	64935
你一样 美	64935
你一次 机会	1000000
你一点 都	821428
你一点 也	178571
你一点都 不	1000000
你一直 都	536082
你一直 在	268041
你一直 是	113402
你一直都 是	433333
你一直都 在	400000
你一起 去	448275
你一起 走	160919
你一起 看	114942
你一起 吃	103448
你一起 吃饭	103448
你上 了	320000
你上 大学	240000
你上 热门	240000
你下来 你	512820
你下来 了	487179
你下来了 吗	1000000
你下来你 下来	1000000
你下次 回来	368421
你下次 来	315789
你下次 要	315789
你不 知道	163763
你不 爱	73170
你不 说	70383
你不 在	68292
你不 也	55749
你不 觉得	55052
你不 喜欢	49477
你不 来	30662
你不也 是	673469
你不也 没	326530
你不会 是	526315
你不会 的	184210
你不会 也	157894
你不会 看	131578
你不喜欢 我	391304
你不喜欢 的	347826
你不喜欢 可以	260869
你不回 我	1000000
你不早 说	1000000
你不是 一个	147008
你不是 说	138461
你不是 在	87179
你不是 要	78632
你不是 有	64957
你不是 去	46153
你不是 也	39316
你不是 我	35897
你不是一个 人	1000000
你不是要 减肥	529411
你不是要 去	470588
你不是说 你	666666
你不是说 我	181818
你不是说 要	151515
你不是还 没	642857
你不是还 在	357142
你不爱 我	1000000
你不理 我	1000000
你不用 上班	705882
你不用 回来	294117
你不知道 我	300000
你不知道 吗	270000
你不知道 么	100000
你不知道 的	100000
你不知道 有	70000
你不知道 你	60000
你不知道 他	50000
你不给 我	1000000
你不要 我	179104
你不要 来	134328
你不要 再	119402
你不要 这样	119402
你不要 想	104477
你不要 说	104477
你不要 这么	89552
你不要 太	74626
你不说 我	916666
你不说 你	83333
你个 大	160714
你个 小	160714
你个 秘密	142857
你个 死	125000
你个 问题	125000
你个 吃货	107142
你个 夜猫子	89285
你个 好消息	89285
你为 啥子	375000
你为 我	312500
你为 榜样	312500
你为什么 不	250996
你为什么 要	239043
你为什么 这么	115537
你为什么 会	91633
你为什么 前一天	47808
你为什么 还	47808
你为什么 那么	43824
你为什么 可以	31872
你为啥 不	454545
你为啥 要	290909
你为啥 还	127272
你为啥 这么	127272
你么 么	1000000
你也 是	304400
你也 要	68414
你也 可以	50632
你也 不	45810
你也 在	32549
你也 会	25015
你也 有	24412
你也 没	23809
你也不 知道	517241
你也不 认识	275862
你也不 来	206896
你也会 有	760000
你也会 的	240000
你也去 了	1000000
你也可以 的	653061
你也可以 来	142857
你也可以 去	102040
你也很 美	322580
你也很 幸福	258064
你也很 可爱	225806
你也很 好	193548
你也快 了	1000000
你也早点 休息	1000000
你也是 个	139860
你也是 我	97902
你也是 呢	76923
你也是 吗	48951
你也是 厉害	41958
你也是 最	41958
你也是 的	41958
你也来 了	375000
你也来 一个	312500
你也来 凑热闹	312500
你也要 加油	264705
你也要 快乐	166666
你也要 好好	147058
你也要 幸福	127450
你也要 注意	127450
你也要 开心	98039
你也要 去	68627
你买 了	371900
你买 的	297520
你买 个	103305
你买 到	49586
你买 东西	28925
你买 好吃	28925
你买 一个	24793
你买了 个	250000
你买了 什么	250000
你买了 吗	250000
你买了 多少	250000
你买的 什么	533333
你买的 是	466666
你了 吗	178403
你了 你	154929
你了 我	117370
你了 么	93896
你了 吧	70422
你了 呢	70422
你了 没	42253
你亲爱 的	1000000
你人 呢	588235
你人 在	411764
你什么 时候	742556
你什么 事	89316
你什么 都	54290
你什么 意思	38528
你什么 了	22767
你什么 专业	17513
你什么 好	15761
你什么 情况	10507
你什么时候 回来	128301
你什么时候 和	116981
你什么时候 去	105660
你什么时候 来	105660
你什么时候 回	75471
你什么时候 回家	49056
你什么时候 放假	49056
你什么时候 走	45283
你今天 去	94936
你今天 晚上	88607
你今天 怎么	82278
你今天 是	75949
你今天 不	69620
你今天 又	69620
你今天 在	63291
你今天 没	56962
你介绍 个	560000
你介绍 一个	440000
你从 哪里	640000
你从 哪	360000
你以为 我	396103
你以为 你	298701
你以为 呢	103896
你以为 是	64935
你以为 都	58441
你以为 自己	32467
你以为你 是	1000000
你以为我 是	526315
你以为我 不	473684
你以前 不是	333333
你以前 的	333333
你以后 也	288888
你以后 就	288888
你以后 的	244444
你以后 会	177777
你们 可以	100
你们 需要	90
你们 今天	80
你们 一起	70
你们上 一段	1000000
你们上一段 感情	1000000
你们也 要	314814
你们也 是	296296
你们也 不	111111
你们也 快	92592
你们也 认识	92592
你们亲 的	1000000
你们亲的 她	1000000
你们什么 时候	893617
你们什么 事	106382
你们其实 我	1000000
你们其实我 真的	1000000
你们加班 到	1000000
你们加班到 天亮	1000000
你们北方 人	1000000
你们去 哪	476190
你们去 哪里	285714
你们去 了	238095
你们可以 说	277777
你们可以很 羡慕	1000000
你们在 一起	381818
你们在 哪里	218181
你们在 哪	181818
你们在 说	127272
你们在 干嘛	90909
你们夜宵 想	1000000
你们夜宵想 吃	1000000
你们女生 为什么	590909
你们女生 喜欢	409090
你们学校 的	782608
你们学校 好	217391
你们家 的	807692
你们家 是	192307
你们就 说	533333
你们就 会	466666
你们怎么 都	565217
你们怎么 不	434782
你们是 怎么	357142
你们是 去	261904
你们是 在	142857
你们是 真	119047
你们是 要	119047
你们真 好	1000000
你们认为 对	1000000
你们说 的	791666
你们说 呢	208333
你们还 在	274509
你们还 没	215686
你们还 可以	156862
你们还 不	137254
你们还 能	117647
你们还 会	98039
你们这 是	1000000
你们这些 人	1000000
你们那 的	705882
你们那 是	294117
你们都 是	223140
你们都 喜欢	119834
你们都 会	107438
你们都 不	103305
你们都 在	78512
你们都 好	53719
你们都 有	49586
你们都 这么	45454
你们都会 有	1000000
你们都喜欢 好看	1000000
你会 不会	156504
你会 发现	87398
你会 被	48780
你会 有	44715
你会 说	44715
你会 怎么	40650
你会 觉得	34552
你会 这么	32520
你会怎么 做	1000000
你伤害 了	1000000
你住 在	367346
你住 的	326530
你住 哪	183673
你住 哪里	122448
你依然 大方	1000000
你依然大方 自信	1000000
你信 吗	600000
你信 么	236363
你信 不	163636
你倒 是	1000000
你倒是 来	590909
你倒是 给	409090
你值得 拥有	1000000
你做 的	504629
你做 了	143518
你做 朋友	87962
你做 什么	74074
你做 个	41666
你做 个人	37037
你做 不到	27777
你做 吧	27777
你先 说	258620
你先 去	181034
你先 把	129310
你先 来	129310
你先 走	86206
你先 给	77586
你先 吃	68965
你先 告诉	68965
你关注 我	466666
你关注 了	266666
你关注 的	266666
你再 不	214285
你再 去	142857
你再 看看	130952
你再 来	107142
你再 吃	95238
你再 怎么	95238
你再 这样	83333
你再 仔细	71428
你写 的	797468
你写 个	75949
你写 了	63291
你写 得	63291
你写的 东西	538461
你写的 字	461538
你准备 好	372093
你准备 去	279069
你准备 了	209302
你准备 的	139534
你几号 走	450000
你几号 回来	300000
你几号 去	250000
你几点 下班	260869
你几点 到	260869
你几点 去	260869
你几点 睡觉	217391
你别 告诉	151515
你别 吃	136363
你别 来	136363
你别 回来	121212
你别 太	106060
你别 看	106060
你别 在	90909
你别 不	75757
你到 了	390804
你到 家	275862
你到 现在	137931
你到 哪	68965
你到 是	68965
你到 哪里	57471
你到家 了	642857
你到家 没	357142
你到底 是	445945
你到底 有	108108
你到底 什么	94594
你到底 在	94594
你到底 想	94594
你到底 要	94594
你到底 是不是	67567
你剪头发 了	1000000
你却 对	555555
你却 不	444444
你厉害 了	678571
你厉害 的	321428
你去 哪	122861
你去 哪里	101088
你去 看	101088
你去 了	76205
你去 的	59097
你去 吃	41990
你去 找	38880
你去 看看	27993
你去哪 了	861111
你去哪里 了	1000000
你又 不	221938
你又 去	105867
你又 不是	94387
你又 在	65051
你又 要	53571
你又 没	47193
你又 来	36989
你又 知道	29336
你又不 在	444444
你又不 来	400000
你又不 说	155555
你又不是 不	555555
你又不是 我	222222
你又不是 没	222222
你又去 哪	500000
你又去 了	269230
你又去 哪里	230769
你又来 了	1000000
你发 的	479797
你发 了	141414
你发 个	95959
你发 照片	90909
你发 这个	50505
你发 图	40404
你发 一个	25252
你发现 了	1000000
你发的 图	375000
你发的 我	208333
你发的 照片	208333
你发的 那个	208333
你变 了	896103
你变 漂亮	103896
你只 会	392857
你只 关心	214285
你只 看到	214285
你只 需要	178571
你叫 我	603773
你叫 什么	396226
你可 别	251968
你可 拉倒	133858
你可 真	125984
你可 真是	110236
你可 要	102362
你可 得	78740
你可 不要	55118
你可 太	47244
你可以 去	158730
你可以 的	121212
你可以 来	54834
你可以 试试	47619
你可以 不	36075
你可以 选择	31746
你可以 把	30303
你可以 看看	30303
你可以去 看看	500000
你可以去 看	272727
你可以去 买	227272
你可拉倒 吧	1000000
你可能 是	227848
你可能 不	202531
你可能 会	139240
你可能 要	113924
你可能 没	101265
你可能 需要	88607
你可能 对	63291
你可能 真的	63291
你吃 了	206549
你吃 的	188916
你吃 好吃	70528
你吃 个	50377
你吃 完	35264
你吃 什么	32745
你吃 你	32745
你吃好吃 的	1000000
你吃饭 了	408163
你吃饭 呢	204081
你吃饭 的	102040
你听 谁	270270
你听 的	162162
你听 了	135135
你听 我	135135
你告诉 我	1000000
你呢 你	642857
你呢 哈哈	357142
你和 我	380566
你和 你	230769
你和 他	109311
你和 谁	76923
你和 小	40485
你和 她	36437
你和 别人	32388
你和 那个	28340
你和你 的	1000000
你和我 一样	428571
你和我 说	428571
你和我 的	142857
你哪 天	525773
你哪 来	175257
你哪 只	154639
你哪 有	92783
你哪 的	51546
你哪里 的	421052
你哪里 有	315789
你哪里 来	263157
你啊 你	636363
你啊 我	363636
你啥时候 回来	260563
你啥时候 来	218309
你啥时候 回	169014
你啥时候 有空	70422
你啥时候 能	56338
你啥时候 走	56338
你啥时候 回家	49295
你啥时候 放假	42253
你喜欢 的	356209
你喜欢 我	133986
你喜欢 吃	81699
你喜欢 就	75163
你喜欢 什么	45751
你喜欢 他	45751
你喜欢 你	45751
你喜欢 谁	42483
你喜欢就 好	1000000
你喜欢的 人	733333
你喜欢的 是	133333
你喜欢的 类型	133333
你喝 的	419354
你喝 了	258064
你喝 个	161290
你喝 多	161290
你回 学校	329268
你回 我	195121
你回 的	134146
你回 了	121951
你回 不	85365
你回 成都	73170
你回 广州	60975
你回去 了	1000000
你回复 我	458333
你回复 的	333333
你回复 了	208333
你回学校 了	1000000
你回家 了	839506
你回家 吗	98765
你回家 的	61728
你回家了 吗	611111
你回来 了	472324
你回来 我	118081
你回来 的	59040
你回来 我们	40590
你回来 再	36900
你回来 就	33210
你回来 没	29520
你回来了 吗	421052
你回来了 没	263157
你回来了 么	131578
你在 哪	152948
你在 哪里	113636
你在 说	86609
你在 我	53439
你在 干嘛	44840
你在 一起	38697
你在 哪儿	34398
你在 哪个	33169
你在一起 的	1000000
你在哪 呢	463768
你在哪 上班	159420
你在哪 了	101449
你在哪个 区	625000
你在哪个 大学	375000
你在哪儿 呢	642857
你在哪里 上班	255319
你在哪里 呢	212765
你在哪里 买	106382
你在哪里 看	106382
你在想 什么	705882
你在想 我	294117
你在我 心里	666666
你在我 旁边	194444
你在我 眼中	138888
你在说 什么	705357
你在说 我	133928
你在说 你	116071
你在说 啥子	44642
你多 大	370129
你多 吃	194805
你多 高	188311
你多 和	110389
你多 好	84415
你多吃 点	1000000
你多和 我	1000000
你多大 了	785714
你多少 钱	1000000
你天天 都	538461
你天天 在	269230
你天天 吃	192307
你太 可爱	139917
你太 有	102880
你太 不	86419
你太 美	86419
你太 厉害	69958
你太 忙	61728
你太 会	53497
你太 幸福	45267
你太厉害 了	1000000
你太可爱 了	1000000
你失恋 了	1000000
你失望 了	1000000
你头像 是	560000
你头像 的	240000
你头像 好	200000
你头发 长	379310
你头发 这么	275862
你头发 好	172413
你头发 是	172413
你女朋友 的	352941
你女朋友 真	352941
你女朋友 吗	294117
你好 请问	100
你好 很高兴	90
你好 最近	80
你好 谢谢	70
你好久 回来	300000
你好久 了	266666
你好久 回	150000
你好久 去	100000
你好久 来	100000
你好久 回去	83333
你好像 是	333333
你好像 说	166666
你好像 跟	166666
你好好 的	558139
你好好 休息	302325
你好好 说话	139534
你好意思 说	1000000
你好我 是	633333
你好我 想	200000
你好我 好	166666
你学 的	645161
你学 什么	193548
你学 了	161290
你完 了	1000000
你定 时间	615384
你定 了	384615
你家 的	270742
你家 在	96069
你家 有	56768
你家 楼下	39301
你家 人	34934
你家 吃	34934
你家 小	34934
你家 了	32751
你家在 哪	608695
你家在 哪里	391304
你家的 抄袭	647058
你家的 狗狗	352941
你对 我	634782
你对 他	147826
你对 自己	113043
你对 你	60869
你对 着	43478
你对我 的	514285
你对我 好	200000
你对我 有	142857
你对我 说	142857
你小心 点	545454
你小心 心	454545
你就 知道	83712
你就 不	76433
你就 说	66424
你就 会	52775
你就 不能	47315
你就 可以	40946
你就 好	31847
你就 不会	27297
你就不 知道	615384
你就不 喜欢	384615
你就会 发现	666666
你就会 觉得	333333
你就是 个	184210
你就是 我	177631
你就是 不	118421
你就是 你	118421
你就是 最	59210
你就是 一个	52631
你就是 传说	52631
你就是 想	52631
你就是我 的	1000000
你就知道 了	600000
你就知道 谁	150000
你就知道 吃	125000
你就知道 我	125000
你就给 我	1000000
你就说 你	666666
你就说 我	333333
你居然 还	267045
你居然 不	159090
你居然 也	85227
你居然 在	68181
你居然 是	62500
你居然 没	56818
你居然 去	51136
你居然 要	51136
你居然还 没	722222
你居然还 活着	277777
你工作 了	346153
你工作 的	269230
你工作 找	192307
你工作 顺利	192307
你已经 很棒	111842
你已经 是	111842
你已经 不是	85526
你已经 有	78947
你已经 在	65789
你已经 不	59210
你已经 被	59210
你已经很棒 了	1000000
你带 我	344827
你带 着	179310
你带 个	117241
你带 的	96551
你带 点	68965
你带 了	55172
你带 高粱	55172
你带 不	41379
你干嘛 呢	339285
你干嘛 不	232142
你干嘛 去	160714
你干嘛 了	142857
你干嘛 要	125000
你并 不	400000
你并 没有	400000
你并 不是	200000
你幸福 的	476190
你幸福 吗	285714
你幸福 就	238095
你应该 说	196078
你应该 是	117647
你应该 去	63725
你应该 也	53921
你应该 和	53921
你应该 不	49019
你应该 在	49019
你应该 庆幸	49019
你开 的	407407
你开 个	296296
你开 了	296296
你开心 就	777777
你开心 吗	103174
你开心 我	71428
你开心 的	47619
你开心就 好	1000000
你当 我	852941
你当 老师	147058
你当然 是	615384
你当然 不	384615
你很 棒棒	239543
你很 有	140684
你很 好	98859
你很 喜欢	57034
你很 美	53231
你很 优秀	49429
你很 厉害	49429
你很 开心	38022
你很有 眼光	625000
你很有 想法	375000
你得 先	400000
你得 多	150000
你得 有	116666
你得 了	83333
你得 好好	83333
你得 是	83333
你得 给	83333
你得先 回答	1000000
你心里 没	333333
你心里 的	333333
你心里 真正	333333
你忘记 了	722222
你忘记 我	277777
你快 回来	389423
你快 来	230769
你快 去	206730
你快 睡觉	33653
你快 成	28846
你快 生	28846
你快 说	28846
你快 走	28846
你快点 回来	428571
你快点 来	333333
你快点 去	238095
你怎么 知道	168655
你怎么 不	135242
你怎么 了	77963
你怎么 这么	69212
你怎么 还	68416
你怎么 能	48528
你怎么 又	42959
你怎么 那么	42959
你怎么不 说	342857
你怎么不 去	157142
你怎么不 来	128571
你怎么不 给	85714
你怎么不 买	71428
你怎么不 叫	71428
你怎么不 早	71428
你怎么不 跟	71428
你怎么会 这么	571428
你怎么会 有	428571
你怎么可以 这么	650000
你怎么可以 这样	350000
你怎么知道 我	714285
你怎么知道 的	214285
你怎么知道 他	71428
你怎么能 这么	588235
你怎么能 这样	411764
你怎么还 不	468750
你怎么还 没	390625
你怎么还 在	140625
你怎么这么 可爱	444444
你怎么这么 早	277777
你怎么这么 美	277777
你怕 是	727272
你怕 了	168831
你怕 不是	103896
你怕是 要	421052
你怕是 不	315789
你怕是 没	263157
你总是 这么	400000
你总是 在	350000
你总是 不	250000
你恋爱 了	1000000
你想 多	166448
你想 你	98296
你想 的	98296
你想 我	65530
你想 说	57667
你想 吃	52424
你想 去	43250
你想 太	43250
你想你 想	833333
你想你 好想你	166666
你想做 的	529411
你想做 什么	470588
你想多 了	1000000
你想太 多	1000000
你想我 了	1000000
你想的 那样	450000
你想的 那么	300000
你想的 一样	250000
你想表达 什么	1000000
你想要 的	531914
你想要 什么	340425
你想要 我	127659
你想说 什么	733333
你想说 你	266666
你成功 了	440000
你成功 的	320000
你成功 引起	240000
你我 就	191709
你我 的	191709
你我 都	139896
你我 也	129533
你我 是	72538
你我 他	41450
你我 要	41450
你我 不	36269
你才 是	610921
你才 知道	122866
你才 发现	75085
你才 有	37542
你才 不	30716
你才 会	30716
你才 到	27303
你才 要	27303
你才是 我	529411
你才是 最	470588
你打 我	318181
你打 了	151515
你打 个	136363
你打 钱	121212
你打 的	106060
你打 他	90909
你打 不过	75757
你打电话 的	321428
你打电话 了	250000
你打电话 你	250000
你打电话 吧	178571
你找 个	260869
你找 我	239130
你找 找	173913
你找 不到	141304
你找 一个	76086
你找 一下	54347
你找 的	54347
你找到 了	684210
你找到 工作	315789
你把 我	465909
你把 你	142045
你把 自己	73863
你把 他	68181
你把 头发	51136
你把 人家	39772
你把 这个	39772
你把 它	34090
你报 的	615384
你报 了	384615
你拉 黑	1000000
你拍照 的	1000000
你拿 着	500000
你拿 个	250000
你拿 的	250000
你推荐 的	772727
你推荐 一个	227272
你放 我	444444
你放 了	277777
你放 的	277777
你放假 了	1000000
你教 我	1000000
你早 说	1000000
你早点 休息	1000000
你明天 去	169014
你明天 要	154929
你明天 来	140845
你明天 不	84507
你明天 再	84507
你明天 就	84507
你明天 不用	70422
你明天 也	70422
你是 在	75970
你是 我	71405
你是 最	68796
你是 谁	66840
你是 要	43038
你是 怎么	41082
你是 个	39126
你是 说	36843
你是不 知道	736842
你是不 打算	263157
你是不是 想	81761
你是不是 要	81761
你是不是 也	69182
你是不是 在	59748
你是不是 有	59748
你是不是 又	56603
你是不是 不	47169
你是个 超模	333333
你是个 什么	194444
你是个 好	166666
你是个 好人	166666
你是个 小	138888
你是做 什么	1000000
你是哪 的	666666
你是哪 种	333333
你是哪里 的	521739
你是哪里 人	478260
你是在 说	531914
你是在 哪里	297872
你是在 哪	170212
你是怎么 做到	542857
你是怎么 找到	314285
你是怎么 了	142857
你是想 说	590909
你是想 我	204545
你是想 让	204545
你是我 的	732283
你是我 见	102362
你是我 最	70866
你是我 世界	55118
你是我 天边	39370
你是有 多	1000000
你是要 我	333333
你是要 把	333333
你是要 笑	333333
你是认真 的	1000000
你是说 我	694444
你是说 你	305555
你是谁 了	351351
你是谁 我	135135
你晚上 都	388888
你晚上 不	333333
你晚上 几点	277777
你暗恋 我	642857
你暗恋 的	357142
你更 多	309523
你更 美	261904
你更 可爱	166666
你更 厉害	142857
你更 幸福	119047
你最 可爱	259259
你最 喜欢	259259
你最 爱	246913
你最 好看	74074
你最 厉害	55555
你最 有	37037
你最 聪明	37037
你最 疼爱	30864
你最喜欢 谁	730769
你最喜欢 的	269230
你最好 了	720000
你最好 的	280000
你最爱 的	1000000
你最美 了	333333
你最美 你	333333
你最美 的	333333
你最近 怎么样	244131
你最近 怎么	122065
你最近 在	70422
你最近 都	70422
你最近 是	65727
你最近 的	51643
你最近 咋样	46948
你有 什么	159420
你有 多	77294
你有 时间	48309
你有 了	43478
你有 本事	37037
你有 个	33816
你有 你	32206
你有 我	32206
你有什么 关系	333333
你有什么 资格	261904
你有什么 好	238095
你有什么 不	166666
你有你 的	1000000
你有没有 想	235294
你有没有 考虑	235294
你有没有 爱	205882
你有没有 发现	176470
你有没有 带	147058
你本来 就	735294
你本来 就是	264705
你来 了	147249
你来 我	93851
你来 找	67961
你来 吧	55016
你来 不	45307
你来 你	40453
你来 我家	32362
你来不 来	1000000
你来了 我	666666
你来了 就	333333
你来你 来	1000000
你来我 就	375000
你来我 请	312500
你来我 这	312500
你来找 我	1000000
你果然 是	611111
你果然 不	388888
你根本 不	520000
你根本 就	240000
你根本 没	240000
你死 了	1000000
你每天 都	905405
你每天 的	94594
你每天都 在	458333
你每天都 是	208333
你每次 都	838709
你每次 说	161290
你比 我	928994
你比 她	35502
你比 心	35502
你比我 还	404761
你比我 大	190476
你比我 小	142857
你比我 厉害	95238
你比我 更	95238
你比我 好	71428
你毕业 了	1000000
你永远 不	400000
你永远 是	400000
你永远 都	200000
你没 看	119289
你没 发现	96446
你没 看到	78680
你没 来	60913
你没 去	55837
你没 看见	40609
你没 见	40609
你没 说	40609
你没有 任何	242424
你没有 看到	242424
你没有 看	212121
你没有 在	151515
你没有 女朋友	151515
你点 个	533333
你点 了	244444
你点 吧	111111
你点 的	111111
你爱 你	388278
你爱 我	238095
你爱 的	135531
你爱 上	80586
你爱 吃	54945
你爱 他	43956
你爱 谁	36630
你爱 爱	21978
你爱你 爱	1000000
你爱的 人	1000000
你现在 在	225446
你现在 是	125000
你现在 的	84821
你现在 还	78125
你现在 才	40178
你现在 有	40178
你现在 也	37946
你现在 都	35714
你现在在 哪	610169
你现在在 哪里	220338
你现在在 哪个	84745
你现在在 哪儿	84745
你生 个	368421
你生 孩子	315789
你生 猴子	315789
你生日 了	450000
你生日 吗	300000
你生日 的	250000
你用 的	594936
你用 了	177215
你用 什么	151898
你用的 什么	652173
你用的 是	347826
你男朋友 的	266666
你男朋友 一起	200000
你男朋友 好	200000
你男朋友 不	166666
你的 人	41316
你的 小	24276
你的 脸	24042
你的 头像	23109
你的 名字	20541
你的 意思	19607
你的 照片	18207
你的 心	17040
你的人 你	500000
你的人 是	500000
你的头像 是	500000
你的头像 好	307692
你的头像 和	192307
你的心 在	1000000
你的意思 是	1000000
你的时候 你	666666
你的时候 就	333333
你的胸口 说	1000000
你的脸 怎么	529411
你的脸 呢	470588
你看 我	225165
你看 你	220198
你看 了	110927
你看 的	84437
你看 出来	62913
你看 他	33112
你看 完	33112
你看 电影	24834
你看你 的	194444
你看你 这	194444
你看你 看	166666
你看你 那	166666
你看你 又	138888
你看你 就	138888
你看出来 了	1000000
你看到 了	388235
你看到 我	364705
你看到 的	247058
你看到我 的	705882
你看到我 了	294117
你看我 的	344827
你看我 说	241379
你看我 像	206896
你看我 吃	206896
你看看 你	473684
你看看 我	355263
你看看 人家	105263
你看看 什么	65789
你看见 了	526315
你看见 我	473684
你真 好	270386
你真 可爱	128755
你真 会	85836
你真 美	85836
你真 好看	68669
你真 有	60085
你真 聪明	55793
你真 要	55793
你真是 个	355555
你真是 太棒了	133333
你真是 好	133333
你真是 我	133333
你真是 越来越	133333
你真是 一个	111111
你真的 是	286307
你真的 好	116182
你真的 不	74688
你真的 要	74688
你真的 太	62240
你真的 很棒	37344
你真的 可以	29045
你知道 我	272930
你知道 的	219239
你知道 吗	131991
你知道 了	53691
你知道 么	44742
你知道 什么	35794
你知道 你	35794
你知道 就	33557
你知道我 是	607843
你知道我 在	176470
你知道我 的	117647
你知道我 说	98039
你知道的 太	772727
你知道的 多	227272
你确定 你	434343
你确定 不是	171717
你确定 是	171717
你确定 要	101010
你确定 么	60606
你确定 我	60606
你穿 的	515151
你穿 了	212121
你穿 上	121212
你穿 不	75757
你穿 什么	75757
你站 在	750000
你站 我	250000
你竟然 还	236842
你竟然 不	175438
你竟然 也	96491
你竟然 去	87719
你竟然 在	78947
你竟然 说	70175
你竟然 是	61403
你竟然 回复	52631
你笑 死	301886
你笑 的	207547
你笑 点	150943
你笑 了	113207
你笑 得	113207
你笑 起来	113207
你笑死 了	538461
你笑死 我	461538
你等 着	588235
你等 我	184873
你等 你	117647
你等 的	67226
你等 下	42016
你管 我	806451
你管 得	193548
你约 我	782608
你约 了	217391
你终于 出现	159090
你终于 回来	159090
你终于 承认	159090
你终于 要	159090
你终于 来	136363
你终于 可以	113636
你终于 长大	113636
你经历 了	611111
你结婚 了	716666
你结婚 的	166666
你结婚 我	116666
你给 我	756097
你给 你	77235
你给 他	48780
你给 的	40650
你给 人家	18292
你给 她	18292
你给 我们	18292
你给 自己	12195
你给我 买	165517
你给我 的	137931
你给我 介绍	124137
你给我 说	124137
你给我 做	75862
你给我 带	62068
你给我 打电话	48275
你给我 等	41379
你美 你	594594
你美 了	270270
你美 就	135135
你羡慕 不	500000
你羡慕 我	500000
你老 了	644067
你老 是	254237
你老 说	101694
你老公 的	666666
你老公 了	333333
你肯定 是	336842
你肯定 会	136842
你肯定 也	105263
你肯定 没	105263
你肯定 不	84210
你肯定 不是	52631
你肯定 喜欢	52631
你能 不能	238095
你能 把	58823
你能 说	47619
你能 看到	44817
你能 给	39215
你能 吃	36414
你能 的	36414
你能 在	33613
你脸 大	473684
你脸 小	263157
你脸 那么	263157
你自己 的	150943
你自己 去	110512
你自己 说	105121
你自己 吧	64690
你自己 不	53908
你自己 吗	48517
你自己 都	45822
你自己 也	32345
你自己说 的	1000000
你若 安好	1000000
你行 你	680000
你行 的	320000
你表白 了	600000
你表白 的	400000
你被 我	500000
你被 谁	272727
你被 打	227272
你要 去	102280
你要 不要	100898
你要 来	51831
你要 相信	26952
你要 不	26261
你要 好好	24187
你要 吗	21423
你要 请	20732
你要不要 来	314285
你要不要 这么	257142
你要不要 去	228571
你要不要 也	200000
你要去 哪里	392857
你要去 哪	321428
你要去 哪儿	107142
你要去 吗	89285
你要去 看	89285
你要开 演唱会	1000000
你要是 不	238095
你要是 来	126984
你要是 真	126984
你要是 在	111111
你要是 能	111111
你要是 再	95238
你要是 想	95238
你要是 有	95238
你要相信 我	480000
你要相信 自己	320000
你要相信 你	200000
你要笑 死	1000000
你要结婚 了	1000000
你要给 我	1000000
你要请 我	1000000
你见 我	149425
你见过 这么	606060
你见过 我	212121
你见过 的	181818
你觉得 呢	274678
你觉得 我	257510
你觉得 你	154506
你觉得 我会	55793
你觉得 怎么样	34334
你觉得 可能	30042
你觉得 好	30042
你觉得 有	30042
你觉得我 是	476190
你觉得我 能	285714
你觉得我 有	238095
你认真 的	750000
你认真 了	250000
你认识 我	384615
你认识 的	384615
你认识 她	134615
你认识 他	96153
你让 我	736111
你让 你	97222
你让 我们	55555
你让 她	41666
你让 人	34722
你让 他	34722
你讲 我	333333
你讲 个	261904
你讲 了	142857
你讲 的	142857
你讲 得	119047
你话 多	1000000
你该 不会	333333
你该 去	181818
你该 睡觉	181818
你该 改变	151515
你该 说	151515
你说 的	358962
你说 我	95627
你说 你	78327
你说 呢	62469
你说 了	61508
你说 什么	47573
你说 说	27390
你说了 我	772727
你说了 也	227272
你说什么 都	680851
你说什么 我	191489
你说什么 时候	127659
你说你 是不是	266666
你说你 说	222222
你说你 是	155555
你说你 要	133333
你说你 不	111111
你说你 自己	111111
你说对 了	1000000
你说我 要	324324
你说我 是	189189
你说我 是不是	189189
你说我 在	162162
你说我 我	135135
你说是 就是	562500
你说是 吧	437500
你说的 是	232941
你说的 对	143529
你说的 我	103529
你说的 都	94117
你说的 好	42352
你说的 太	37647
你说的 那	30588
你说话 了	571428
你说话 的	428571
你说过 的	375000
你说过 了	312500
你说过 吗	312500
你请 我	850000
你请 吃饭	108333
你请 的	41666
你请我 吃	553191
你请我 吃饭	446808
你走 了	303571
你走 吧	276785
你走 的	205357
你走 我	62500
你走 不	53571
你走 你	53571
你走 远	44642
你赶紧 回来	400000
你赶紧 去	300000
你赶紧 的	300000
你起 的	423728
你起 得	152542
你起 好	135593
你起 这么	101694
你起 那么	101694
你起 开	84745
你越来越 漂亮	275862
你越来越 美	275862
你越来越 好	241379
你越来越 会	206896
你跑 到	315789
你跑 的	315789
你跑 去	210526
你跑 哪	157894
你跟 我	597014
你跟 他	104477
你跟 你	99502
你跟 谁	94527
你跟 她	44776
你跟 小	29850
你跟 我们	29850
你跟我 说	765957
你跟我 一起	127659
你跟我 一样	106382
你身边 的	806451
你身边 有	193548
你辛苦 了	1000000
你过 得	539325
你过 了	202247
你过 的	134831
你过 生	67415
你过 几天	56179
你过得 好	647058
你过得 这么	352941
你过来 我	480000
你过来 给	280000
你过来 找	240000
你还 没	147318
你还 在	146639
你还 不	109979
你还 能	61778
你还 会	58384
你还 想	40733
你还 记得	39375
你还 不是	31228
你还不 知道	272727
你还不 睡觉	218181
你还不 来	181818
你还不 回来	127272
你还不 去	109090
你还不 信	90909
你还在 学校	473684
你还在 上学	263157
你还在 北京	263157
你还好 吗	736842
你还好 吧	263157
你还是 个	112149
你还是 别	74766
你还是 要	65420
你还是 不要	51401
你还是 那么	51401
你还是 好好	46728
你还是 没	46728
你还有 我	325581
你还有 什么	209302
你还有 个	186046
你还有 你	139534
你还有 时间	139534
你还没 回来	250000
你还没 睡觉	133333
你还没 毕业	116666
你还没 到	83333
你还没 吃饭	83333
你还没 回	83333
你还没 开学	83333
你还没 放假	83333
你还要 我	375000
你还要 上班	208333
你还要 吗	208333
你还要 强迫	208333
你还记得 我	769230
你还记得 吗	230769
你这 是	513849
你这 不是	35339
你这 也	31518
你这 人	27698
你这 条	21967
你这 几天	21012
你这 两天	19102
你这 叫	19102
你这个 人	233870
你这个 是	185483
你这个 头像	80645
你这个 发型	64516
你这个 大	64516
你这个 小	64516
你这个 太	48387
你这个 更	48387
你这么 说	237681
你这么 可爱	63768
你这么 美	57971
你这么 快	40579
你这么 好	37681
你这么 多	31884
你这么 好看	31884
你这么一 说	1000000
你这么说 我	791666
你这么说 他	208333
你这也 太	391304
你这也 是	347826
你这也 叫	260869
你这是 要	301652
你这是 在	293388
你这是 什么	115702
你这是 去	61983
你这是 又	33057
你这是 想	33057
你这是 嫉妒	24793
你这是 怎么	24793
你这样 的	409090
你这样 说	213636
你这样 会	77272
你这样 我	72727
你这样 不	59090
你这样 是	45454
你这样 不好	40909
你这样的 人	1000000
你这种 人	836065
你这种 垃圾	81967
你这种 没	81967
你这话 说	631578
你这话 我	368421
你送 我	563636
你送 的	309090
你送 过去	127272
你那 是	438461
你那 有	107692
你那 时候	92307
你那 点	61538
你那 小	53846
你那 也	46153
你那 呢	46153
你那 不是	38461
你那么 美	275862
你那么 多	183908
你那么 好	91954
你那么 喜欢	80459
你那么 快	68965
你那么 高	68965
你那么 大	57471
你那么 忙	57471
你都 不	267942
你都 没	89712
你都 是	82535
你都 知道	59808
你都 能	40669
你都 要	40669
你都 在	33492
你都 有	32296
你都不 知道	339805
你都不 来	165048
你都不 给	67961
你都不 关注	58252
你都不 爱	58252
你都不 约	58252
你都不 认识	58252
你都不 关心	48543
你长 得	590604
你长 的	248322
你长 了	53691
你长 这么	40268
你长 什么样	33557
你长 高	33557
你长发 及	1000000
你长大 了	1000000
你长得 像	256410
你长得 好看	230769
你长得 好像	205128
你长得 真	128205
你问 我	298969
你问 的	195876
你问 他	113402
你问 下	103092
你问 了	103092
你问 她	72164
你问 一下	61855
你问 你	51546
你难道 不	600000
你难道 不是	200000
你难道 是	200000
你需要 一个	500000
你需要 我	208333
你需要 个	187500
你需要 的	104166
你非 要	1000000
你黑 我	571428
你黑 了	428571
佩服 你	346153
佩服 佩服	276923
佩服 我	92307
佩服 你们	69230
佩服 自己	61538
佩服 她	46153
佩服 的	46153
使 我	424242
使 人	163636
使 你	121212
使 了	109090
使 金	48484
使 使	36363
使 火场	36363
使 不	30303
使我 丑陋	457142
使我 快乐	314285
使我 面目全非	228571
使用 的	421052
使用 了	315789
使用 中	263157
例如 这个	100
例如 可以	90
例如 产品	80
例如 今天	70
供暖 了	588235
供暖 的	411764
依旧 是	439024
依旧 那么	170731
依旧 不	146341
依旧 没	121951
依旧 笑	121951
依然 大方	193798
依然 是	186046
依然 爱	162790
依然 在	77519
依然 没有	69767
依然 还是	54263
依然 有	46511
依然大方 自信	1000000
依然大方自信 的	1000000
依然爱 你	1000000
侮辱 我	520000
侮辱 了	480000
便 便	620689
便 知	206896
便 可	172413
便宜 的	317857
便宜 了	185714
便宜 点	110714
便宜 我	39285
便宜 又	28571
便宜 很多	28571
便宜 些	21428
便宜了 谁	1000000
便是 晴天	1000000
俄罗斯 航空	375000
俄罗斯 人	312500
俄罗斯 的	312500
保佑 你	538461
保佑 我	461538
保养 的	772727
保养 好	227272
保存 文件	100
保存 记录	90
保存 设置	80
保存 结果	70
保护 好	297297
保护 你	259459
保护 我	145945
保护 自己	113513
保护 动物	54054
保护 着	37837
保护 我方	32432
保护 的	32432
保护好 自己	810810
保护好 你	189189
保持 好	201834
保持 微笑	128440
保持 住	91743
保持 距离	73394
保持 队形	73394
保持 的	64220
保持 一颗	55045
保持 体重	55045
保暖 内衣	347826
保暖 了	217391
保留 原文	100
保留 设置	90
保留 历史	80
保留 记录	70
保证 你	400000
保证 不	240000
保证 我	220000
保证 了	140000
保重 身体	707547
保重 自己	56603
保重 今天	47169
信 了	276836
信 你	201506
信 吗	96045
信 我	94161
信 的	52730
信 么	39548
信 呢	39548
信不信 我	1000000
信了 你	1000000
信任 你	388888
信任 他	333333
信任 呢	277777
信你 试试	322580
信你 问	290322
信你 了	193548
信你 的	193548
信号 的	660377
信号 不好	245283
信号 了	94339
信号的 我	1000000
信息 已经	100
信息 确认	90
信息 如下	80
信息 完整	70
修复 屏障	647058
修复 了	352941
修好 了	1000000
修改 一下	100
修改 配置	90
修改 内容	80
修改 方案	70
倒 是	645077
倒 了	64766
倒 也	49222
倒 没有	32383
倒 不是	28497
倒 不	23316
倒 的	15544
倒 在	14248
倒也 是	1000000
倒数 第二	500000
倒数 第二张	500000
倒是 想	192307
倒是 有	115384
倒是 真的	105769
倒是 可以	96153
倒是 不	86538
倒是 来	76923
倒是 没	57692
倒闭 了	1000000
倒霉 了	363636
倒霉 的	272727
倒霉 孩子	181818
候选 已经	100
候选 显示	90
候选 数量	80
候选 顺序	70
借口 不	411764
借口 了	294117
借口 吧	294117
借给 你	700000
借给 我	300000
借钱 不	333333
借钱 的	333333
借钱 给	333333
值得 拥有	268852
值得 的	131147
值得 去	62295
值得 你	49180
值得 买	42622
值得 我	36065
值得 期待	36065
值得一 去	1000000
值班 的	647058
值钱 的	523809
值钱 了	238095
值钱 呢	238095
假期 愉快	188311
假期 快乐	129870
假期 的	123376
假期 了	71428
假期 去	58441
假期 你	51948
假期 就	51948
假装 不	220779
假装 没	129870
假装 自己	129870
假装 是	116883
假装 在	103896
假装 你	90909
假装 看不见	77922
假装 我	64935
做 的	218002
做 了	104909
做 什么	66932
做 个	51405
做 朋友	35249
做 自己	30633
做 不到	27906
做 你	26647
做不 完	628571
做不 出来	200000
做不 出	171428
做不到 的	240000
做个 好	742857
做个 朋友	257142
做了 什么	391891
做了 个	222972
做了 一个	114864
做了 很多	47297
做了 我	40540
做了 一件	33783
做事 的	450000
做事 不能	250000
做人 要	485714
做人 的	342857
做人 最	171428
做什么 的	270270
做什么 都	162162
做什么 呢	144144
做什么 工作	99099
做什么 了	72072
做什么 事	54054
做你 的	587500
做你 自己	225000
做你 女朋友	100000
做你 想	87500
做出来 的	1000000
做到 的	731481
做到 了	268518
做好 自己	262857
做好 准备	217142
做好 了	205714
做好 心理准备	68571
做好 的	62857
做好 朋友	45714
做好 人	40000
做好 你	40000
做好吃 的	1000000
做好自己 就	583333
做好自己 的	416666
做完 了	1000000
做得 不	230769
做得 不好	192307
做得 出来	192307
做我 女朋友	605263
做我 的	394736
做朋友 吧	475609
做朋友 了	219512
做朋友 吗	158536
做朋友 是不是	73170
做朋友 的	73170
做梦 都	213872
做梦 了	196531
做梦 吧	173410
做梦 的	104046
做梦 呢	92485
做梦 去	52023
做梦 一样	46242
做梦 我	46242
做梦都 想	450000
做梦都 会	300000
做梦都 能	250000
做点 什么	1000000
做的 事	204268
做的 事情	112804
做的 吗	60975
做的 好	57926
做的 就是	48780
做的 时候	48780
做给 你	629629
做给 我	370370
做给你 吃	1000000
做给我 吃	1000000
做自己 喜欢	358024
做自己 想	283950
做自己 就	123456
做自己 的	123456
做自己 好	111111
做自己喜欢 的	1000000
做自己想 做	1000000
做饭 的	403508
做饭 了	210526
做饭 吗	61403
做饭 也	52631
做饭 会	52631
做饭 给	52631
做饭 不	43859
停电 了	1000000
停留 在	1000000
健健康康 的	750000
健健康康 快快乐乐	250000
健康 的	305263
健康 快乐	210526
健康 了	63157
健康 就	52631
健康 平安	42105
健康 幸福	42105
健康 点	36842
健身 了	333333
健身 的	260869
健身 教练	231884
健身 吗	72463
健身房 了	333333
健身房 的	300000
健身房 锻炼	166666
偶像 包袱	376811
偶像 的	289855
偶像 来	86956
偶像 歌手	86956
偶像 派	86956
偶像 你	72463
偶尔 也	153333
偶尔 吃	120000
偶尔 会	100000
偶尔 来	93333
偶尔 偶尔	80000
偶尔 有	66666
偶尔 的	60000
偶尔 想起	53333
偶遇 了	201754
偶遇 你	201754
偶遇 的	157894
偶遇 到	131578
偶遇 我	87719
偶遇 吧	61403
偶遇 一下	43859
偷偷 的	295302
偷偷 告诉	261744
偷偷 看	114093
偷偷 去	93959
偷偷 发	53691
偷偷 说	40268
偷偷 跟	40268
偷偷 减肥	33557
偷偷告诉 你	702702
偷偷告诉 我	297297
傍晚 出发	100
傍晚 见	90
傍晚 回来	80
傍晚 散步	70
傻傻 分不清楚	625000
傻傻 分不清	375000
像 你	263119
像 我	217930
像 个	99125
像 了	35714
像 的	33527
像 我们	31341
像 他	15306
像你 一样	323809
像你 这样	133333
像你 的	114285
像你 这种	114285
像你 说	100000
像你 这么	52380
像你 了	47619
像你一样 优秀	647058
像你一样 的	352941
像你说 的	1000000
像我 这种	287878
像我 一样	265151
像我 这样	250000
像我 这么	90909
像我 的	68181
像我 就	37878
像我这样 的	1000000
像是 在	714285
像是 我	285714
儿 的	240310
儿 了	189922
儿 你	65891
儿 是	62015
儿 不	42635
儿 也	34883
儿 都	31007
儿子 的	144144
儿子 了	135135
儿子 是	99099
儿子 都	90090
儿子 也	72072
儿子 好	63063
儿子 你	54054
儿子 叫	54054
儿童节 快乐	1000000
允许 你	507246
允许 我	246376
允许 擅自	101449
允许 的话	72463
元 的	1000000
元宵 快乐	1000000
元宵节 快乐	1000000
元旦 快乐	641304
元旦 了	86956
元旦 不	76086
元旦 后	76086
元旦 就	65217
元旦 前	54347
元气 满满	615384
元气 满满的	384615
兄弟 你	296296
兄弟 我	148148
兄弟 几个	86419
兄弟 就	86419
兄弟 了	74074
兄弟 加油	61728
兄弟 在	61728
兄弟 来	61728
充实 的	512195
充实 自己	317073
充满 了	558441
充满 阳光	142857
充满 正	129870
充满 电	103896
充满 爱	64935
充电 的	677419
充电 了	161290
充电 头	161290
先 确认	100
先 检查	90
先 准备	80
先 保存	70
先不管 了	1000000
先吃 了	642857
先吃 一口	357142
先回答 我	1000000
先把 你	750000
先把 我	250000
先生 的	1000000
先给 我	629629
先给 你	370370
先走 了	1000000
光 了	360465
光 的	174418
光 着	122093
光 看	116279
光 吃	69767
光 说	46511
光 之	40697
光 想	34883
光线 好	333333
光线 不好	250000
光线 太	208333
光线 问题	208333
克制 自己	391304
克制 的	347826
克制 住	260869
免费 的	611111
免费 摄影师	95238
免费 给	63492
免费 吗	47619
免费 带	47619
免费 提供	47619
免费 看	47619
兔子 的	407407
兔子 是	222222
兔子 好	185185
兔子 还	185185
党 的	708333
党 了	291666
入 了	404040
入 的	262626
入 对	80808
入 个	70707
入 我	70707
入 不了	50505
入手 了	736842
入手 一个	263157
全 是	610619
全 在	37168
全 脸	35398
全 了	33628
全 有	26548
全 给	26548
全 吃	24778
全 没	23008
全世界 都	543859
全世界 最好	114035
全世界 最	87719
全世界 路过	87719
全世界 的	70175
全世界 就	52631
全世界 你	43859
全世界都 在	625000
全世界都 知道	218750
全世界都 是	156250
全国 各地	325581
全国 的	279069
全国 都	255813
全国 流量	139534
全家 都	1000000
全新 的	1000000
全是 人	303030
全是 你	242424
全是 妹子	151515
全是 我	151515
全是 水	151515
全程 都	769230
全程 看	230769
全能 的	411764
全能 偶像	294117
全能 艺人	294117
全身 都	758620
全身 的	241379
全部 都	455882
全部 的	191176
全部 是	117647
全部 人	88235
全部 吃	73529
全部 看	73529
全都 是	734693
全都 有	142857
全都 在	122448
八个 月	518518
八个 人	296296
八个 小时	185185
八卦 了	411764
八卦 的	411764
八卦 一下	176470
八块 腹肌	1000000
八月 初	384615
八点 多	368421
八点 就	210526
八点 到	118421
八点 起床	92105
八点 左右	78947
八点 上班	65789
八点 才	65789
公主 的	666666
公交 上	500000
公交 的	250000
公交 都	250000
公交车 上	827586
公交车 司机	172413
公众 号	616161
公众 人物	383838
公司 地址	100
公司 电话	90
公司 产品	80
公司 资料	70
公园 里	400000
公园 的	300000
公园 都	300000
公布 了	600000
公布 恋情	400000
公平 的	347826
公平 了	239130
公平 公正	152173
公平 吗	108695
公开 恋情	451612
公开 的	354838
公开 了	193548
公里 的	615384
公里 吧	384615
六一 快乐	708333
六一 儿童节	291666
六个 人	533333
六个 小时	466666
六年 了	625000
六年 前	375000
六点 多	478873
六点 就	253521
六点 起	98591
六点 下班	84507
六点 到	84507
兰州 拉面	448275
兰州 了	344827
兰州 的	206896
共享 单车	740740
共享 之	259259
共同 的	600000
共同 好友	233333
共同 关注	166666
关于 你	500000
关于 我	307692
关于 他	192307
关心 你	377682
关心 我	334763
关心 的	98712
关心 一下	60085
关心 关心	38626
关心 下	34334
关心 她	30042
关心 了	25751
关心你 的	1000000
关心我 了	529411
关心我 的	470588
关机 了	640000
关机 睡觉	360000
关注 你	295739
关注 我	216791
关注 了	160401
关注 的	98997
关注 他	31328
关注 下	27568
关注 着	23809
关注 一下	18796
关注了 你	710526
关注了 我	157894
关注了 一个	131578
关注你 了	600000
关注你 的	341176
关注你 好久	58823
关注我 了	340909
关注我 的	227272
关注我 吧	136363
关注我 吗	113636
关注点 在	571428
关注点 都	428571
关注的 人	409090
关注的 是	363636
关注的 都	227272
关注自己 的	1000000
关注自己的 内心	1000000
关系 吗	176136
关系 好	113636
关系 的	102272
关系 吧	96590
关系 都	79545
关系 也	62500
关系 呢	62500
关键 是	720588
关键 我	69852
关键 的	62500
关键 还是	47794
关键 你	44117
关键 还	29411
关键 看	25735
关键是 我	366666
关键是 你	316666
关键是 还	133333
关键是 没	100000
关键是 他	83333
关门 了	848484
关门 的	151515
关闭 窗口	100
关闭 联想	90
关闭 设置	80
关闭 服务	70
兴奋 了	442622
兴奋 的	360655
兴奋 到	81967
兴趣 了	352941
兴趣 吗	220588
兴趣 的	132352
兴趣 来	117647
兴趣 不	88235
兴趣 都	88235
其中 一个	446428
其中 的	339285
其中 有	125000
其中 之一	89285
其他 的	461089
其他 都	217898
其他 地方	107003
其他 时候	21400
其他 事	17509
其他 颜色	17509
其他 东西	15564
其他 三个	13618
其他人 都	687500
其他人 的	312500
其他的 都	456140
其他的 就	157894
其他的 么	105263
其他的 我	105263
其他的 了	87719
其他的 可以	87719
其他都 完美	569230
其他都 是	353846
其他都 有	76923
其它 的	592592
其它 都	407407
其实 可以	100
其实 已经	90
其实 还有	80
其实 比较	70
其实也 就	208955
其实也 是	149253
其实也 没	134328
其实也 不	119402
其实也 不是	104477
其实也 没有	104477
其实也 没什么	74626
其实你 可以	414634
其实你 是	268292
其实你 不	195121
其实你 知道	121951
其实并 没有	615384
其实并 不是	384615
其实很 简单	473684
其实很 好	263157
其实很 想	263157
其实我 也	250793
其实我 觉得	112698
其实我 是	93650
其实我 想	82539
其实我 一直	63492
其实我 真的	36507
其实我 不	33333
其实我 还	26984
其实我一直 奇怪	566666
其实我一直 在	233333
其实我一直 都	200000
其实我也 是	317073
其实我也 不	268292
其实我也 想	231707
其实我也 不会	60975
其实我也 没	60975
其实我想 说	1000000
其实我真的 真的	1000000
其实我觉得 这个	533333
其实我觉得 你	466666
其实是 我	555555
其实是 你	177777
其实是 想	155555
其实是 在	111111
其实都 是	1000000
其次 考虑	100
其次 检查	90
其次 需要	80
其次 确认	70
具体 时间	188405
具体 的	181159
具体 是	94202
具体 点	72463
具体 在	65217
具体 我	65217
具体 什么	57971
具体 不	43478
典型 的	1000000
养成 了	538461
养成 习惯	461538
养猫 了	487804
养猫 的	243902
养猫 吧	146341
养生 了	687500
养生 的	312500
内 场	294964
内 个	244604
内 的	165467
内 内	79136
内 不	50359
内 人	43165
内 就	43165
内 是	43165
内容 已经	100
内容 确认	90
内容 比较	80
内容 完整	70
内心 的	339130
内心 是	217391
内心 强大	104347
内心 也	60869
内心 就	43478
内心 还	43478
内心 都	43478
内涵 的	1000000
再 确认	100
再 检查	90
再 开始	80
再 处理	70
再不 回来	428571
再不 疯狂	333333
再不 给	238095
再也 不	309037
再也 不想	107871
再也 没有	104956
再也 没	102040
再也 不是	67055
再也 不敢	64139
再也 不用	46647
再也 不见	46647
再也不 相信	600000
再也不 买	200000
再也不 坐	200000
再买 一个	421052
再买 个	315789
再买 了	263157
再加 个	684210
再加 一个	315789
再去 看	207692
再去 一次	123076
再去 找	115384
再去 了	92307
再去 吃	92307
再去 看看	92307
再去 买	61538
再去 吧	53846
再吃 了	687500
再吃 点	312500
再告诉 你	1000000
再多 了	452380
再多 的	190476
再多 说	190476
再多 也	166666
再大 点	571428
再大 的	428571
再好 也	600000
再好 的	400000
再找 你	390243
再找 个	219512
再找 一个	195121
再找 找	195121
再来 一次	202247
再来 个	157303
再来 点	134831
再来 一遍	89887
再来 吧	78651
再来 找	67415
再来 的	67415
再游说 我	1000000
再爱 了	1000000
再看 了	391304
再看 你	391304
再看 一次	217391
再看看 我	400000
再看看 你	350000
再看看 自己	250000
再稍微 提	1000000
再给 你	649122
再给 我	307017
再给 他	43859
再给你 一次	578947
再给你 带	421052
再见 了	450819
再见 吧	196721
再见 的	90163
再见 来不及	81967
再见 你	73770
再见 王	65573
再见 再见	40983
再说 吧	358024
再说 了	238683
再说 一遍	131687
再说 我	131687
再说 你	53497
再说 一次	37037
再说 什么	28806
再跟 你	636363
再跟 我	363636
再过 几天	392857
再过 几年	357142
再过 两年	250000
再问 你	600000
再问 我	400000
冒昧 问	578947
冒昧 的	421052
冒泡 了	1000000
写 的	295622
写 了	105723
写 完	87542
写 得	59932
写 论文	45791
写 着	43771
写 作业	43097
写 不	24242
写不 出来	590909
写不 完	409090
写字 一般	666666
写字 了	157894
写字 好看	87719
写字 的	87719
写字一般 吧	1000000
写字一般吧 但是	1000000
写完 了	882352
写完 作业	117647
写得 好	310344
写得 真	241379
写的 是	192857
写的 东西	100000
写的 真	92857
写的 字	85714
写的 好	64285
写的 我	57142
写的 都	57142
写着 写	571428
写着 就	428571
写错 了	1000000
军人 优先	522727
军人 去	477272
军人去 逛街	1000000
军人去逛街 玩乐	1000000
军训 的	325581
军训 了	279069
军训 完	255813
农历 的	459459
农历 生日	270270
农历 还是	270270
农村 的	500000
农村 人	375000
农村 孩子	125000
冬天 的	218750
冬天 了	107954
冬天 都	73863
冬天 来	53977
冬天 就	51136
冬天 也	45454
冬天 不	34090
冬天来 了	1000000
冬眠 了	1000000
冬至 快乐	1000000
冰淇淋 的	571428
冰淇淋 吃	428571
冰箱 里	652173
冰箱 的	159420
冰箱 了	101449
冰箱 都	86956
冲动 是	270270
冲动 了	243243
冲动 就	162162
冲动 的	162162
决定 了	252136
决定 的	149572
决定 要	85470
决定 不	81196
决定 以后	59829
决定 去	59829
决定 我	51282
决定 明天	51282
冷漠 脸	380952
冷漠 了	333333
冷漠 的	285714
冷笑 话	1000000
冷静 一下	340909
冷静 冷静	250000
冷静 点	159090
冷静 的	136363
冷静 了	113636
冻死 了	572649
冻死 我	136752
冻死 人	111111
冻死 你	76923
冻死 在	51282
冻死 的	51282
准备 一下	100
准备 材料	90
准备 好了	80
准备 开始	70
准备买 什么	538461
准备买 个	461538
准备去 哪	324324
准备去 哪里	270270
准备去 看	270270
准备去 买	135135
准备好 了	1000000
准备睡觉 了	1000000
准备给 你	538461
准备给 我	461538
准确 的	1000000
凉快 了	346666
凉快 的	253333
凉快 去	93333
凉快 点	93333
凉快 哪	80000
凌乱 了	428571
凌乱 的	428571
凌乱 美	142857
凌晨 三点	298701
凌晨 四点	155844
凌晨 两点	129870
凌晨 五点	116883
凌晨 的	116883
凌晨 一点	90909
凌晨 了	90909
减肥 了	204368
减肥 的	176287
减肥 呢	79563
减肥 成功	62402
减肥 吗	43681
减肥 有	43681
减肥 吧	40561
减肥的 人	517241
减肥的 我	275862
减肥的 时候	206896
凑个 热闹	1000000
凑合 吧	714285
凑合 凑合	285714
几个 月	270408
几个 人	192176
几个 小时	98639
几个 意思	98639
几个 字	62925
几个 都	32312
几个 钱	20408
几个 了	18707
几个人 一起	368421
几个人 知道	368421
几个人 能	263157
几个月 了	285714
几个月 前	267857
几个月 就	196428
几个月 的	142857
几个月 没	107142
几乎 都	335664
几乎 每天	188811
几乎 没有	125874
几乎 没	118881
几乎 不	104895
几乎 天天	62937
几乎 是	62937
几乎每天 都	1000000
几乎都 是	695652
几乎都 在	304347
几号 走	135922
几号 回来	126213
几号 放假	126213
几号 去	97087
几号 开学	97087
几号 的	97087
几号 回	77669
几天 了	116302
几天 就	94433
几天 都	65606
几天 的	52683
几天 去	46719
几天 我	46719
几天 没	36779
几天就 去	388888
几天就 好	333333
几天就 可以	277777
几天我 就	642857
几天我 也	357142
几天都 是	333333
几天都 在	282051
几天都 没	256410
几天都 要	128205
几岁 了	628571
几岁 的	228571
几岁 就	142857
几年 前	253521
几年 的	176056
几年 了	112676
几年 就	98591
几年 没	84507
几年 后	63380
几年 也	56338
几年 都	49295
几张 照片	533333
几张 图	466666
几时 回来	172413
几时 回	137931
几时 放假	137931
几时 出来	103448
几时 去	103448
几时 到	86206
几时 有	86206
几时 来	86206
几次 了	392156
几次 就	245098
几次 都	196078
几次 想	58823
几次 才	58823
几点 去	142156
几点 到	122549
几点 了	102941
几点 的	93137
几点 下班	73529
几点 开始	53921
几点 睡觉	49019
凤凰 传奇	1000000
出 了	234930
出 的	90417
出 声	64142
出 个	55641
出 道	49459
出 问题	46367
出 太阳	37094
出 你	31684
出了 问题	269662
出了 声	179775
出了 吗	89887
出了 新	89887
出了 点	89887
出了 一个	78651
出了 我	78651
出了 个	67415
出事 了	736842
出事 的	263157
出你 的	1000000
出卖 了	838709
出卖 我	161290
出卖了 你	1000000
出去 了	132075
出去 吃	89622
出去 旅游	80188
出去 走走	70754
出去 的	50314
出去 吃饭	44025
出去 溜达	42452
出去 玩儿	37735
出去玩 了	440860
出去玩 的	150537
出去玩 吗	107526
出去玩 都	64516
出去玩 也	53763
出去玩 去	53763
出发 了	448717
出发 去	141025
出发 的	141025
出发 吧	128205
出发 前	76923
出名 了	640000
出名 的	360000
出国 了	636363
出国 吗	181818
出国 的	181818
出声 了	500000
出声 来	500000
出太阳 了	1000000
出差 了	235849
出差 的	122641
出差 去	94339
出差 回来	94339
出差 呢	66037
出差 来	56603
出差 吗	47169
出新 高度	1000000
出来 了	320662
出来 的	231481
出来 就	29239
出来 我	29239
出来 你	19493
出来 是	17543
出来 吃饭	15107
出来了 吗	258064
出来了 我	161290
出来了 吧	129032
出来了 你	112903
出来了 没	96774
出来了 么	80645
出来的 时候	347826
出来的 人	115942
出来的 吗	115942
出来的 效果	101449
出来的 是	86956
出来的 都	86956
出来的 东西	72463
出来的 呢	72463
出来给 你	500000
出来给 我	500000
出现 了	370786
出现 在	239700
出现 的	198501
出现 问题	29962
出现 这种	22471
出现 一次	18726
出现 就是	18726
出现在 我	739130
出现在 你	260869
出生 的	600000
出生 了	200000
出生 到	200000
出租车 司机	625000
出租车 上	375000
出轨 了	541666
出轨 的	458333
出道 了	538461
出道 六周年	269230
出道 的	192307
出门 注意	100
出门 之前	90
出门 以后	80
出门 带伞	70
出问题 了	805555
出问题 的	194444
分 了	204318
分 分钟	144518
分 的	127906
分 我	99667
分 你	69767
分 儿	38205
分 不	26578
分 吗	24916
分你 一半	782608
分你 点	217391
分开 了	607843
分开 的	392156
分我 一半	400000
分我 点	366666
分我 一点	233333
分手 了	353754
分手 的	132411
分手 吧	65217
分手 我们	65217
分手 后	57312
分手 快乐	37549
分手 之后	27667
分手了 吗	538461
分手了 还	461538
分手后 你	1000000
分手后你 还好	1000000
分手我们 会	1000000
分手我们会 是	1000000
分手的 时候	611111
分手的 是	388888
分明 是	736842
分明 就是	263157
分析 的	1000000
分给 你	636363
分给 我	363636
分钟 的	274725
分钟 就	153846
分钟 左右	109890
分钟 了	87912
分钟 都	76923
分钟 吧	65934
分钟 能	65934
分钟 内	54945
划算 的	550000
划算 了	450000
刘海 了	167883
刘海 怎么	160583
刘海 的	124087
刘海 好	80291
刘海 好看	65693
刘海 呢	58394
刘海 都	58394
刘海 吧	43795
刚刚 好	162921
刚刚 看	91760
刚刚 才	61797
刚刚 吃	54307
刚刚 在	50561
刚刚 还	43071
刚刚 看到	37453
刚刚 从	31835
刚刚吃 完	545454
刚刚吃 了	454545
刚刚看 完	461538
刚刚看 了	384615
刚刚看 你	153846
刚好 在	188679
刚好 我	169811
刚好 是	113207
刚好 可以	103773
刚好 有	84905
刚好 也	75471
刚好 看	56603
刚好 看到	56603
刚才 收到	100
刚才 已经	90
刚才 说过	80
刚才 检查	70
创造 奇迹	400000
创造 了	300000
创造 的	300000
初 心	923913
初 吧	76086
初中 的	356435
初中 同学	227722
初中 就	118811
初中 高中	99009
初中 毕业	79207
初中 开始	69306
初中 也	49504
初中的 时候	1000000
初恋 的	481481
初恋 是	296296
初恋 吗	222222
删掉 了	615384
删掉 我	384615
删除 的	1000000
别 这样	55634
别 想	49964
别 太	39688
别 个	35790
别 再	32955
别 让	32246
别 把	27639
别 吃	27285
别人 可能	100
别人 已经	90
别人 也	80
别人 会	70
别人不 知道	571428
别人不 一样	428571
别人家 的	1000000
别人怎么 说	827586
别人怎么 想	172413
别人的 人	185185
别人的 事	135802
别人的 追求	98765
别人的 时候	86419
别人的 看法	86419
别人的 想法	74074
别人的 照片	74074
别人的 生活	74074
别人给 我	444444
别人给 你	277777
别人给 的	277777
别人说 的	390243
别人说 我	365853
别人说 什么	121951
别人说 你	121951
别人都 是	421052
别人都 说	263157
别人都 不	157894
别人都 在	157894
别以为 我	615384
别以为 你	384615
别再 游说	1000000
别再游说 我	1000000
别吃 了	812500
别吃 太	187500
别告诉 我	891304
别告诉 别人	108695
别告诉我 你	1000000
别和 我	1000000
别回来 了	1000000
别在 我	615384
别在 这	384615
别忘了 我	772727
别忘了 你	227272
别想 了	428571
别想 太	321428
别想 那么	119047
别想 多	71428
别想 我	59523
别想太 多	1000000
别感冒 了	1000000
别把 自己	458333
别把 我	333333
别把 你	208333
别提 了	1000000
别理 他	468750
别理 我	375000
别理 她	156250
别的 什么	129151
别的 地方	129151
别的 都	99630
别的 不	81180
别的 了	70110
别的 意思	55350
别的 事	44280
别的 男人	40590
别看 了	772727
别看 我	227272
别给 我	536585
别给 自己	341463
别给 他	121951
别让 我	447761
别让 自己	164179
别让 他	134328
别让 我们	104477
别让 人	74626
别让 她	74626
别说 了	668604
别说 我	93023
别说 你	63953
别说 出来	63953
别说 的	46511
别说 还	34883
别说 什么	29069
别说了 我	1000000
别跟我 说	1000000
别这么 说	1000000
别这样 说	555555
别这样 我	444444
别问 我	800000
别问 了	200000
别问我 为什么	687500
别问我 怎么	156250
别问我 是	156250
别闹 了	886363
别闹 我	113636
别闹了 宝贝	1000000
到 了	202261
到 现在	70290
到 你	62837
到 我	57697
到 家	55384
到 的	34823
到 时	25314
到 最后	13235
到了 吗	100
到了 以后	90
到了 再说	80
到了 请联系	70
到什么 时候	687500
到什么 程度	187500
到什么 了	125000
到位 了	724137
到你 了	471910
到你 的	230337
到你 和	73033
到你 这	39325
到你 那	39325
到你 生日	28089
到你 身上	28089
到哪 都	529411
到哪 了	470588
到哪里 去	549019
到哪里 了	254901
到哪里 都	196078
到处 都	673611
到处 去	69444
到处 是	69444
到处 找	55555
到处 走走	48611
到处 吃	41666
到处 走	41666
到处都 是	743902
到处都 有	170731
到处都 在	85365
到学校 了	1000000
到家 了	100
到家 以后	90
到家 告诉我	80
到家 休息	70
到家了 吗	538461
到家了 吧	307692
到家了 没	153846
到底 是	391696
到底 有	83032
到底 什么	61371
到底 要	57761
到底 是不是	48736
到底 在	45126
到底 怎么	43321
到底 谁	36101
到底什么 时候	1000000
到底是 谁	322916
到底是 什么	312500
到底是 怎么	104166
到底是 个	93750
到底是 想	62500
到底是 去	52083
到底是 要	52083
到底有 多	424242
到底有 多少	393939
到底有 什么	181818
到底要 不要	1000000
到怀疑 人生	1000000
到我 了	400990
到我 的	232673
到我 这	69306
到我 心坎	49504
到我 怀里	44554
到我 都	44554
到我 在	29702
到我 想	29702
到手 了	782608
到手 的	217391
到时 我	285714
到时 你	228571
到时 再	214285
到时 一起	114285
到时 给	85714
到时 就	71428
到时候 你	112179
到时候 我	112179
到时候 看	54487
到时候 去	51282
到时候 给	51282
到时候 再	48076
到时候 联系	44871
到时候 会	35256
到时候给 你	1000000
到最后 吗	333333
到最后 的	333333
到最后 都	333333
到期 了	1000000
到没 朋友	1000000
到点 就	538461
到点 了	461538
到现在 还	277397
到现在 都	277397
到现在 也	75342
到现在 没	68493
到现在 才	65068
到现在 我	61643
到现在 的	47945
到现在 了	44520
到现在还 没	846153
到现在还 没有	153846
到现在都 没	509433
到现在都 不	207547
到现在都 没有	150943
到现在都 还	132075
到的 是	448275
到的 人	206896
到的 时候	172413
到的 都	172413
到这 一步	333333
到这 了	333333
到这 来	333333
刷屏 了	769230
刷屏 的	230769
刷新 了	500000
刷新 就	500000
刻意 减肥	350000
刻意 去	350000
刻意 的	300000
前 几天	284103
前 的	112739
前 就	60879
前 我	51860
前 都	27057
前 几年	19165
前 一个	16910
前两天 还	583333
前两天 也	208333
前两天 有	208333
前几天 也	149425
前几天 我	149425
前几天 去	137931
前几天 还	137931
前几天 的	114942
前几天 在	80459
前几天 不是	57471
前几天 就	57471
前天 就	333333
前天 晚上	333333
前天 去	179487
前天 在	153846
前排 表白	380952
前排 的	333333
前排 了	285714
前提 是	842105
前提 下	157894
前提是 你	600000
前提是 我	400000
前段时间 还	388888
前段时间 的	333333
前段时间 不是	277777
前男友 的	375000
前男友 就	312500
前的 事	600000
前的 你	400000
前途 的	1000000
前面 的	453125
前面 有	117187
前面 那	78125
前面 那个	62500
前面 是	54687
前面 还有	54687
前面 都	54687
前面 去	46875
剧情 也	250000
剧情 就	222222
剧情 的	222222
剧情 是	166666
剧情 和	138888
剩下 的	932692
剩下 我	67307
剪头发 了	870129
剪头发 的	129870
剪掉 了	1000000
剪短 发	524137
剪短 了	386206
剪短 头发	55172
剪短 点	34482
剪短发 了	1000000
力 了	303571
力 的	258928
力 力	98214
力 不足	80357
力 吧	53571
力气 减肥	454545
力气 大	181818
力气 都	136363
力气 了	113636
力气 去	113636
力量 大	571428
力量 是	428571
办 了	333333
办 的	243589
办 个	153846
办 签证	70512
办 护照	44871
办 点	44871
办 健身卡	38461
办 吧	38461
办公室 地址	100
办公室 电话	90
办公室 里面	80
办公室 这边	70
办法 了	302631
办法 的	105263
办法 我	70175
办法 吗	43859
办法 能	43859
办法 让	39473
办法 都	35087
功能 已经	100
功能 完成	90
功能 支持	80
功能 正常	70
加 了	191304
加 个	152795
加 我	89440
加 的	59627
加 分	49689
加 你	48447
加 起来	36024
加上 聪慧	457142
加上 我	314285
加上 去	228571
加个 好友	1000000
加了 个	700000
加了 滤镜	300000
加入 我们	373134
加入 了	208955
加入 你们	164179
加入 我	149253
加入 你	104477
加我 一个	1000000
加油 加油	440217
加油 吧	155279
加油 你	41925
加油 的	34161
加油 我	27950
加油 了	24068
加油 努力	10869
加油你 是	1000000
加油你是 最	1000000
加油啊 会	782608
加油啊 心疼	217391
加油啊会 一直	1000000
加班 到	335526
加班 的	138157
加班 了	125000
加班 呢	92105
加班 吗	59210
加班 加	52631
加班 加班	32894
加班到 天亮	1000000
动 了	298550
动 图	127536
动 的	72463
动 起来	72463
动 次	63768
动 我	57971
动 不了	43478
动不动 就	1000000
动力 了	424242
动力 的	212121
动态 了	1000000
动手 丰衣足食	307692
动手 了	307692
动手 吧	192307
动手 能力	192307
动次 打	1000000
动次打 次	1000000
动物 的	551020
动物 世界	326530
努力 的	224795
努力 了	88555
努力 吧	66757
努力 赚钱	40871
努力 努力	38147
努力 中	36784
努力 工作	28610
努力的 人	1000000
努力让 自己	1000000
努力越 幸运	1000000
励志 的	600000
勇敢 的	660000
勇敢 地	120000
勇敢 面对	120000
勇敢 爱	100000
勇气 都	242424
勇气 了	212121
勇气 去	181818
勇气 和	151515
勉强 接受	250000
勉强 自己	250000
勉强 相信	187500
勉强 可以	156250
勉强 能	156250
勤劳 的	1000000
勤奋 的	647058
勤奋 打败	352941
勤快 的	433333
勤快 了	400000
勤快 点	166666
勾引 我	676470
勾引 你	323529
勾搭 我	571428
勾搭 上	428571
勿忘 国耻	782608
勿忘 初	217391
包包 是	347826
包包 了	217391
包包 好看	217391
包吃 住	1000000
包子 脸	625000
包子 的	375000
包括 我	565217
包括 你	434782
包装 已经	100
包装 确认	90
包装 要求	80
包装 材料	70
匆匆 那年	800000
匆匆 的	200000
化妆 了	362637
化妆 的	362637
化妆 就	87912
化妆 还	65934
化妆 都	65934
化妆 技术	54945
北 了	500000
北 北	500000
北京 的	187125
北京 了	115269
北京 吗	52395
北京 人	40419
北京 有	40419
北京 就	25449
北京 找	25449
北京找 你	666666
北京找 我	333333
北京欢迎 你	1000000
北方 人	493103
北方 的	317241
北方 真的	113793
北方 都	24137
北方 冬天	17241
北方 是	17241
北方 有	17241
北方人 去	361702
北方人 的	276595
北方人 买菜	106382
北方人去 南方	1000000
北方真的 是	1000000
北方真的是 这样	1000000
区 的	529411
区 了	147058
区 号	147058
区别 吗	295454
区别 的	295454
区别 不	113636
区别 是	113636
医生 说	268292
医生 的	121951
医生 了	91463
医生 也	79268
医生 都	60975
医生 吧	48780
医生 你好	42682
医院 了	253521
医院 看看	204225
医院 的	169014
医院 看	112676
医院 做	49295
医院 呢	49295
医院 吧	42253
十一 去	309090
十一 回来	145454
十一 回家	127272
十一 就	127272
十一 的	109090
十一 回去	90909
十一 还	90909
十个 人	533333
十个 小时	466666
十二点 多	288461
十二点 了	269230
十二点 才	134615
十二点 前	115384
十二点 之前	96153
十二点 就	96153
十八岁 的	1000000
十几年 前	590909
十几年 了	409090
十分 感谢	370370
十分 的	259259
十分 想	185185
十分 有	185185
十年 了	244444
十年 前	211111
十年 后	200000
十年 少	122222
十年 一品	55555
十年 之后	55555
十年 没	55555
十年 的	55555
十点 多	500000
十点 就	263157
十点 了	236842
十里 桃花	772727
十里 不如	227272
千万 不要	753968
千万 不能	182539
千万 要	63492
升级 了	355932
升级 的	237288
升级 到	152542
升级 中	84745
升级 后	84745
升级 系统	84745
午餐 愉快	720000
午餐 了	280000
午饭 了	516666
午饭 吃	216666
午饭 没	100000
午饭 就	83333
午饭 的	83333
半个 月	545454
半个 小时	355371
半个 多月	33057
半个 多	24793
半个 头	20661
半个 老乡	20661
半个小时 了	533333
半个小时 就	466666
半个月 了	456521
半个月 的	195652
半个月 没	130434
半个月 前	108695
半个月 吧	108695
半夜 起来	153846
半夜 不	102564
半夜 发	85470
半夜 吃	76923
半夜 的	76923
半夜 到	59829
半夜 去	59829
半夜 才	59829
半天 了	172043
半天 没	172043
半天 才	139784
半天 不	107526
半天 的	107526
半天 都	107526
半天 你	75268
半天 就	64516
半小时 的	529411
半小时 就	470588
半年 了	514705
半年 没	161764
半年 多	132352
半年 后	102941
半年 就	88235
华为 手机	302325
华为 的	302325
华为 了	162790
华为 荣耀	116279
华为 都	116279
单位 的	363636
单位 了	250000
单位 也	136363
单位 就	136363
单位 都	113636
单曲 循环	1000000
单曲循环 了	1000000
单纯 的	777777
单纯 了	134920
单纯 喜欢	47619
单纯 不	39682
单纯的 小	411764
单纯的 喜欢	294117
单纯的 想	294117
单身 的	360169
单身 了	152542
单身 吗	76271
单身 呢	50847
单身 一辈子	38135
单身 也	33898
单身 是	33898
单身的 原因	307692
单身的 状态	307692
单身的 人	192307
单身的 我	192307
卖完 了	1000000
南 南	234042
南 山南	212765
南 大	170212
南 广场	127659
南 无	127659
南 的	127659
南京 的	299212
南京 了	196850
南京 也	86614
南京 人	55118
南京 有	55118
南京 吗	47244
南京 我	39370
南宁 了	529411
南宁 的	470588
南方 的	507142
南方 上	114285
南方 姑娘	78571
南方 有	78571
南方 冬天	57142
南方 真的	50000
南方 没有	42857
南方 同学	35714
南方上 了	1000000
南方上了 次	1000000
南方人 真的	407407
南方人 表示	222222
南方人 在	185185
南方人 都	185185
南方的 艳阳	281250
南方的 女孩子	218750
南方的 同学	187500
南方的 孩子	156250
南方的 蟑螂	156250
南昌 的	615384
南昌 也	384615
占 了	324675
占 地方	155844
占 个	103896
占 我	103896
占 的	90909
占 位置	77922
占 你	77922
占 比	64935
印象 中	354166
印象 里	125000
印象 最深	114583
印象 深刻	114583
印象 了	93750
印象 都	93750
印象 不好	52083
印象 城	52083
印象中 你	500000
印象中 的	500000
危险 了	424657
危险 的	369863
即 是	681818
即 正义	318181
即使 是	288888
即使 不	177777
即使 你	155555
即使 下	133333
即使 我	133333
即使 有	111111
即将 毕业	538461
即将 要	461538
却 不	148241
却 没	77889
却 又	70351
却 要	60301
却 没有	55276
却 在	50251
却 还	47738
却不 知道	1000000
卸妆 的	538461
卸妆 吗	461538
卸载 了	1000000
历史 记录	100
历史 数据	90
历史 保留	80
历史 查询	70
厉害 了	632006
厉害 的	125101
厉害 厉害	69049
厉害 吧	19496
厉害 吗	17871
厉害 我	17871
厉害 呢	15434
厉害了 我	655737
厉害了 厉害	213114
厉害了 吧	131147
厉害了我 的	1000000
厉害的 样子	617647
厉害的 人	205882
厉害的 吗	176470
压力 大	271356
压力 很大	125628
压力 太	120603
压力 好	120603
压力 山	70351
压力 的	70351
压力 都	55276
压力太 大	1000000
压力太大 了	1000000
压力好 大	1000000
压力山 大	1000000
压抑 了	400000
压抑 的	400000
压抑 自己	200000
压根 就	500000
压根 没	384615
压根 不	115384
压根就 没	1000000
厕所 的	221153
厕所 了	173076
厕所 里	115384
厕所 也	105769
厕所 都	105769
厕所 还	86538
厕所 我	76923
厕所 就	67307
厘米 多	666666
厘米 的	333333
厚道 的	650000
厚道 了	350000
原 着	810344
原 声	189655
原创 的	571428
原创 歌手	428571
原因 吧	220238
原因 的	154761
原因 是	130952
原因 吗	95238
原因 就是	65476
原因 了	53571
原因 之一	41666
原图 吗	722222
原图 可以	277777
原地 爆炸	714285
原地 等	285714
原本 的	304347
原本 以为	260869
原本 就	217391
原本 是	217391
原来 你	309701
原来 是	240671
原来 我	78358
原来 的	70895
原来 这	21455
原来 不是	19589
原来 有	18656
原来 这样	18656
原来你 是	327868
原来你 也	213114
原来你 在	87431
原来你 喜欢	71038
原来你 还	71038
原来你 这么	71038
原来你 的	65573
原来你 不	38251
原来大家 都	1000000
原来我 是	354838
原来我 的	258064
原来我 不是	193548
原来我 也	193548
原来是 这样	567567
原来是 你	243243
原来是 这个	90090
原来是 这么	54054
原来是 个	45045
原谅 我	532000
原谅 你	312000
原谅 了	48000
原谅 他	48000
原谅 她	36000
原谅 的	24000
原谅你 了	795454
原谅你 的	204545
原谅我 不	392857
原谅我 的	392857
原谅我 吧	214285
厦门 的	278481
厦门 了	240506
厦门 吗	101265
厦门 之	63291
厦门 也	63291
厦门 去	63291
厦门 校区	63291
厦门 等	63291
去 哪里	100
去 看看	90
去 吃饭	80
去 公司	70
去上 厕所	615384
去上 了	384615
去上海 了	510638
去上海 找	127659
去上海 的	127659
去上海 看	106382
去上班 了	441176
去上班 的	411764
去上班 吧	147058
去上课 了	1000000
去不了 了	657142
去不了 的	142857
去世 了	593750
去世 的	406250
去买 个	230769
去买 了	136752
去买 一个	119658
去买 吧	94017
去买 东西	76923
去买 彩票	76923
去买 的	68376
去买 衣服	59829
去了 我	115537
去了 吗	107569
去了 你	75697
去了 吧	63745
去了 也	51792
去了 哪里	43824
去了 就	43824
去你 那	553846
去你 那里	200000
去你 去	92307
去你 要	76923
去你 那边	76923
去你们 学校	518518
去你们 那	296296
去你们 家	185185
去你家 吃	392857
去你家 吃饭	250000
去你家 了	178571
去你家 做客	178571
去做 个	447368
去做 了	236842
去做 的	184210
去做 头发	131578
去北京 了	619047
去北京 找	214285
去北京 干嘛	166666
去医院 看看	444444
去医院 了	277777
去医院 看	185185
去医院 检查	92592
去南方 上	1000000
去南方上 了	1000000
去吃 了	211055
去吃 好吃	105527
去吃 的	80402
去吃 吃	70351
去吃 个	65326
去吃 东西	55276
去吃 吧	55276
去吃好吃 的	1000000
去吃饭 了	590909
去吃饭 吧	409090
去吧 去	677419
去吧 你	161290
去吧 我	161290
去哪 了	497716
去哪 吃	50228
去哪 旅游	45662
去哪 潇洒	45662
去哪 呢	41095
去哪 去	31963
去哪 工作	31963
去哪儿 了	863636
去哪里 了	475308
去哪里 呢	98765
去哪里 旅游	43209
去哪里 看	43209
去哪里 潇洒	37037
去哪里 都	37037
去哪里 工作	30864
去学校 了	666666
去就 去	1000000
去年 的	225000
去年 就	91666
去年 我	83333
去年 买	79166
去年 和	45833
去年 也	41666
去年 去	37500
去年 夏天	37500
去年买 的	555555
去年买 了	444444
去广州 了	482758
去广州 的	275862
去广州 找	241379
去成都 了	1000000
去我 也	448275
去我 就	379310
去我 要	172413
去找 你	644886
去找 他	110795
去找 她	42613
去找 我	39772
去找 找	36931
去找 个	31250
去找 你们	25568
去找 一个	19886
去找你 了	500000
去找你 的	315789
去接 你	702702
去接 我	162162
去接 他	135135
去新 的	1000000
去新的 不	1000000
去旅游 了	585365
去旅游 吗	268292
去旅游 的	146341
去武汉 了	615384
去武汉 的	384615
去现场 吗	400000
去现场 的	250000
去现场 了	175000
去现场 看	175000
去电影院 看	1000000
去百度 一下	476190
去百度 了	285714
去百度 下	238095
去的 时候	309803
去的 地方	223529
去的 吗	74509
去的 是	66666
去的 人	31372
去的 吧	31372
去的 我	31372
去看 了	204592
去看 你	177453
去看 电影	116910
去看 医生	77244
去看 的	75156
去看 我	62630
去看 演唱会	43841
去看看 吧	423076
去看看 你	211538
去看看 我	134615
去看看 的	134615
去看看 医生	96153
去睡觉 了	551020
去睡觉 吧	448979
去给 你	671641
去给 我	208955
去给 小花	119402
去西安 了	705882
去西安 的	294117
去见 你	807692
去见 他	192307
去超市 买	1000000
去过 了	344594
去过 的	209459
去过 一次	168918
去过 呢	121621
去过 两次	54054
去过 你	33783
去过 重庆	33783
去过 青岛	33783
去逛街 玩乐	1000000
去重庆 了	647058
去重庆 吃火锅	352941
参加 了	272058
参加 婚礼	169117
参加 的	110294
参加 我	66176
参加 活动	58823
参加 个	51470
参加 你	51470
又 不	76366
又 要	67390
又 不是	61093
又 是	60155
又 去	43810
又 没	40862
又 来	36977
又 有	32020
又下雨 了	1000000
又不 知道	191964
又不 在	156250
又不 来	120535
又不 去	58035
又不 喜欢	49107
又不 给	49107
又不 说	44642
又不 约	35714
又不是 我	270270
又不是 你	202702
又不是 没	162162
又不是 不	148648
又不是 第一次	54054
又不是 什么	47297
又不是 天天	40540
又不是 说	40540
又不是不 知道	1000000
又买 了	1000000
又到 了	1000000
又去 哪里	218045
又去 哪	187969
又去 了	120300
又去 北京	82706
又去 看	82706
又去 吃	67669
又去 哪儿	60150
又去 成都	52631
又吃 了	730769
又吃 不到	269230
又回去 了	1000000
又回家 了	1000000
又回来 了	1000000
又在 一起	360000
又在 哪里	240000
又在 吃	200000
又在 说	200000
又多 了	1000000
又大 了	576923
又大 又	423076
又失眠 了	1000000
又开始 了	593750
又开始 说	218750
又开始 回归	187500
又怎么 了	807692
又怎么 会	192307
又想 去	363636
又想 吃	303030
又想 起来	181818
又想 谈恋爱	151515
又是 一个	138121
又是 什么	127071
又是 新	104972
又是 谁	93922
又是 你	77348
又是 一条	66298
又是 美好	66298
又是 一年	55248
又是新 的	1000000
又有 什么	356164
又有 多久	178082
又有 了	136986
又有 新	136986
又有 多少	123287
又有 几个	68493
又有多久 不能	1000000
又来 了	954887
又来 一个	45112
又没 说	373493
又没 人	180722
又没 去	108433
又没 吃	108433
又没 了	96385
又没 钱	72289
又没 多	60240
又白 又	1000000
又看 了	1000000
又看了 一遍	1000000
又看到 你	741935
又看到 了	258064
又给 我	545454
又给 你	454545
又美 了	550000
又美 又	450000
又老 了	800000
又老 一岁	200000
又老了 一岁	1000000
又能 怎样	611111
又能 怎么样	388888
又被 你	758620
又被 我	241379
又要 去	398692
又要 开始	137254
又要 买	78431
又要 走	71895
又要 被	52287
又要 吃	45751
又要 来	45751
又要 下雨	39215
又让 我	1000000
又调皮 了	1000000
又走 了	1000000
又跑 去	652173
又跑 到	347826
又长 了	413793
又长 高	310344
又长 又	275862
又黑 了	333333
又黑 又	333333
又黑 我	333333
友善 吗	265625
友善 和	171875
友善 敬业	140625
友善 可以	125000
友善 爱国	109375
友善 的	109375
友善 多	78125
友谊 的	500000
友谊 长存	386363
友谊 天长地久	113636
双十一 买	500000
双十一 的	500000
双方 都	576923
双方 的	230769
双方 父母	192307
双眼皮 了	311111
双眼皮 是	244444
双眼皮 好	177777
双眼皮 的	155555
双眼皮 都	111111
反 了	398058
反 话	223300
反 的	145631
反 黑	106796
反 着	77669
反 被	48543
反对 吧	829268
反对 的	170731
反应 过来	354838
反应 是	219354
反应 就是	129032
反应 也	58064
反应 不	51612
反应 了	51612
反应 都	38709
反应 吗	32258
反思 一下	708333
反思 自己	291666
反手 就是	642857
反手 给	357142
反正 我	363886
反正 你	106324
反正 都	71494
反正 就是	54078
反正 是	50412
反正 不是	43996
反正 也	41246
反正 我们	32997
反正不是 我	520000
反正不是 你	480000
反正也 是	434782
反正也 没	304347
反正也 不	260869
反正你 也	562500
反正你 是	281250
反正你 就是	156250
反正我 是	305676
反正我 也	148471
反正我 不	96069
反正我 觉得	82969
反正我 没	65502
反正我 就	30567
反正我 已经	30567
反正我 现在	30567
反正我们 这儿	705882
反正我们 都	294117
反正都 是	833333
反正都 要	166666
反省 一下	736842
反省 自己	263157
反而 是	244444
反而 更	200000
反而 觉得	177777
反而 不	133333
反而 不好	133333
反而 会	111111
反馈 的	625000
反馈 给	375000
反驳 吧	857142
反驳 你	71428
反驳 我	71428
发 的	185341
发 了	161331
发 个	48020
发 我	43807
发 发	32013
发 你	29064
发 照片	28222
发个 图	352941
发个 照片	352941
发个 短信	294117
发了 个	187500
发了 什么	109375
发了 一个	93750
发了 一条	93750
发了 一遍	93750
发了 就	93750
发了 工资	93750
发了 一张	78125
发你 的	647058
发你 照片	352941
发信息 不能	333333
发信息 的	333333
发信息 给	333333
发光 的	736842
发光 了	263157
发出 来	712962
发出 去	203703
发出 了	83333
发出来 了	500000
发出来 的	500000
发吃 的	1000000
发图 了	666666
发图 给	333333
发型 了	165745
发型 的	88397
发型 好看	82872
发型 都	71823
发型 也	66298
发型 我	66298
发型 不错	49723
发展 的	436363
发展 成	218181
发展 了	181818
发展 到	163636
发工资 了	615384
发工资 的	384615
发我 的	357142
发我 就	285714
发我 照片	178571
发我 看看	178571
发挥 你	571428
发挥 好	428571
发春 了	714285
发春 的	285714
发来 贺电	804347
发来 看看	195652
发泄 一下	441176
发泄 下	205882
发泄 出来	205882
发泄 发泄	147058
发炎 了	722222
发炎 的	277777
发烧 了	1000000
发照片 了	705882
发照片 给	294117
发现 了	371687
发现 你	144351
发现 我	138075
发现 的	40446
发现 他	19525
发现 是	16736
发现 原来	16039
发现了 什么	276923
发现了 你	153846
发现了 一个	123076
发现了 我	123076
发现了 吗	92307
发现了 这个	76923
发现你 的	352941
发现你 是	196078
发现你 越来越	137254
发现你 还	117647
发现你 也	98039
发现你 最近	98039
发现我 的	363636
发现我 是	227272
发现我 有	181818
发现我 也	113636
发现我 好	113636
发现美的 眼睛	1000000
发生 了	493670
发生 什么	167721
发生 的	136075
发生 在	101265
发生 事故	18987
发生 这种	18987
发生了 什么	1000000
发生什么 事	444444
发生什么 了	416666
发生什么 事情	138888
发生在 我	529411
发生在 他们	470588
发的 图	138613
发的 时候	128712
发的 照片	128712
发的 是	118811
发的 那个	118811
发的 我	99009
发的 这个	89108
发的 都	79207
发票 已经	100
发票 开具	90
发票 发送	80
发票 信息	70
发福 了	758620
发福 的	241379
发给 我	100
发给 你	90
发给 客户	80
发给 大家	70
发给你 了	391304
发给你 看	391304
发给你 的	217391
发给我 吗	600000
发给我 的	400000
发网上 事情	1000000
发自内心 的	1000000
发话 了	615384
发话 呢	384615
发财 了	814814
发财 的	185185
发送 邮件	100
发送 文件	90
发送 资料	80
发送 消息	70
发错 了	1000000
发霉 了	1000000
叔叔 阿姨	150943
叔叔 的	141509
叔叔 你	113207
叔叔 我	84905
叔叔 是	75471
叔叔 了	66037
叔叔 生日快乐	66037
叔叔 也	56603
取 的	254237
取 了	237288
取 个	169491
取 快递	169491
取 下来	84745
取 我	84745
取消 选择	100
取消 操作	90
取消 请求	80
取消 任务	70
受 不	220858
受 的	171779
受 了	122699
受 教	104294
受 影响	79754
受 你	42944
受 受	42944
受不了 了	601449
受不了 你	94202
受不了 的	86956
受不了 我	57971
受不了 他	36231
受伤 了	523255
受伤 的	476744
受到 了	771428
受到 伤害	228571
受教 了	1000000
变 了	278953
变 好	103362
变 的	90909
变 大	63511
变 美	51058
变 漂亮	47322
变 老	39850
变化 的	437500
变化 太	250000
变化 大	156250
变化 好	156250
变大 了	1000000
变好 了	515151
变好 的	484848
变小 了	1000000
变形 了	791666
变形 的	208333
变得 更	169491
变得 更好	135593
变得 越来越	127118
变得 这么	127118
变得 好	101694
变得 更加	101694
变得 不	76271
变成 了	592592
变成 你	104938
变成 小	86419
变成 我	80246
变成 这样	74074
变成 个	30864
变成 更好	30864
变漂亮 了	1000000
变美 了	1000000
变黑 了	1000000
口 的	229885
口 了	160919
口 红色	160919
口 水流	137931
口 不	91954
口 我	80459
口 口	68965
口味 的	340909
口味 了	125000
口味 真	113636
口味 不	79545
口味 也	68181
口味 儿	68181
口味 太重	68181
口水 都	1000000
口红 是	168831
口红 的	116883
口红 颜色	116883
口红 好看	103896
口红 了	90909
口红 和	90909
口红 就	90909
口红 吗	77922
口红色 号	1000000
口罩 了	461538
口袋 里	800000
口袋 就	200000
另 一个	778846
另 一种	129807
另 一张	33653
另 有	28846
另一个 人	821428
另一个 号	178571
另外 还有	100
另外 需要	90
另外 可以	80
另外 提供	70
只 需要	100
只 有	90
只 保留	80
只 支持	70
只不过 是	538461
只不过 我	326923
只不过 你	134615
只会 吃	148514
只会 让	148514
只会 做	118811
只会 更	99009
只会 在	79207
只会 说	79207
只会 越来越	69306
只会 是	59405
只吃 了	629629
只喜欢 你	1000000
只如初 见	1000000
只想 说	344262
只想 知道	172131
只想 问	98360
只想 看	61475
只想 睡觉	45081
只想 吃	40983
只想 发财	32786
只想 做	28688
只想说 一句	375000
只想说 你	312500
只想说 我	312500
只是 想	82103
只是 觉得	63502
只是 我	60295
只是 在	46183
只是 个	42976
只是 不	38486
只是 说	33996
只是 一个	31430
只是不 知道	538461
只是不 爱	461538
只是单纯 的	1000000
只是想 说	254901
只是想 看看	156862
只是想 让	156862
只是想 知道	117647
只是想 表达	117647
只是想 吃	98039
只是想 告诉	98039
只是我 自己	450000
只是我 还	300000
只是我 的	250000
只是说 说	571428
只是说 你	428571
只有 我	284803
只有 你	148777
只有 一个	106269
只有 自己	37194
只有 我们	29755
只有 在	26567
只有 这	24442
只有 一张	21253
只有你 一个	372093
只有你 自己	209302
只有你 了	186046
只有你 抱住	116279
只有你 这种	116279
只有我 一个	614457
只有我 觉得	138554
只有我 在	42168
只有我 注意	42168
只有我 自己	42168
只有我 了	30120
只有我 关注	30120
只有我 发现	30120
只有我一个 人	1000000
只爱 你	571428
只爱 我	428571
只用 了	600000
只看 了	781250
只看 得到	218750
只看到 了	1000000
只知道 你	380952
只知道 我	380952
只知道 有	238095
只能 说	244873
只能 在	69963
只能 看	59107
只能 这样	42219
只能 是	41013
只能 用	41013
只能 自己	41013
只能 等	37394
只能说 你	540983
只能说 是	229508
只能说 我	131147
只能说 这	98360
只能这样 了	1000000
只要 你	298245
只要 是	132553
只要 不	109161
只要 有	97465
只要 我	60428
只要 不是	52631
只要 能	31189
只要你 不	289473
只要你 想	263157
只要你 开心	157894
只要你 来	157894
只要你 愿意	131578
叫 我	283718
叫 你	217808
叫 什么	106503
叫 上	42776
叫 他	35792
叫 不	20951
叫 了	20515
叫 的	19205
叫上 我	1000000
叫什么 名字	649484
叫什么 了	82474
叫什么 我	61855
叫什么 呢	51546
叫你 不	150326
叫你 来	98039
叫你 去	91503
叫你 一声	84967
叫你 的	65359
叫你 不要	58823
叫你 你	58823
叫你 看	58823
叫军人 优先	1000000
叫我 去	274647
叫我 小	77464
叫我 我	77464
叫我 起床	70422
叫我 的	56338
叫我 女	49295
叫我 雷锋	49295
叫醒 你	350000
叫醒 我	350000
叫醒 了	300000
召唤 你	400000
召唤 神龙	366666
召唤 我	233333
可 我	162040
可 真	48418
可 没	43899
可 别	43253
可 你	29051
可 要	28405
可 多	27759
可 不敢	21304
可不 就是	282608
可不 可爱	239130
可不 像	195652
可不 么	152173
可不 一定	130434
可不可以 不要	444444
可不可以 把	296296
可不可以 去	259259
可不是 绅士	285714
可不是 吗	224489
可不是 么	204081
可不是 我	163265
可不是 这样	122448
可不是绅士 所	1000000
可不是绅士所 为	1000000
可乐 鸡翅	657894
可乐 的	342105
可人 是	1000000
可以 先	100
可以 直接	90
可以 继续	80
可以 提供	70
可以一个 人	1000000
可以不 看	361111
可以不 可以	277777
可以不 去	222222
可以不 喜欢	138888
可以买 到	594594
可以买 的	216216
可以买 个	189189
可以了 吗	409090
可以了 吧	363636
可以做 你	421052
可以做 个	236842
可以做 朋友	210526
可以做 的	131578
可以做你 的	1000000
可以再 买	272727
可以再 去	272727
可以再 吃	227272
可以再 来	227272
可以去 看看	259740
可以去 看	149350
可以去 现场	123376
可以去 找	84415
可以去 试试	77922
可以去 吃	64935
可以去 买	58441
可以去 的	58441
可以去现场 吗	1000000
可以叫 我	615384
可以叫 你	384615
可以吃 吗	269841
可以吃 的	238095
可以吃 了	158730
可以吃 到	142857
可以吃 么	95238
可以吃 点	95238
可以告诉 我	860465
可以告诉 你	139534
可以和 你	500000
可以和 我	500000
可以回家 了	1000000
可以在 一起	666666
可以在 网上	333333
可以尝试 下	666666
可以尝试 一下	333333
可以带 你	400000
可以带 我	333333
可以带 着	266666
可以很 羡慕	1000000
可以很羡慕 女主角	1000000
可以找 我	588235
可以找 你	235294
可以找 个	176470
可以把 我	272727
可以把 你	250000
可以把 你家	250000
可以把 它	113636
可以把 自己	113636
可以教 我	538461
可以教 你	461538
可以有 的	739130
可以有 个	260869
可以来 找	571428
可以来 个	142857
可以来 我	142857
可以来 我家	142857
可以来找 我	1000000
可以理解 为	736842
可以理解 成	263157
可以用 的	576923
可以用 吗	423076
可以的 可以	390243
可以的 吧	195121
可以的 我	121951
可以看 一下	227272
可以看 下	159090
可以看 了	136363
可以看 的	136363
可以看 你	113636
可以穿 裙子	450000
可以穿 短袖	300000
可以穿 的	250000
可以约 一下	225806
可以约 你	225806
可以约 我	225806
可以约 了	161290
可以给 你	541666
可以给 我	416666
可以给 他	41666
可以给我 吗	642857
可以给我 一个	357142
可以考虑 下	461538
可以考虑 考虑	346153
可以考虑 去	192307
可以让 我	458333
可以让 你	416666
可以让 自己	125000
可以说 是	681592
可以说 非常	84577
可以说 我	69651
可以说 你	29850
可以说 一下	24875
可以说 说	24875
可以说是 非常	506666
可以请 你	529411
可以请 我	470588
可以跟 你	515151
可以跟 我	333333
可以跟 哥哥	151515
可以这么 说	558823
可以这么 理解	235294
可以这么 美	205882
可以送 我	538461
可以送 你	461538
可以问 我	448275
可以问 一下	344827
可以问 你	206896
可多 了	1000000
可好 了	1000000
可好吃 了	1000000
可开心 了	1000000
可怕 的	434343
可怕 了	377104
可怕 可怕	30303
可怕 吗	30303
可怕 么	26936
可怕 我	23569
可怕 你	16835
可怕的 是	727272
可怕的 事情	159090
可怕的 女人	113636
可怜 的	685546
可怜 了	105468
可怜 我	50781
可怜 你	21484
可怜 可怜	13671
可怜 人	11718
可怜 死	11718
可怜的 孩子	511627
可怜的 我	174418
可怜的 小	139534
可怜的 娃儿	116279
可怜的 说	58139
可恶 了	529411
可恶 的	470588
可惜 了	257009
可惜 我	247663
可惜 你	95794
可惜 没	58411
可惜 没有	56074
可惜 不是	46728
可惜 不	23364
可惜不是 你	642857
可惜不是 我	357142
可惜我 不	333333
可惜我 不是	266666
可惜我 是	233333
可惜我 在	166666
可我 还是	208333
可我 不	133333
可我 不想	83333
可我 是	75000
可我 真的	66666
可我 还	66666
可我 不是	50000
可我 也	50000
可拉倒 吧	1000000
可是 我	369408
可是 你	101731
可是 他	25974
可是 有	25974
可是 我们	24531
可是 不	23809
可是 没	22366
可是 没有	22366
可是你 的	280000
可是你 说	280000
可是你 是	240000
可是你 还要	200000
可是我 不	99290
可是我 的	88652
可是我 还是	85106
可是我 没有	74468
可是我 觉得	74468
可是我 现在	53191
可是我 想	46099
可是我 也	39007
可没 说	1000000
可爱 的	410442
可爱 了	240581
可爱 死	27098
可爱 吗	24454
可爱 呢	19828
可爱 吧	17845
可爱 可爱	16523
可爱了 吧	790697
可爱了 我	209302
可爱死 了	1000000
可爱没 人	1000000
可爱没人 反驳	1000000
可爱的 小	225000
可爱的 你	187500
可爱的 人	125000
可爱的 我	75000
可爱的 狗狗	62500
可爱的 宝宝	56250
可爱的 孩子	43750
可爱的 小姑娘	37500
可爱长大 的	1000000
可笑 的	1000000
可美 了	666666
可美 可	333333
可能 需要	100
可能 已经	90
可能 还有	80
可能 可以	70
可能不 知道	434782
可能不 信	347826
可能不 可能	217391
可能也 是	388888
可能也 会	333333
可能也 有	277777
可能会 有	396226
可能会 好	150943
可能会 被	132075
可能会 去	113207
可能会 死	113207
可能会 不	94339
可能因为 我	687500
可能因为 你	312500
可能在 一起	1000000
可能我 是	307692
可能我 的	269230
可能我 太	230769
可能我 比较	192307
可能是 我	311965
可能是 你	162393
可能是 吧	111111
可能是 个	94017
可能是 没	38461
可能是 为了	29914
可能是 想	29914
可能是 的	29914
可能还 在	352941
可能还 没	352941
可能还 会	294117
可贵 了	615384
可贵 的	384615
台 的	612903
台 里	387096
台风 来	343750
台风 天	281250
台风 吗	218750
台风 了	156250
右边 的	566037
右边 那个	169811
右边 是	150943
右边 那	113207
号 的	97385
号 就	59513
号 去	45085
号 才	42380
号 了	41478
号 到	34265
号 吧	27051
号 是	26149
号码 了	291666
号码 是	291666
号码 我	208333
号码 的	208333
司机 带	255555
司机 的	177777
司机 都	100000
司机 了	88888
司机 师傅	88888
司机 结伴	66666
司机 不	55555
司机带 带	736842
司机带 我	263157
吃 了	142563
吃 的	135438
吃 完	46307
吃 点	40687
吃 吃	33642
吃 什么	23905
吃 东西	22797
吃不 下去	517241
吃不 动	310344
吃不 着	172413
吃不到 了	571428
吃不到 葡萄	428571
吃不完 的	1000000
吃不胖 的	827586
吃东西 了	285714
吃东西 的	285714
吃东西 不	71428
吃东西 也	71428
吃东西 就	71428
吃东西 吃	59523
吃东西 吧	59523
吃个 火锅	615384
吃个 晚饭	384615
吃了 吗	63793
吃了 个	60344
吃了 吧	44827
吃了 没	43103
吃了 会	39655
吃了 你	36206
吃了 好多	36206
吃了唯一 的	1000000
吃什么 了	152173
吃什么 吧	152173
吃什么 呢	141304
吃什么 就	108695
吃什么 都	86956
吃什么 好	76086
吃什么 好吃	65217
吃什么 东西	54347
吃你 的	620000
吃你 做	380000
吃你做 的	1000000
吃光 了	1000000
吃到 了	428571
吃到 的	346938
吃到 嘴里	122448
吃到 好吃	102040
吃午饭 了	1000000
吃可爱 长大	1000000
吃可爱长大 的	1000000
吃吧 吃	666666
吃吧 我	333333
吃多 了	890410
吃多 运动	75342
吃多 动	34246
吃多了 不好	333333
吃多了 会	333333
吃多了 吧	333333
吃太 多	1000000
吃太多 了	1000000
吃好 了	511627
吃好 的	348837
吃好 点	139534
吃好吃 的	1000000
吃好吃的 了	533333
吃好吃的 去	466666
吃好喝 好	1000000
吃完 了	573426
吃完 就	83916
吃完 再	59440
吃完 的	48951
吃完 午饭	24475
吃完 晚饭	24475
吃完 火锅	24475
吃完 这	24475
吃完饭 就	562500
吃完饭 了	437500
吃宵夜 了	642857
吃宵夜 的	357142
吃少 了	642857
吃少 吃	357142
吃就 吃	520833
吃就 好	312500
吃得 多	348837
吃得 好	255813
吃得 太	186046
吃我 的	533333
吃我 就	466666
吃掉 了	1000000
吃早餐 了	687500
吃早餐 的	312500
吃早饭 了	1000000
吃晚饭 了	583333
吃晚饭 的	416666
吃火锅 了	310810
吃火锅 的	148648
吃火锅 吗	108108
吃火锅 吧	81081
吃火锅 去	67567
吃火锅 底料	67567
吃火锅 我	67567
吃点 东西	273584
吃点 吧	122641
吃点 好	122641
吃点 好吃	113207
吃点 水果	84905
吃点 清淡	75471
吃点 就	56603
吃的 时候	70175
吃的 东西	68580
吃的 都	65390
吃的 好	54226
吃的 是	49441
吃的 少	46251
吃的 多	41467
吃的 了	36682
吃素 的	600000
吃素 了	400000
吃药 了	460000
吃药 吧	130000
吃药 的	130000
吃药 吃药	70000
吃药 都	50000
吃货 的	494117
吃货 来说	105882
吃货 一枚	94117
吃货 你	70588
吃货 都	70588
吃货 了	58823
吃过 了	506493
吃过 的	181818
吃过 一次	168831
吃过 吗	77922
吃过 那个	64935
吃这么 多	700000
吃这么 好	300000
吃那么 多	886363
吃那么 好	113636
吃都 不	1000000
吃醋 了	666666
吃醋 的	212121
吃饭 了吗	100
吃饭 以后	90
吃饭 之前	80
吃饭 去	70
吃饭了 吗	661538
吃饭了 没	184615
吃饭了 么	76923
吃饭了 没有	76923
吃饭去 了	650000
吃饭去 吧	350000
吃饭的 时候	853658
吃饭的 我	146341
吃饱 了	881944
吃饱 就	76388
吃饱 才	41666
吃饱了 才	527777
吃饱了 再	250000
吃饱了 就	222222
吃饱了才 有	1000000
吃饺子 了	458333
吃饺子 的	333333
各 有	350364
各 的	321167
各 方面	175182
各 大	153284
各位 和	400000
各位 小	300000
各位 老	300000
各地 都	681818
各地 的	318181
各有 各	1000000
各有各 的	1000000
各种 小人儿	97560
各种 野生	97560
各种 不	89430
各种 原因	73170
各种 吃	73170
各种 羡慕	73170
各种 事情	65040
各种 活动	65040
各种各样 的	1000000
各自 的	545454
各自 安好	272727
各自 幸福	181818
合作 的	687500
合作 了	312500
合同 已经	100
合同 确认	90
合同 发送	80
合同 签署	70
合影 跟	673469
合影 了	122448
合影 呢	102040
合影 的	102040
合影跟 我	1000000
合影跟我 说	1000000
合照 的	540540
合照 了	243243
合照 都	216216
合理 的	708333
合理 饮食	291666
合肥 的	529411
合肥 了	470588
合适 的	564102
合适 吗	138461
合适 了	71794
合适 吧	46153
合适 么	41025
合适 就	35897
合适 我	30769
合适的 人	727272
合适的 就	272727
同 问	219047
同 是	100000
同 在	73809
同 你	71428
同 好	71428
同 我	61904
同 为	50000
同 上	26190
同一个 世界	324324
同一个 人	216216
同一个 梦想	202702
同一个 地方	189189
同一个 城市	67567
同一天 生日	1000000
同乐 同乐	848484
同事 说	208333
同事 的	135416
同事 都	93750
同事 们	72916
同事 一起	62500
同事 也	62500
同事 了	62500
同事 去	62500
同喜 同喜	1000000
同学 的	118090
同学 说	95477
同学 都	90452
同学 你	82914
同学 们	70351
同学 在	62814
同学 也	47738
同学 是	37688
同居 了	571428
同居 的	428571
同志 们	625000
同情 你	1000000
同意 了	232142
同意 你	178571
同意 的	151785
同意 我	142857
同意 不	62500
同意 同意	62500
同意 吗	62500
同意 更	62500
同感 同感	666666
同时 检查	100
同时 支持	90
同时 需要	80
同时 提供	70
同样 的	610000
同样 是	160000
同样 也	110000
同样 的话	70000
同样 喜欢	50000
同桌 的	588235
同桌 你	411764
同步 的	615384
同步 了	384615
名 儿	211267
名 了	183098
名 是	126760
名 吧	98591
名 创优	70422
名 的	70422
名 着	70422
名声 都	1000000
名字 了	108647
名字 叫	75388
名字 都	70953
名字 就	68736
名字 我	57649
名字 的	57649
名字 是	50997
后 的	162105
后 就	103157
后 我	57894
后 你	54736
后 会	52631
后 有	44210
后 才	34736
后 再	28421
后会 在	800000
后会 不会	200000
后会在 榜首	1000000
后你 还好	722222
后你 会	277777
后你还好 吗	1000000
后天 上午	100
后天 下午	90
后天 出发	80
后天 再说	70
后就 可以	533333
后就 没	466666
后悔 了	300000
后悔 的	290476
后悔 没	142857
后悔 死	66666
后悔 没有	42857
后悔 吗	28571
后悔 就	28571
后我 就	722222
后我 也	277777
后有 爱心	1000000
后期 的	615384
后期 会	384615
后来 就	127139
后来 我	127139
后来 的	80684
后来 又	73349
后来 发现	66014
后来 才	53789
后来 他	39119
后来 都	39119
后来的 我们	1000000
后面 的	351274
后面 就	84985
后面 有	70821
后面 那个	62322
后面 加	56657
后面 是	53824
后面 还有	42492
后面 我	36827
后面加 个	1000000
后面的 人	450000
后面的 那个	300000
后面的 小	250000
吐血 了	1000000
向 你	653631
向 我	206703
向 他	39106
向 大佬	33519
向 谁	27932
向你 学习	379310
向你 看齐	206896
向你 招手	172413
向你 请教	137931
向你 取经	103448
向前 爱	586206
向前 看	413793
向往 的	1000000
向往的 生活	1000000
吓人 了	545454
吓人 的	333333
吓哭 了	1000000
吓坏 了	705882
吓坏 我	294117
吓死 我	474074
吓死 了	274074
吓死 你	162962
吓死 宝宝	88888
吓死我 了	1000000
吗 我	262795
吗 你	86614
吗 哈哈	57086
吗 亲	32480
吗 还是	31496
吗 好	30511
吗 那	22637
吗 还	20669
吗我 的	166666
吗我 也	135416
吗我 不	114583
吗我 是	104166
吗我 有	83333
吗我 要	72916
吗我 还	72916
吗我 都	72916
否则 你	538461
否则 我	461538
吧 我	192488
吧 你	128325
吧 哈哈	41471
吧 好	39123
吧 来	28951
吧 去	21126
吧 是	20735
吧 那	20344
吧但是 还	1000000
吧你 就	321428
吧你 又	250000
吧你 也	214285
吧你 是	214285
吧去 吧	1000000
吧又 怕	375000
吧又 想	312500
吧又 没	312500
吧唧 的	600000
吧唧 吧唧	400000
吧好 吧	1000000
吧我 也	202970
吧我 觉得	123762
吧我 不	99009
吧我 的	89108
吧我 还	59405
吧我 在	54455
吧我 是	54455
吧我 要	44554
吧我也 不	615384
吧我也 是	384615
吧是 吧	1000000
吧来 吧	1000000
吧那 我	500000
吧那 你	250000
吧那 就	250000
含蓄 点	375000
含蓄 了	312500
含蓄 的	312500
听 你	129822
听 了	94369
听 着	81856
听 的	67257
听 我	54223
听 起来	42752
听 不	26068
听不 听	800000
听不 下去	200000
听不懂 你	389830
听不懂 的	288135
听不懂 了	169491
听不懂你 在	1000000
听不懂你在 说	1000000
听不懂的 样子	1000000
听了 你	409090
听了 一遍	318181
听了 个	272727
听他 的	760000
听他 说	240000
听你 的	442528
听你 说	166666
听你 唱歌	126436
听你 说话	68965
听你 这么	63218
听你 讲	45977
听你 的话	28735
听你 话	28735
听到 了	309644
听到 你	192893
听到 的	152284
听到 这	111675
听到 我	76142
听到 有人	55837
听到 这个	40609
听到 他	30456
听到你 的	1000000
听听 你	280000
听听 我	280000
听听 音乐	240000
听听 好	200000
听完 你们	476190
听完 了	285714
听完 转	238095
听我 不	425925
听我 的	407407
听我 说	166666
听我不 听	1000000
听歌 的	407407
听歌 呢	222222
听歌 了	185185
听歌 听到	185185
听的 人	304347
听的 我	260869
听的 多	217391
听的 时候	217391
听着 就	342857
听着 你	171428
听着 像	142857
听着 听	142857
听见 了	437500
听见 你	281250
听见 我	281250
听话 的	1000000
听说 你	295857
听说 了	79881
听说 有	76923
听说 是	56213
听说 你们	47337
听说 的	44378
听说你 要	800000
听说你 在	200000
听说你要 开	1000000
听谁 说	1000000
听起来 好	295454
听起来 就	181818
听起来 好像	113636
听过 的	185185
听过 你	148148
听过 最	129629
听过 一个	111111
听过 了	111111
听过 吗	111111
听过 这	111111
听这 首歌	1000000
吵架 了	620000
吵架 的	380000
吵醒 了	666666
吵醒 我	166666
吵醒 的	166666
吸引 了	293478
吸引 我	271739
吸引 人	260869
吸引 你	119565
吸引 来	54347
吼吼 看	736842
吼吼 我	263157
告白 气球	1000000
告诉 我	479868
告诉 你	390917
告诉 他	25280
告诉 我们	22003
告诉 你们	15917
告诉 自己	14044
告诉 她	13576
告诉 别人	11235
告诉你 我	285140
告诉你 的	108433
告诉你 了	84337
告诉你 你	72289
告诉你 一个	68273
告诉你 个	68273
告诉你 吧	36144
告诉你们 其实	1000000
告诉你们其实 我	1000000
告诉我 你	231707
告诉我 怎么	80487
告诉我 我	65853
告诉我 这	58536
告诉我 两个	48780
告诉我 在	46341
告诉我 一声	43902
告诉我两个 小时	1000000
告诉我你 的	437500
告诉我你 是	406250
告诉我你 没	156250
告诉我这 是	1000000
呜呜 我	1000000
呢 你	117370
呢 我	113458
呢 还是	43818
呢 吧	37558
呢 么	36776
呢 哈哈	33646
呢 还	28951
呢你 也	268292
呢你 呢	268292
呢你 说	195121
呢你 还	146341
呢你 知道	121951
呢我 也	237288
呢我 呢	152542
呢我 在	135593
呢我 的	118644
呢我 要	101694
呢我 是	84745
呢我 现在	84745
呢我 这	84745
呢是 呢	1000000
周一 上午	100
周一 下午	90
周一 开会	80
周一 开始	70
周一的 日常	1000000
周三 上午	100
周三 下午	90
周三 开会	80
周三 确认	70
周二 上午	100
周二 下午	90
周二 开会	80
周二 确认	70
周五 上午	100
周五 下午	90
周五 开会	80
周五 结束	70
周六 周日	271428
周六 晚上	242857
周六 去	171428
周六 的	85714
周六 要	85714
周六 我	71428
周六 见	71428
周四 上午	100
周四 下午	90
周四 开会	80
周四 确认	70
周围 的	532258
周围 人	225806
周围 都	129032
周围 好多	112903
周围的 人	1000000
周日 去	481481
周日 快乐	333333
周日 回	185185
周末 有空	100
周末 一起	90
周末 休息	80
周末 出去	70
周杰伦 的	575000
周杰伦 演唱会	300000
周杰伦 是	125000
味道 的	132616
味道 了	103942
味道 好	75268
味道 不错	71684
味道 也	71684
味道 还	71684
味道 如何	53763
味道还 不错	421052
味道还 可以	315789
呵呵 了	247524
呵呵 你	237623
呵呵 我	188118
呵呵 是	74257
呵呵 那	59405
呵呵 好	49504
呵呵 谢谢	34653
呵呵 不	29702
呼吸 都	520000
呼吸 的	480000
呼呼 的	571428
呼呼 了	428571
呼噜 声	1000000
命 里	146067
命 了	101123
命 的	101123
命 都	101123
命 大	89887
命 好	78651
命 是	67415
咋个 办	615384
咋个 了	384615
咋办 呢	478260
咋样 了	491525
和 你	260144
和 我	214298
和 他	44089
和 她	22132
和 谁	17214
和 你们	16862
和 别人	16335
和 我们	15808
和他 一起	280898
和他 的	224719
和他 在	191011
和他 说	101123
和他 分手	78651
和他 说话	67415
和他 分	56179
和他在 一起	1000000
和以前 一样	1000000
和你 一样	164285
和你 一起	151190
和你 说	128571
和你 的	86904
和你 在	70238
和你 说话	45238
和你 有	40476
和你 去	27380
和你一样 的	1000000
和你一起 去	592592
和你一起 走	222222
和你一起 看	185185
和你们 一起	1000000
和你在 一起	1000000
和你有 关系	642857
和你有 什么	357142
和你说 了	428571
和你说 的	371428
和别人 说	363636
和别人 在	318181
和别人 的	318181
和喜欢 的	1000000
和喜欢的 人	1000000
和她 在	243243
和她 一起	216216
和她 说	216216
和她 的	189189
和她 一样	135135
和好 了	736842
和好 吧	263157
和平 的	562500
和平 分手	437500
和您 在	700000
和您 的	300000
和您在 一起	1000000
和我 一样	206258
和我 说	183499
和我 一起	108108
和我 的	92460
和我 在	44096
和我 说话	28449
和我 聊聊	27027
和我 朋友	22759
和我一样 的	560000
和我一样 有	240000
和我一样 都	200000
和我们 一起	611111
和我们 的	388888
和我在 一起	1000000
和我想 的	1000000
和我的 一样	600000
和我的 小伙伴	400000
和我聊聊 就	1000000
和我说 的	371428
和我说 下	142857
和我说 了	142857
和我说 说	142857
和朋友 一起	440000
和朋友 去	280000
和朋友 就	280000
和谁 一起	375000
和谁 在	312500
和谐 友善	217391
和谐 的	173913
和谐 了	130434
和谐 和	76086
和谐 可以	65217
和谐 号	65217
和谐 我	65217
咖啡 很好	100
咖啡 好了	90
咖啡 到了	80
咖啡 可以	70
咨询 一下	275862
咨询 我	206896
咨询 下	172413
咨询 你	172413
咨询 吗	172413
咱们 一起	129251
咱们 的	125850
咱们 都	119047
咱们 先	57823
咱们 是	57823
咱们 去	51020
咱们 不	40816
咱们 就	40816
咱们一起 去	571428
咱们一起 加油	428571
咱们先 聊聊	1000000
咱俩 的	170886
咱俩 一起	132911
咱俩 都	132911
咱俩 是	82278
咱俩 谁	69620
咱俩 一样	56962
咱俩 也	56962
咱俩 得	44303
咸鱼 了	500000
咸鱼 有	500000
品牌 的	1000000
品种 的	541666
哇塞 你	340425
哇塞 哇塞	212765
哇塞 我	212765
哇塞 好	127659
哇塞 去	106382
哈哈 我	163864
哈哈 你	102868
哈哈 好	59676
哈哈 是	50774
哈哈 那	37256
哈哈 谢谢	24727
哈哈 不	20771
哈哈 对	20112
哈哈你 也	271186
哈哈你 是	110169
哈哈你 要	67796
哈哈你 又	59322
哈哈你 来	59322
哈哈你 说	59322
哈哈你 不	50847
哈哈你 在	50847
哈哈可以 可以	772727
哈哈可以 的	227272
哈哈太假 了	1000000
哈哈太假了 我	1000000
哈哈好 的	406593
哈哈好 吧	351648
哈哈好 可爱	98901
哈哈我 也	386554
哈哈我 都	79831
哈哈我 是	67226
哈哈我 觉得	46218
哈哈我 要	42016
哈哈我 不	37815
哈哈我 还	37815
哈哈我 一直	33613
哈哈我也 是	466666
哈哈我也 觉得	233333
哈哈我也 想	133333
哈哈我也 不	83333
哈哈我也 喜欢	83333
哈哈我们 都	538461
哈哈我们 也	461538
哈哈是 的	556818
哈哈是 呢	79545
哈哈是 吧	68181
哈哈笑 死	1000000
哈哈笑死 我	1000000
哈哈笑死我 了	1000000
哈哈等 你	500000
哈哈等 我	500000
哈哈那 你	360000
哈哈那 我	280000
哈哈那 是	220000
哈哈那 就	140000
哈尔滨 的	666666
哈尔滨 了	181818
哈尔滨 有	151515
哎呀 我	344370
哎呀 你	211920
哎呀 哎呀	152317
哎呀 妈呀	145695
哎呀 好	72847
哎呀 这	39735
哎呀 真棒	33112
哎呀我 的	368421
哎呀我 也	315789
哎呀我 去	315789
哎哟 我	369565
哎哟 你	304347
哎哟 不错	195652
哎哟 哎哟	130434
哥哥 的	129817
哥哥 们	117647
哥哥 你	87221
哥哥 我	73022
哥哥 好	54766
哥哥 了	38539
哥哥 给	34482
哥哥 是	32454
哪 有	206504
哪 天	121881
哪 来	65045
哪 都	61888
哪 了	57783
哪 呢	39785
哪 去	28733
哪上班 呢	625000
哪个 是	131768
哪个 学校	79422
哪个 地方	55956
哪个 城市	55956
哪个 区	50541
哪个 好	45126
哪个 位置	37906
哪个 牌子	37906
哪个学校 的	700000
哪个是 你	560975
哪个是 我	317073
哪个是 哪个	121951
哪也 不	642857
哪也 没	357142
哪买 的	1000000
哪儿 了	178117
哪儿 都	162849
哪儿 呢	86513
哪儿 买	58524
哪儿 去	58524
哪儿 的	58524
哪儿 来	55979
哪儿买 的	1000000
哪儿来 的	1000000
哪儿都 有	470588
哪儿都 能	352941
哪儿都 是	176470
哪儿都有 你	1000000
哪去 了	883333
哪去 哪	116666
哪只 眼睛	1000000
哪天 我	174157
哪天 去	134831
哪天 有空	95505
哪天 不	84269
哪天 来	78651
哪天 你	67415
哪天 回来	50561
哪天 有	50561
哪家 的	836734
哪家 强	163265
哪怕 是	1000000
哪有 那么	293333
哪有 你	137777
哪有 这么	124444
哪有 时间	84444
哪有 不	48888
哪有 我	48888
哪有 这	35555
哪有那么 多	486486
哪有那么 容易	216216
哪有那么 夸张	162162
哪有那么 快	135135
哪来 的	868750
哪来 那么	87500
哪来 这么	43750
哪看 的	600000
哪看 出来	400000
哪都 有	443548
哪都 不	145161
哪都 是	104838
哪都 能	88709
哪都 没	64516
哪都 一样	56451
哪都 好	56451
哪都 可以	40322
哪都有 你	1000000
哪里 有	113769
哪里 的	79744
哪里 都	75491
哪里 了	74428
哪里 买	63264
哪里 去	48378
哪里 来	44657
哪里买 的	1000000
哪里去 了	1000000
哪里可以 看	439024
哪里可以 买	414634
哪里可以 看到	146341
哪里在 哪里	1000000
哪里来 的	1000000
哪里看 的	520000
哪里看 出来	480000
哪里能 买	615384
哪里能 看	384615
哪里都 有	486111
哪里都 是	222222
哪里都 不	111111
哪里都 能	111111
哪里都 好	69444
哪里都有 你	1000000
唐人街 探案	1000000
唯一 的	613333
唯一 一个	160000
唯一 能	60000
唯一 一部	53333
唯一 一次	46666
唯一 想	33333
唯一 让	33333
唯一的 一次	1000000
唯有 暴富	769230
唯有 美食	230769
唱歌 的	223021
唱歌 了	179856
唱歌 好听	79136
唱歌 呢	64748
唱歌 吗	50359
唱歌 就	50359
唱歌 给	50359
商量 下	444444
商量 好	370370
商量 商量	185185
啊 我	132933
啊 你	85753
啊 哈哈	59628
啊 好	40725
啊 是	34424
啊 对	23666
啊 亲	19671
啊不 知道	1000000
啊之类 的	1000000
啊亲爱 的	1000000
啊什么 的	791666
啊会 一直	1000000
啊会一直 疯狂	1000000
啊你 是	143750
啊你 也	131250
啊你 在	106250
啊你 不	93750
啊你 怎么	68750
啊你 要	56250
啊你 说	56250
啊你 看	43750
啊哈哈 我	521739
啊哈哈 你	478260
啊好 可爱	49382
啊好 吧	49382
啊好 想	43209
啊我 也	170258
啊我 的	105603
啊我 是	64655
啊我 都	64655
啊我 觉得	56034
啊我 还	53879
啊我 要	43103
啊我 在	40948
啊我也 是	409090
啊我也 想	363636
啊我也 觉得	113636
啊是 我	31250
啊有 的	294117
啊等 你	611111
啊等 我	388888
啊这 是	1000000
啊那 我	526315
啊那 你	473684
啥事 都	333333
啥事 了	296296
啥事 没有	185185
啥子 都	204545
啥子 意思	147727
啥子 的	113636
啥子 叫	79545
啥子 要	79545
啥子 不	68181
啥子 时候	68181
啥子 有	68181
啥时候 回来	138769
啥时候 来	121602
啥时候 能	75822
啥时候 回	65808
啥时候 去	57224
啥时候 结婚	32904
啥时候 放假	27181
啥时候 有空	27181
啥时候回 学校	666666
善变 的	1000000
善意 的	1000000
善良 的	755395
善良 了	86330
善良 一点	43165
善良 是	43165
善良 又	35971
善良 可爱	35971
善良的 人	612244
善良的 你	142857
善良的 孩子	122448
善良的 心	122448
喜剧 人	1000000
喜欢 你	175147
喜欢 的	169384
喜欢 我	63536
喜欢 吃	52853
喜欢 他	42592
喜欢 看	23755
喜欢 她	23053
喜欢 了	22350
喜欢一个 人	842105
喜欢一个 女生	94736
喜欢一个 男孩子	63157
喜欢一个人 的	615384
喜欢一个人 是	384615
喜欢上 了	531914
喜欢上 一个	212765
喜欢上 他	127659
喜欢上 我	127659
喜欢不 起来	533333
喜欢不 喜欢	466666
喜欢什么 类型	1000000
喜欢什么样 的	1000000
喜欢他 的	617283
喜欢他 了	246913
喜欢你 的	466269
喜欢你 了	113095
喜欢你 这种	43650
喜欢你 这	41666
喜欢你 你	39682
喜欢你 呢	31746
喜欢你 这个	25793
喜欢你的 人	448275
喜欢你的 头像	206896
喜欢你的 字	172413
喜欢你的 文字	172413
喜欢吃 的	527272
喜欢吃 什么	218181
喜欢吃 这个	163636
喜欢吃 甜食	90909
喜欢吃的 全家	1000000
喜欢听 你	1000000
喜欢她 的	789473
喜欢她 了	210526
喜欢好看 的	1000000
喜欢好看的 男孩子	1000000
喜欢就 好	588888
喜欢就 不	88888
喜欢就 可以	77777
喜欢就 买	66666
喜欢就 去	66666
喜欢就 在	55555
喜欢我 的	510309
喜欢我 吗	154639
喜欢我 唱歌	92783
喜欢我 了	82474
喜欢我 喜欢	41237
喜欢我 吧	36082
喜欢我 就	30927
喜欢我 我	25773
喜欢我的 文笔	720000
喜欢我的 人	180000
喜欢我的 我	100000
喜欢的 人	538931
喜欢的 是	39694
喜欢的 事	36641
喜欢的 东西	30534
喜欢的 类型	30534
喜欢的 事情	29007
喜欢的 那个	22900
喜欢的 就	19847
喜欢的人 了	258503
喜欢的人 在	108843
喜欢的人 不	88435
喜欢的人 和	74829
喜欢的人 也	61224
喜欢的人 但是	61224
喜欢的人 都	61224
喜欢的人 一起	54421
喜欢看 你	552631
喜欢看 的	315789
喜欢看 她	131578
喜欢自己 的	1000000
喜欢谁 谁	428571
喜欢谁 了	333333
喜欢谁 就	238095
喜欢这 首歌	590909
喜欢这 张	409090
喜欢这样 的	1000000
喝 水	100
喝 茶	90
喝 咖啡	80
喝 一点	70
喝不 下去	444444
喝不 动	277777
喝不 完	277777
喝了 咖啡	188679
喝了 一杯	169811
喝了 点	132075
喝了 多少	113207
喝了 奶茶	113207
喝了 一口	94339
喝了 吗	94339
喝了 很多	94339
喝多 了	1000000
喝太 多	1000000
喝完 了	1000000
喝水 都	333333
喝水 喝水	244444
喝水 的	177777
喝水 也	111111
喝点 水	400000
喝点 热水	280000
喝点 牛奶	120000
喝点 小	106666
喝点 热	93333
喝的 是	333333
喝的 都	250000
喝的 不	208333
喝的 时候	208333
喝茶 就	266666
喝茶 的	233333
喝茶 了	200000
喝酒 了	298913
喝酒 的	141304
喝酒 去	65217
喝酒 吗	54347
喝酒 吧	54347
喝酒 呢	43478
喝醉 了	833333
喝醉 的	166666
嘟嘟 的	1000000
嘲笑 我	784313
嘲笑 你	215686
嘴巴 上	185185
嘴巴 里	185185
嘴巴 这么	166666
嘴巴 都	148148
嘴巴 也	111111
嘴巴 好	111111
嘴巴 太	92592
嘴里 的	615384
嘴里 说	384615
嘻嘻 我	280701
嘻嘻 你	163742
嘻嘻 好	128654
嘻嘻 谢谢	122807
嘻嘻 是	81871
嘻嘻 么	40935
嘻嘻 那	35087
嘻嘻 开心	29239
嘻嘻我 也	1000000
嘿嘿 我	246753
嘿嘿 你	220779
嘿嘿 是	162337
嘿嘿 谢谢	103896
嘿嘿 好	90909
嘿嘿 在	38961
嘿嘿 开心	38961
嘿嘿 最近	32467
噩梦 了	782608
噩梦 的	217391
四 不	182608
四 人	130434
四 了	113043
四 月底	104347
四 儿	69565
四 字	60869
四 小	52173
四个 字	276119
四个 人	261194
四个 月	246268
四个 小时	216417
四天 了	625000
四天 都	375000
四川 的	673076
四川 了	230769
四年 了	322580
四年 的	177419
四年 前	161290
四年 都	145161
四年 多	112903
四年 后	80645
四月 的	444444
四月 了	277777
四月 去	277777
四点 多	825000
四点 才	175000
回 学校	139745
回 了	123411
回 我	100725
回 的	53085
回 你	46279
回 北京	34482
回 成都	26769
回不 回	680000
回不 回来	320000
回不去 了	732558
回不去 的	197674
回不来 了	1000000
回了 个	241379
回了 你	241379
回了 吗	172413
回事 了	333333
回你 了	323529
回你 的	294117
回你 一句	205882
回你 表情	176470
回到 家	385245
回到 了	204918
回到 过去	90163
回到 解放前	73770
回到 从前	65573
回到 学校	49180
回到 宿舍	49180
回到 大	40983
回到家 了	642857
回到家 就	357142
回北京 了	1000000
回去 了	296404
回去 的	71900
回去 吗	49156
回去 就	37417
回去 看	32281
回去 找	30080
回去 吧	27146
回去了 吗	558823
回去了 么	235294
回去找 你	1000000
回去的 时候	761904
回去的 路上	238095
回去看 你	615384
回去看 了	384615
回去给 你	1000000
回去请 我	625000
回去请 你	375000
回国 了	673913
回国 的	86956
回国 吗	65217
回国 也	54347
回复 一下	100
回复 邮件	90
回复 客户	80
回复 消息	70
回复你 了	472222
回复你 的	333333
回复你 一下	194444
回复我 有	485380
回复我 了	192982
回复我 的	140350
回复我 我	105263
回复我 一下	46783
回复我 说	29239
回复我有 惊喜	1000000
回头 看	148387
回头 我	141935
回头 看看	109677
回头 给	109677
回头 了	103225
回头 的	103225
回头 找	51612
回头 你	45161
回头给 你	1000000
回学校 了	710526
回学校 就	70175
回学校 的	52631
回学校 看看	43859
回家 以后	100
回家 之前	90
回家 了	80
回家 休息	70
回家了 吗	429687
回家了 么	125000
回家了 吧	109375
回家了 我	62500
回家了 你	39062
回家的 时候	313432
回家的 路上	268656
回家的 人	149253
回家的 诱惑	104477
回家的 路	89552
回家的 孩子	74626
回家过年 了	1000000
回归 了	576923
回归 高	230769
回忆 感谢	319327
回忆 的	168067
回忆 里	109243
回忆 了	100840
回忆 是	84033
回忆 总是	67226
回忆 过去	67226
回忆感谢 永远	1000000
回忆感谢永远 年轻	1000000
回成都 了	1000000
回我 了	344086
回我 的	118279
回我 消息	96774
回我 吗	86021
回我 我	75268
回我 信息	64516
回我 一个	53763
回我 呢	53763
回报 的	1000000
回来 了	100
回来 以后	90
回来 之前	80
回来 再说	70
回来一起 去	615384
回来一起 吃	384615
回来了 吗	270642
回来了 吧	128440
回来了 么	91743
回来了 没	87155
回来了 我	64220
回来了 你	36697
回来了 就	36697
回来就 好	1000000
回来带 你	588235
回来带 我	411764
回来我 就	378378
回来我 请	270270
回来我 要	189189
回来我 给	162162
回来我们 一起	375000
回来我们 去	312500
回来我们 就	312500
回来找 你	536585
回来找 我	463414
回来的 时候	672727
回来的 路上	236363
回来的 我	90909
回来给 你	578125
回来给 我	421875
回来请 你	540540
回来请 我	459459
回来请你 吃饭	529411
回来请你 吃	470588
回来请我 吃	615384
回来请我 吃饭	384615
回来跟 你	526315
回来跟 我	473684
回答 我	468531
回答 的	188811
回答 你	153846
回答 了	90909
回答 正确	62937
回答 是	34965
回老家 了	1000000
因 你	666666
因 我	333333
因为 今天	100
因为 这个	90
因为 我们	80
因为 时间	70
因为不 知道	600000
因为不 爱	400000
因为什么 结束	1000000
因为什么结束 的	1000000
因为他 是	380952
因为他 的	380952
因为他 长	238095
因为你 不	176829
因为你 是	176829
因为你 的	134146
因为你 没	85365
因为你 在	67073
因为你 没有	54878
因为你 不是	42682
因为你 喜欢	42682
因为我 是	162079
因为我 也	134556
因为我 不	73394
因为我 觉得	64220
因为我 的	61162
因为我 没	42813
因为我 怕	36697
因为我 想	36697
因为有 你	1000000
因为没 人	500000
因为没 钱	500000
因为爱 你	687500
因为爱 的	312500
困难 的	607142
困难 了	392857
围观 的	750000
围观 围观	250000
固定 的	1000000
国 了	300000
国 的	250000
国产 的	1000000
国内 的	636363
国内 了	145454
国内 有	127272
国内 都	90909
国外 的	738095
国外 吗	142857
国外 都	119047
国家 的	725000
国家 宝藏	150000
国家 二级	125000
国庆 快乐	250000
国庆 去	134615
国庆 后	86538
国庆 回来	86538
国庆 不	76923
国庆 回家	76923
国庆 你	67307
国庆 要	67307
图 的	101398
图 了	83916
图 我	55944
图 上	48951
图 都	45454
图 吗	43706
图 是	43706
图 软件	40209
图书馆 了	296296
图书馆 的	296296
图书馆 还	185185
图有 真相	1000000
图片 已经	100
图片 保存	90
图片 发送	80
图片 位置	70
图给 你	500000
图给 我	500000
圆润 了	666666
圆润 的	333333
圆满 了	1000000
土豆 土豆	411764
土豆 了	294117
土豆 的	294117
土豪 的	231404
土豪 我们	165289
土豪 金	140495
土豪 了	66115
土豪 是	66115
土豪 我	49586
土豪 类	41322
土豪我们 做	1000000
土豪我们做 朋友	1000000
圣诞 了	333333
圣诞 气息	333333
圣诞 的	333333
圣诞节 快乐	736842
圣诞节 的	175438
圣诞节 我	87719
在 一起	50752
在 哪	48759
在 哪里	48095
在 我	34278
在 你	27989
在 看	18201
在 这	17139
在 学校	16873
在一个 城市	565217
在一个 地方	434782
在一起 了	264591
在一起 的	223735
在一起 吧	83657
在一起 吗	50583
在一起 就	40856
在一起 也	27237
在一起 呢	27237
在一起了 吗	615384
在一起的 时候	550000
在一起的 人	275000
在一起的 日子	175000
在上海 呢	333333
在上海 的	259259
在上海 吗	185185
在上班 的	222222
在上班 了	200000
在上班 呢	177777
在上班 吗	111111
在不 在	1000000
在乎 的	338983
在乎 你	288135
在乎 别人	101694
在乎 我	101694
在乎 了	84745
在乎 自己	84745
在于 运动	571428
在于 你	428571
在他 的	400000
在他 乡	300000
在他 身上	300000
在你 的	188328
在你 身边	151193
在你 心里	108753
在你 身上	71618
在你 面前	68965
在你 眼里	42440
在你 那	42440
在你 心中	39787
在做 什么	852941
在做 天	147058
在别人 的	500000
在别人 面前	272727
在别人 家	227272
在北京 吗	232876
在北京 的	219178
在北京 了	82191
在北京 你	82191
在北京 么	68493
在北京 工作	68493
在北京 有	68493
在南京 吗	384615
在吃 好吃	266666
在吃 的	233333
在吃 东西	166666
在吃 夜宵	166666
在吃 早餐	166666
在和 我	578947
在和 你	421052
在哪 呢	240476
在哪 买	100000
在哪 上班	83333
在哪 了	57142
在哪 看	57142
在哪 都	50000
在哪 工作	42857
在哪个 区	227272
在哪个 地方	212121
在哪个 城市	212121
在哪个 位置	121212
在哪个 学校	121212
在哪个 大学	106060
在哪买 的	1000000
在哪儿 呢	271604
在哪儿 买	148148
在哪儿 上班	98765
在哪儿 看	86419
在哪儿 了	74074
在哪儿 工作	61728
在哪里 买	132686
在哪里 呢	126213
在哪里 上班	84142
在哪里 了	64724
在哪里 在	61488
在哪里 看	61488
在哪里 可以	51779
在哪里买 的	1000000
在哪里在 哪里	1000000
在回家 的	1000000
在地铁 上	1000000
在外面 吃	459459
在外面 呢	189189
在外面 要	189189
在外面 有	162162
在学校 的	166666
在学校 了	133333
在学校 里	83333
在学校 吗	66666
在学校 呢	66666
在学校 就	58333
在学校 你	50000
在家 了	75367
在家 呢	66176
在家 的	60661
在家 待	51470
在家 都	51470
在家 等	44117
在家待 着	722222
在家待 了	277777
在家等 你	722222
在家等 着	277777
在家里 了	333333
在家里 没	333333
在家里 的	333333
在宿舍 里	533333
在宿舍 了	466666
在干嘛 呢	823529
在广州 吗	269230
在广州 的	230769
在广州 了	192307
在床上 了	433333
在床上 等	366666
在床上 的	200000
在忙 什么	625000
在忙 着	375000
在想 你	337931
在想 什么	262068
在想 我	206896
在想 这	55172
在想 谁	48275
在想 这个	48275
在想 他	41379
在想要 不要	1000000
在意 别人	200000
在意 这些	187500
在意 男朋友	125000
在意 的	125000
在意 了	87500
在意 你	87500
在意 我	62500
在意 那么	62500
在成都 了	242424
在成都 吗	212121
在成都 的	212121
在我 心里	146288
在我 的	146288
在我 这	102620
在我 面前	91703
在我 身边	74235
在我 眼里	67685
在我 这里	63318
在我 旁边	61135
在我们 学校	500000
在我们 这	222222
在我们 的	138888
在我们 这边	138888
在我心中 的	538461
在我心中 是	461538
在手机 上	666666
在手机 里	333333
在找 工作	434782
在找 你	347826
在找 我	217391
在杭州 的	411764
在榜首 或者	1000000
在榜首或者 第二	1000000
在水 里	1000000
在火车 上	1000000
在电视 上	1000000
在的 时候	800000
在的 地方	200000
在看 你	178947
在看 我	157894
在看 什么	147368
在看 电影	84210
在看 吗	73684
在看 天下	73684
在看 了	63157
在看 电视剧	63157
在等 你	576388
在等 着	166666
在等 他	83333
在等 我	83333
在等 什么	48611
在等 一个	41666
在纠结 要	750000
在纠结 中	250000
在线 等	589743
在线 的	256410
在线 了	153846
在给 我	500000
在给 你	352941
在给 自己	147058
在网上 买	475000
在网上 看	375000
在网上 看到	150000
在考虑 要	1000000
在考虑要 不要	1000000
在自己 的	611111
在自己 身上	250000
在自己 家	138888
在被窝 里	1000000
在说 什么	480851
在说 我	276595
在说 你	174468
在说 些	25531
在说 啥子	21276
在说 谁	21276
在说你 自己	1000000
在说我 吗	680000
在说我 么	320000
在跟 我	684210
在跟 你	315789
在路上 了	722222
在路上 遇到	277777
在这 呢	189873
在这 条	139240
在这 说	113924
在这 之前	75949
在这 了	75949
在这 看到	75949
在这 等	75949
在这个 世界	642857
在这个 时候	357142
在这里 等	400000
在这里 说	360000
在这里 报道	240000
在那 呢	225806
在那 的	225806
在那 了	193548
在那 吃	193548
在那 附近	161290
在那里 上班	368421
在那里 吃	368421
在那里 等	263157
在飞机 上	1000000
地 说	94043
地 的	81504
地 了	75235
地 去	50156
地 都	40752
地 吧	34482
地 在	34482
地上 了	512195
地上 的	365853
地上 都	121951
地区 的	736842
地区 不	263157
地址 已经	100
地址 确认	90
地址 如下	80
地址 修改	70
地域 黑	1000000
地方 都	129427
地方 了	92643
地方 的	83106
地方 也	39509
地方 去	39509
地方 我	35422
地方 是	35422
地方都 是	400000
地方都 有	233333
地方都 没有	200000
地方都 下雪	166666
地步 了	1000000
地球 人	422222
地球 上	288888
地球 的	177777
地球 是	111111
地铁 上	363636
地铁 的	227272
地铁 了	166666
地铁 里	90909
地铁 去	75757
地铁 安检	75757
地震 了	628571
地震 你	371428
场 的	500000
场 了	250000
场 电影	134615
场 我	115384
坐 着	179257
坐 的	117797
坐 了	99871
坐 公交	49935
坐 到	48655
坐 高铁	40973
坐 我	29449
坐下 来	1000000
坐在 我	282051
坐在 你	256410
坐在 办公室	256410
坐在 一起	205128
坐火车 去	411764
坐火车 回	294117
坐火车 都	294117
坐着 的	423076
坐着 呢	384615
坐着 也	192307
坐等 你	622641
坐等 了	169811
坐等 我	113207
坐等 今晚	94339
块钱 的	541666
块钱 买	250000
块钱 吧	208333
坚决 不	838709
坚决 不吃	161290
坚定 目标	473684
坚定 的	342105
坚定 了	184210
坚强 的	747368
坚强 点	136842
坚强 打败	63157
坚强 了	52631
坚持 就是	95465
坚持 住	90692
坚持 不	88305
坚持 的	88305
坚持 了	85918
坚持 坚持	85918
坚持 到	62052
坚持 下来	35799
坚持不 下去	607142
坚持不 下来	392857
坚持就是 胜利	1000000
垃圾 食品	264957
垃圾 的	230769
垃圾 军人	179487
垃圾 了	136752
垃圾 人	94017
垃圾 都	51282
型 的	771929
型 了	140350
型 有	87719
型号 的	529411
型号 小	470588
垮掉 的	1000000
垮掉的 一代	1000000
城 的	545454
城 也	227272
城市 的	275362
城市 还	144927
城市 里	137681
城市 了	72463
城市 也	65217
城市 都	57971
城市 就	50724
城市还 不	1000000
城市还不 知道	1000000
城管 说	672413
城管 城市	327586
城管城市 还	1000000
城管城市还 不	1000000
城管说 了	500000
城管说 事	500000
城管说了 多少	1000000
城里 的	1000000
培养 的	421052
培养 了	315789
培养 成	263157
培训 的	593750
培训 了	218750
基本 都	345565
基本 不	107033
基本 的	107033
基本 没	94801
基本 是	76452
基本 就	61162
基本 就是	45871
基本 没有	42813
基本上 都	507692
基本上 是	261538
基本上 就	138461
基本上 没	92307
基本上都 是	1000000
基本都 是	796875
基本都 在	125000
基本都 不	78125
基础 上	545454
基础 的	454545
塑料 姐妹花	423076
塑料 的	307692
塑料 姐妹	269230
境界 了	592592
境界 是	222222
境界 太	185185
增加 了	1000000
声 了	250000
声 来	178571
声 晚安	107142
声 生日快乐	107142
声 会	89285
声 太	89285
声 我	89285
声音 也	120370
声音 了	120370
声音 的	92592
声音 都	69444
声音 好听	64814
声音 就	64814
声音 太	55555
处 对象	477272
处 的	272727
处 了	136363
处 不	113636
处理 一下	100
处理 问题	90
处理 订单	80
处理 文件	70
处理结果 真	1000000
处理结果真 不如人意	1000000
备份 已经	100
备份 完成	90
备份 文件	80
备份 位置	70
复习 的	261904
复习 了	214285
复习 吧	119047
复习 呢	119047
复习 得	119047
复杂 的	559322
复杂 了	254237
复杂 不知	101694
复活 了	1000000
夏天 的	189189
夏天 了	81081
夏天 来	64864
夏天 就	56756
夏天 到	45945
夏天 去	45945
夏天 还	43243
夏天 热	40540
夏天到 了	1000000
夏天来 了	1000000
夏天的 衣服	615384
夏天的 时候	384615
外 的	296875
外 在	203125
外 送	203125
外 都	109375
外 跑	93750
外卖 的	293333
外卖 小哥	200000
外卖 了	133333
外卖 到	80000
外卖 不	66666
外卖 就	66666
外卖 都	66666
外地 的	1000000
外地人 没	1000000
外地人没 材料	1000000
外套 是	270270
外套 好看	189189
外套 也	135135
外套 了	135135
外套 在	135135
外套 就	135135
外表 女神	600000
外表 下	400000
外面 的	289915
外面 吃	105042
外面 有	79831
外面 要	50420
外面 还	42016
外面 太	37815
外面 呢	33613
外面 好	33613
外面的 世界	1000000
多 了	251589
多 的	83446
多 吃	46321
多 大	42234
多 好	41326
多 人	37806
多久 了	185344
多久 没	172413
多久 不能	56034
多久 就	56034
多久 才	56034
多久 呢	51724
多久 都	38793
多久不能 吃	1000000
多久不能吃 了	1000000
多久没 见	1000000
多么 的	549019
多么 希望	137254
多么 幸福	117647
多么 好	98039
多么 想	98039
多了 吧	131764
多了 都	112941
多了 就	87058
多了 我	61176
多了 去	58823
多了 你	56470
多了 会	44705
多了 个	42352
多了去 了	1000000
多了都 是	1000000
多亏 了	687500
多亏 你	312500
多人 的	206521
多人 喜欢	163043
多人 都	152173
多人 了	108695
多人 说	86956
多人 你	65217
多人 去	54347
多半 是	1000000
多发 点	807692
多发 发	192307
多可爱 的	400000
多吃 点	768115
多吃 多	43478
多吃 一点	39855
多吃 的	32608
多吃 点儿	28985
多吃 一个	21739
多吃 了	21739
多吃 些	21739
多和 我	1000000
多和我 聊聊	1000000
多喝 点	481481
多喝 热水	474074
多喝 开水	44444
多喝水 多	318181
多喝水 吧	272727
多喝点 水	657142
多喝点 热水	342857
多多 的	360000
多多 了	160000
多多 关注	160000
多多 支持	160000
多多 注意	160000
多大 了	380116
多大 的	374269
多大 年纪	52631
多大 点	35087
多大 关系	29239
多大 可能	29239
多太 多	1000000
多好 的	303921
多好吃 的	833333
多好看 的	736842
多少 钱	435897
多少 人	131549
多少 年	55741
多少 个	46822
多少 次	43478
多少 分	24526
多少 天	21181
多少人 的	533333
多少人 是	466666
多少年 了	647058
多少年 没	352941
多少钱 呢	122641
多少钱 一个	84905
多少钱 我	84905
多少钱 一斤	75471
多少钱 买	66037
多少钱 了	56603
多带 点	1000000
多年 的	370129
多年 了	233766
多年 前	51948
多年 来	45454
多年 没	45454
多年 不	38961
多年 我	38961
多年 过去	38961
多想 了	333333
多想 去	222222
多想 吃	222222
多想 我	222222
多愁善感 的	1000000
多我 也	388888
多我 就	333333
多我 都	277777
多月 了	1000000
多次 了	739130
多次 的	130434
多次 都	130434
多注意 身体	450980
多注意 休息	294117
多注意 点	156862
多注意 些	98039
多爱 你	500000
多爱 我	500000
多的 是	213709
多的 人	193548
多的 时候	72580
多的 地方	68548
多的 就是	48387
多的 我	36290
多的 送	36290
多看 几眼	357142
多看 了	321428
多看 几遍	321428
多穿 点	959349
多穿 点儿	40650
多穿点 衣服	620689
多穿点 别	206896
多给 你	444444
多给 我	370370
多给 自己	185185
多虑 了	1000000
多说 了	428571
多说 什么	214285
多说 一句	178571
多说 几句	178571
多谢 多谢	315217
多谢 你	184782
多谢 关心	130434
多谢 夸奖	86956
多谢 了	76086
多谢 支持	65217
多高 多重	166666
多高 的	166666
夜宵 了	421052
夜宵 想	368421
夜宵 吃	210526
夜宵想 吃	1000000
夜宵想吃 什么	1000000
夜班 了	294117
夜班 的	294117
大 了	152749
大 的	131272
大 长	41951
大 晚上	40545
大 实话	23484
大 脸	20473
大一 的	611111
大一 了	138888
大一 新生	97222
大一 就	83333
大一 时候	69444
大三 了	588235
大三 的	411764
大了 吧	145833
大了 还	125000
大了 也	104166
大了 什么	93750
大了 你	93750
大了 点	93750
大了 去	52083
大事 的	571428
大事 了	428571
大二 的	571428
大二 了	428571
大人 的	283333
大人 驾到	233333
大人 了	200000
大人 模样	100000
大人 都	100000
大人 不	83333
大众 点评	454545
大众 脸	340909
大众 的	204545
大佬 的	321428
大佬 大佬	303571
大佬 们	196428
大佬 低头	178571
大写 的	1000000
大冬天 的	1000000
大半夜 的	636363
大半夜 不	272727
大半夜 还	90909
大半夜不 睡觉	1000000
大半夜的 不	1000000
大叔 的	197802
大叔 你	164835
大叔 了	131868
大叔 好	109890
大叔 我	98901
大叔 和	65934
大叔 爱	65934
大叔 在	54945
大哥 你	364285
大哥 的	200000
大哥 我	171428
大哥 不	57142
大哥 说	50000
大哥 大哥	42857
大哥 好	42857
大哥 了	35714
大四 了	540540
大四 的	459459
大声 说	512820
大声 的	358974
大声 告诉	128205
大声说 出来	1000000
大多 都	416666
大多 是	305555
大多 了	277777
大多数 人	571428
大多数 都	222222
大多数 时候	126984
大多数 是	79365
大大 你	538461
大大 老师	461538
大好 的	555555
大好 大	444444
大姐 你	478260
大姐 的	304347
大姐 我	217391
大姨妈 来	470588
大姨妈 了	215686
大姨妈 什么	215686
大姨妈 肚子	98039
大姨妈来 了	1000000
大学 的	197142
大学 了	77142
大学 同学	77142
大学 都	71428
大学 生活	68571
大学 里	54285
大学 四年	42857
大学 就	42857
大学的 时候	666666
大学的 我	333333
大家 好	100
大家 一起	90
大家 可以	80
大家 注意	70
大家一起 努力	529411
大家一起 加油	470588
大家今晚 都	1000000
大家今晚都 好	1000000
大家好 我	562500
大家好 才	437500
大家攻击 她	1000000
大家珍惜 流量	1000000
大家珍惜流量 珍惜	1000000
大家的 祝福	538461
大家的 支持	461538
大家都 是	175799
大家都 在	143835
大家都 说	68493
大家都 要	59360
大家都 知道	54794
大家都 一样	50228
大家都 会	43378
大小 的	600000
大小 号	400000
大我 先	1000000
大我先 说	1000000
大把 时光	307692
大把 机会	269230
大把 的	230769
大把 人	192307
大方 自信	722222
大方 的	277777
大方自信 的	1000000
大方自信的 微笑	1000000
大早上 的	607142
大早上 就	214285
大早上 起来	178571
大明 湖畔	1000000
大明湖畔 的	1000000
大晚上 的	729508
大晚上 不	172131
大晚上 吃	57377
大晚上 看	40983
大晚上不 睡觉	1000000
大晚上的 看	615384
大晚上的 不	384615
大概 是	390455
大概 就是	108459
大概 要	58568
大概 也	43383
大概 什么	32537
大概 就	32537
大概 我	32537
大概 有	30368
大概是 吧	360000
大概是 个	240000
大概是 在	200000
大概是 想	200000
大步 向前	1000000
大步向前 爱	1000000
大气 上档次	666666
大气 的	333333
大清早 的	800000
大清早 就	200000
大点 的	571428
大点 声	250000
大点 事	178571
大热天 的	1000000
大片 的	642857
大片 了	357142
大的 人	212500
大的 事	150000
大的 时候	125000
大的 吗	75000
大的 问题	75000
大的 不	62500
大的 孩子	62500
大神 带	400000
大神 你	233333
大神 是	200000
大神 的	166666
大美 人	684210
大美 妞儿	315789
大胆 的	857142
大胆 说	142857
大自然 的	1000000
大街 上	1000000
大衣 结果	666666
大过年 的	1000000
大连 的	357142
大连 了	196428
大连 是	160714
大连 有	107142
大连 还	89285
大部分 都	362068
大部分 人	198275
大部分 时间	137931
大部分 是	129310
大部分 的	86206
大部分 我	43103
大部分 还是	43103
大部分都 是	1000000
大都 是	615384
大都 没	384615
大雨 了	1000000
大雪 了	705882
大雪 天	294117
大风 了	352941
大风 天	352941
大风 大雨	294117
天 哪	138007
天 了	79704
天 我	42066
天 你	39852
天 的	35424
天 热	29520
天 就	26568
天上 的	814814
天上 来	185185
天下 的	375000
天下 没有	333333
天下 无赖	291666
天亮 了	800000
天亮 的	200000
天哪 我	555555
天哪 你	444444
天啊 我	562500
天啊 你	437500
天天 都	173421
天天 吃	96135
天天 在	55607
天天 快乐	39585
天天 看	32045
天天 发	25447
天天 有	22620
天天好 心情	1000000
天天都 在	336734
天天都 是	336734
天天都 要	132653
天天都 有	91836
天天都 可以	51020
天我 就	444444
天我 也	277777
天我 去	277777
天气 很好	100
天气 不错	90
天气 怎么样	80
天气 预报	70
天气太 热	1000000
天气好 了	350000
天气好 心情	350000
天气好 的	300000
天气很 好	1000000
天气真 好	1000000
天气这么 好	500000
天气这么 热	500000
天气预报 说	1000000
天津 的	633333
天津 了	200000
天津 也	83333
天生 的	894736
天生 就	105263
天空 之	352941
天空 中	176470
天空 的	176470
天空 下	147058
天空 都	147058
天黑 了	708333
天黑 的	291666
太 多	178443
太 大	51231
太 可爱	36010
太 美	30936
太 好看	28214
太 远	24625
太 快	23511
太 少	19923
太不 公平	312500
太不 了解	187500
太不 小心	187500
太不 厚道	156250
太不 给	156250
太不容易 了	1000000
太丑 了	1000000
太久 了	495934
太久 没	333333
太久 的	65040
太久 不见	56910
太久 没有	48780
太久没 见	722222
太久没 吃	277777
太了解 我	571428
太了解 你	428571
太优秀 了	1000000
太低 了	1000000
太假 了	1000000
太假了 我	1000000
太假了我 觉得	1000000
太像 了	772727
太像 你	227272
太冷 了	1000000
太危险 了	1000000
太厉害 了	1000000
太原 的	454545
太原 了	318181
太可怕 了	1000000
太可怜 了	1000000
太可惜 了	1000000
太可爱 了	1000000
太可爱了 吧	837837
太可爱了 我	162162
太吓人 了	1000000
太喜欢 了	450980
太喜欢 你	411764
太喜欢 吃	137254
太坏 了	1000000
太多 了	727007
太多 的	61313
太多 人	49635
太多 太	32116
太多 我	20437
太多 就	17518
太多 吧	16058
太多 事	13138
太多了 吧	466666
太多了 我	366666
太多了 你	166666
太多太 多	1000000
太大 了	839024
太大 的	73170
太大 压力	53658
太大 希望	34146
太夸张 了	1000000
太好 的	647058
太好 用	352941
太好了 吧	807692
太好了 我	192307
太好吃 了	1000000
太好听 了	1000000
太好玩 了	1000000
太好看 了	1000000
太好看了 吧	1000000
太好笑 了	1000000
太客气 了	1000000
太对 了	1000000
太小 了	872093
太小 看	69767
太小 气	58139
太少 了	1000000
太巧 了	1000000
太帅 了	1000000
太年轻 了	1000000
太幸福 了	1000000
太开心 了	1000000
太弱 了	1000000
太强 了	1000000
太强大 了	1000000
太忙 了	1000000
太快 了	925925
太快 就	74074
太快了 吧	1000000
太恐怖 了	1000000
太想 我	1000000
太想我 了	1000000
太感动 了	1000000
太慢 了	1000000
太懒 了	1000000
太搞笑 了	1000000
太无聊 了	1000000
太早 了	1000000
太早了 吧	1000000
太明显 了	1000000
太晚 了	1000000
太有 才	530303
太有 爱	181818
太有 道理	106060
太有 了	90909
太有 气质	90909
太有才 了	1000000
太残忍 了	1000000
太气 人	722222
太气 了	277777
太深 了	1000000
太漂亮 了	1000000
太激动 了	1000000
太热 了	1000000
太爱 你	529411
太爱 我	470588
太狠 了	1000000
太痛苦 了	1000000
太短 了	1000000
太笨 了	1000000
太给 力	1000000
太给力 了	1000000
太美 了	948387
太美 我	51612
太美了 吧	1000000
太美好 了	1000000
太羡慕 了	727272
太羡慕 你	272727
太胖 了	1000000
太苦 了	1000000
太让 人	529411
太让 我	470588
太贵 了	1000000
太辛苦 了	1000000
太过分 了	1000000
太远 了	1000000
太酷 了	1000000
太重 了	1000000
太长 了	903225
太长 的	96774
太闲 了	1000000
太阳 了	185022
太阳 的	118942
太阳 肩并肩	61674
太阳 出来	57268
太阳 好	57268
太阳 底下	44052
太阳 太	39647
太难 了	1000000
太难受 了	1000000
太难过 了	1000000
太高 了	846153
太高 的	153846
太麻烦 了	1000000
太黑 了	1000000
夫妻 相	1000000
失去 了	537815
失去 的	193277
失去 我	126050
失去 你	92436
失去 更	50420
失忆 了	1000000
失恋 了	811764
失恋 的	188235
失望 了	666666
失望 的	222222
失眠 了	506535
失眠 的	147058
失眠 到	39215
失眠 多	29411
失眠 吗	22875
失眠 失眠	22875
失眠 是	22875
失误 了	666666
失误 就是	333333
失败 了	773195
失败 的	164948
失败 是	61855
失踪 了	1000000
头 大	183606
头 了	101639
头 的	95081
头 都	95081
头 一次	72131
头 好	62295
头 也	55737
头 还	42622
头上 有	400000
头上 的	400000
头上 那个	200000
头像 是	139588
头像 了	130434
头像 好	75514
头像 的	64073
头像 我	50343
头像 不错	34324
头像 都	34324
头像是 你	461538
头像是 谁	384615
头像是 我	153846
头发 长	98253
头发 了	68777
头发 好	60043
头发 都	60043
头发 是	56768
头发 的	49126
头发 也	42576
头发 太	39301
头发剪短 了	1000000
头发太 长	588235
头发太 多	411764
头发好 长	1000000
头发这么 长	1000000
头发这么长 了	1000000
头发长 了	419354
头发长 得	209677
头发长 的	193548
头发长 好	96774
头发长 这么	80645
头大 我	1000000
头疼 的	600000
头疼 了	400000
夸夸 我	566666
夸夸 你	433333
夸奖 我	413793
夸奖 你	241379
夸奖 了	172413
夸张 了	707692
夸张 的	215384
夸张 吧	76923
奇怪 的	455782
奇怪 了	231292
奇怪 吗	74829
奇怪 你	61224
奇怪 呢	40816
奇怪 我	40816
奇葩 的	448979
奇葩 说	285714
奇葩 了	265306
奋斗 的	448275
奋斗 吧	206896
奋斗 了	172413
奋斗 在	172413
奔跑 吧	1000000
套路 出	292682
套路 了	195121
套路 我	195121
套路 深	195121
套路 多	121951
奢侈 的	533333
奢侈 了	300000
奢华 有	642857
奢华 的	357142
女 的	565864
女 主	169530
女 汉子	101947
女 青年	29782
女 女	11454
女 了	10309
女主 的	481481
女主 是	333333
女主 和	185185
女主角 我	1000000
女主角我 告诉	1000000
女主角我告诉 你们	1000000
女人 的	209836
女人 了	68852
女人 打	65573
女人 是	62295
女人 都	55737
女人 不	52459
女人 就是	49180
女人打 得	1000000
女人打得 这么	1000000
女儿 的	351351
女儿 都	162162
女儿 吗	108108
女儿 我	81081
女儿 好	67567
女儿 是	67567
女儿 来	67567
女子 现在	684210
女子 图鉴	315789
女子现在 正在	1000000
女子现在正在 吃	1000000
女孩 的	246575
女孩 都	219178
女孩 了	150684
女孩 在	82191
女孩 是	82191
女孩 运气	82191
女孩 吗	68493
女孩 好	68493
女孩子 都	197674
女孩子 年龄	162790
女孩子 的	139534
女孩子 真的	116279
女孩子 不	104651
女孩子 要	93023
女孩子 就	69767
女孩子 在	58139
女孩子年龄 可不是	1000000
女孩子年龄可不是 绅士	1000000
女朋友 了	201612
女朋友 的	155913
女朋友 吗	118279
女朋友 吧	64516
女朋友 就	34946
女朋友 也	32258
女朋友 呢	29569
女汉子 的	1000000
女王 大人	1000000
女生 都	146171
女生 的	136890
女生 喜欢	55684
女生 吗	48723
女生 也	44083
女生 为什么	41763
女生 不	39443
女生 是	39443
女生都 是	629629
女生都 喜欢	370370
女的 都	129629
女的 我	120370
女的 是	120370
女的 也	101851
女的 了	64814
女的 在	64814
女的 跟	64814
女神 你	171428
女神 的	171428
女神 了	109523
女神 我	80952
女神 好	57142
女神 最美	42857
女神 太	38095
奶奶 的	511627
奶奶 了	139534
奶奶 也	116279
奶奶 在	116279
奶奶 给	116279
奶茶 了	325000
奶茶 妹妹	275000
奶茶 的	275000
奶茶 都	125000
她 说	100
她 已经	90
她 正在	80
她 也	70
她不 喜欢	666666
她也 是	827586
她也 不	172413
她们 都	238372
她们 的	186046
她们 说	122093
她们 不	75581
她们 就	69767
她们 是	52325
她们 在	46511
她们 一起	40697
她在 一起	1000000
她对 你	619047
她对 别人	380952
她是 我	470588
她是 你	196078
她是 教	117647
她是 谁	117647
她是 个	98039
她的 人	225806
她的 脸	161290
她的 道理	129032
她的 名字	80645
她的 大	80645
她的 时候	80645
她的 演技	80645
她的 眼睛	80645
她给 我	666666
她给 你	333333
她说 的	281690
她说 我	267605
她说 她	183098
她说 你	154929
她说 了	112676
她还 说	615384
她还 在	384615
好 的	184935
好 吧	108815
好 了	89509
好 吗	37748
好 想	32904
好 可爱	17265
好 美	14047
好一点 的	551724
好一点 了	275862
好一点 还是	172413
好不好 看	290000
好不好 吃	260000
好不好 我	130000
好不好 呢	80000
好不好 用	60000
好不好 听	50000
好不容易 才	550000
好不容易 有	450000
好丑 的	466666
好久 了	264437
好久 没有	115501
好久 不	86626
好久 都	79027
好久 的	59270
好久 回来	56231
好久 才	48632
好久 去	37993
好久不 联系	571428
好久不 发	428571
好久不见 了	377192
好久不见 你	289473
好久不见 的	114035
好久好久 了	571428
好久好久 没	428571
好久没 见	339425
好久没 看到	117493
好久没 吃	112271
好久没 看	67885
好久没 去	65274
好久没 来	62663
好久没 见到	28720
好久没 听	26109
好久没吃 了	1000000
好久没看 你	666666
好久没看 了	333333
好久没看到 你	1000000
好久没看到你 了	1000000
好久没见 你	500000
好久没见 了	322222
好久没见你 了	1000000
好久都 没	682926
好久都 没有	195121
好久都 不	121951
好乖 的	240000
好乖 好乖	200000
好买 什么	1000000
好买什么 了	1000000
好了 我	156351
好了 就	97719
好了 好	87947
好了 你	74918
好了 不	58631
好了 再	55374
好了 呢	48859
好事 发生	243243
好事 将近	189189
好些 了	829268
好些 年	170731
好人 一生	395348
好人 也	104651
好人 有	93023
好人 了	81395
好人 多	81395
好人 好	81395
好人 的	81395
好人一生 平安	1000000
好你 的	470588
好你 也	352941
好你 说	176470
好像 是	213525
好像 也	56975
好像 有	43663
好像 你	43130
好像 没	39936
好像 都	38871
好像 不	36741
好像不 太	782608
好像不 认识	217391
好像也 是	481481
好像也 没	166666
好像也 有	129629
好像也 不	111111
好像也 没有	111111
好像很 喜欢	347826
好像很 有	347826
好像很 好吃	304347
好像是 的	210526
好像是 这样	157894
好像是 我	115789
好像是 吧	84210
好像是 个	73684
好像是 有	73684
好像是 在	63157
好像是 那个	63157
好像看到 了	1000000
好像还 没	461538
好像还 没有	307692
好像还 预言	230769
好像都 是	600000
好像都 没	233333
好像都 没有	166666
好几个 月	382352
好几个 人	191176
好几个 小时	147058
好几个 了	117647
好几个 地方	88235
好几个 都	73529
好几个月 了	647058
好几个月 没	352941
好几天 了	721518
好几天 没	164556
好几天 的	113924
好几年 了	392156
好几年 没	313725
好几年 前	196078
好几年 都	98039
好几次 了	657894
好几次 都	210526
好几次 想	131578
好厉害 的	444444
好友 晚上	168316
好友 的	138613
好友 早安	108910
好友 晚安	99009
好友 下午	79207
好友 了	79207
好友 上午	59405
好友 吧	59405
好友晚上 好	1000000
好可怕 的	461538
好可怜 的	451612
好可爱 的	506493
好可爱 好	97402
好吃 的	533004
好吃 吗	106107
好吃 了	89450
好吃 不	33929
好吃 么	30228
好吃 我	14805
好吃 到	12954
好吃就 好	461538
好吃的 样子	126213
好吃的 了	111650
好吃的 就	63106
好吃的 我	53398
好吃的 都	53398
好吃的 东西	48543
好吃的 给	48543
好吗 我	1000000
好吧 我	340720
好吧 好	232686
好吧 你	155124
好吧 那	102493
好吧 哈哈	27700
好吧 不	22160
好吧 谢谢	19390
好吧 其实	16620
好吧我 承认	285714
好吧我 不	178571
好吧我 在	178571
好吧我 是	178571
好吧我 觉得	178571
好吧那 我	666666
好吧那 你	333333
好听 的	444976
好听 了	162679
好听 吗	86124
好听 吧	43062
好听 就	33492
好听 我	33492
好听 呢	28708
好哇 好哇	1000000
好啊 好	777777
好啊 我	105555
好啊 哈哈	61111
好啊 你	55555
好喜欢 你	437500
好喜欢 他	112500
好喜欢 这个	87500
好喜欢 这	81250
好喜欢 的	62500
好喜欢 那个	50000
好喜欢 看	43750
好喜欢你 的	758620
好喝 的	294573
好喝 好	240310
好喝 吗	186046
好喝 了	116279
好喝 不	69767
好喝 么	38759
好困 好困	607142
好处 的	515151
好处 就是	333333
好处 想	151515
好多 人	305147
好多 了	231617
好多 东西	45343
好多 都	39215
好多 的	31862
好多 事	26960
好多 地方	26960
好多人 都	505376
好多人 说	236559
好多人 在	107526
好多人 的	75268
好多人都 说	428571
好多人都 在	333333
好多人都 这么	238095
好多天 了	1000000
好多好吃 的	1000000
好多年 了	464788
好多年 没	281690
好多年 前	98591
好多年 的	84507
好多年 不	70422
好多次 了	1000000
好大 的	679487
好太 多	1000000
好奇 你	465116
好奇 的	104651
好奇 是	93023
好奇 了	69767
好奇 这个	69767
好奇 那个	69767
好奇 为什么	58139
好好 的	162126
好好 休息	141476
好好 照顾	61511
好好 珍惜	44376
好好 享受	32073
好好 听	28119
好好 说话	25043
好好 爱	20210
好好享受 吧	615384
好好享受 你	384615
好好休息 吧	315789
好好休息 一下	136842
好好休息 休息	115789
好好休息 下	94736
好好休息 我	52631
好好休息 的	52631
好好吃 的	407407
好好照顾 自己	940170
好好照顾 好	59829
好好爱 自己	548387
好好爱 我	290322
好好爱 你	161290
好好珍惜 吧	666666
好好珍惜 你	333333
好好的 就	175000
好好的 一个	150000
好好的 生活	150000
好好的 去	125000
好好的 我	125000
好好的 说	125000
好好看 的	245614
好好看 了	87719
好就 好	333333
好就 得	176470
好就 不	137254
好尴尬 的	615384
好巧 我	489361
好巧我 也	1000000
好巧我也 是	1000000
好幸福 的	316666
好开心 的	189655
好开心 好开心	172413
好开心 哈哈	86206
好开心 我	86206
好很 好	1000000
好很多 了	1000000
好心疼 他	333333
好心疼 你	333333
好忙 的	307692
好快 的	109090
好想 吃	252508
好想 去	168896
好想 看	90301
好想 知道	70234
好想 好	36789
好想 和	28428
好想 跟	26755
好想 把	23411
好想去 看	666666
好想吃 那个	357142
好想好 想	1000000
好意思 说	634146
好意思 叫	211382
好意思 不	48780
好意思 吗	40650
好意思叫 军人	1000000
好意思叫军人 优先	1000000
好感 人	526315
好感 的	473684
好我 也	321428
好我 的	267857
好我 是	178571
好我 就	125000
好我 等	107142
好才 是	1000000
好早 的	208333
好有 道理	279411
好有 爱	227941
好有 感觉	102941
好有 食欲	88235
好有 气质	73529
好有 文化	44117
好有 个性	36764
好有 创意	36764
好朋友 是	233333
好朋友 了	200000
好朋友 的	200000
好朋友 都	166666
好期待 你	357142
好样 的	1000000
好次 的	1000000
好歹 也	680000
好歹 是	320000
好每 一天	1000000
好漂亮 的	500000
好点 了	579831
好点 的	210084
好点 吧	67226
好点 就	50420
好点 没有	50420
好点 吗	42016
好点了 吗	542857
好点了 么	257142
好点了 没	200000
好烦 的	172413
好热 的	304347
好熟悉 的	1000000
好爱 你	676470
好爱 他	176470
好爱 吃	147058
好玩 的	403990
好玩 吗	209476
好玩 了	94763
好玩 不	89775
好玩 么	29925
好玩 吧	24937
好玩 呢	19950
好玩儿 的	642857
好玩儿 了	357142
好玩的 地方	454545
好玩的 吗	303030
好玩的 样子	242424
好用 吗	506849
好用 的	273972
好用 不	102739
好用 么	54794
好的 好	196192
好的 谢谢	93543
好的 呢	75331
好的 我	72019
好的 吧	64569
好的 你	30629
好的 人	29801
好的我 知道	354838
好的我 也	258064
好的我 去	225806
好的我 喜欢	161290
好的等 你	615384
好的等 我	384615
好看 的	388672
好看 了	147859
好看 吗	72632
好看 不	26805
好看 好看	25940
好看 呢	20752
好看 我	20752
好看了 吧	738095
好看了 我	142857
好看了 呢	119047
好看多 了	1000000
好看死 了	1000000
好看点 的	1000000
好看的 人	275362
好看的 男孩子	115942
好看的 小	106280
好看的 皮囊	57971
好看的 照片	43478
好看的 衣服	43478
好看的 电影	33816
好看的人 以后	1000000
好看的小 哥哥	1000000
好着 呢	1000000
好笑 的	384615
好笑 了	346153
好笑 吗	134615
好等 我	517241
好等 你	275862
好等 着	206896
好给 力	578947
好给 你	421052
好羡慕 你	436974
好羡慕 你们	134453
好羡慕 的	100840
好羡慕 我	42016
好羡慕 有	42016
好羡慕你 的	727272
好耍 的	736842
好耍 不	263157
好自己 的	508474
好自己 吧	135593
好说 的	1000000
好说好 说	1000000
好起来 的	754901
好起来 了	107843
好起来 吧	68627
好辛苦 的	300000
好过 的	444444
好过 你	277777
好过 我	277777
好运 吧	261904
好运 连连	238095
好运 的	214285
好运 给	166666
好运 常	119047
好远 的	263157
好都 好	500000
好都 是	500000
好长 了	254237
好长 的	254237
好长 好	203389
好长时间 没	571428
好长时间 了	428571
好难 买	131578
好难 好	131578
好难过 我	333333
好高 的	277777
如 你	296703
如 我	219780
如 山	98901
如 花	98901
如 有	65934
如 姐姐	49450
如 风	43956
如 图	38461
如今 巨星	500000
如今 的	272727
如今 我	227272
如何 做到	153846
如何 了	141025
如何 呢	128205
如何 能	115384
如何 去	89743
如何 才能	76923
如何 知道	64102
如初 见	1000000
如果 可以	100
如果 需要	90
如果 没有	80
如果 方便	70
如果一个 男生	555555
如果一个 人	444444
如果你 在	114093
如果你 不	107382
如果你 想	80536
如果你 的	73825
如果你 能	67114
如果你 喜欢	60402
如果你 是	60402
如果你 要	60402
如果可以 的话	1000000
如果我 说	173333
如果我 是	160000
如果我 有	160000
如果我 没	133333
如果我 知道	120000
如果我 在	93333
如果我 告诉	80000
如果我 的	80000
如果是 我	452830
如果是 真的	207547
如果是 这样	132075
如果是 你	113207
如果是 的话	94339
如果有 一天	333333
如果有 机会	233333
如果有 的话	233333
如果有 时间	200000
如此 频繁	353535
如此 的	282828
如此 美好	101010
如此 之	80808
如此 艰难	80808
如此 不	50505
如此 吧	50505
妈呀 我	424242
妈呀 你	363636
妈呀 这	212121
妈妈 说	133064
妈妈 了	84677
妈妈 好	72580
妈妈 做	56451
妈妈 都	56451
妈妈 也	52419
妈妈 在	52419
妈妈 是	44354
妹妹 的	209876
妹妹 你	141975
妹妹 好	86419
妹妹 也	67901
妹妹 们	49382
妹妹 做饭	49382
妹妹 头	43209
妹子 你	133956
妹子 的	115264
妹子 也	46728
妹子 是	43613
妹子 了	40498
妹子 们	37383
妹子 都	37383
始终 是	684210
始终 不	315789
姐妹 儿	407407
姐妹 们	370370
姐妹 我	222222
姐姐 你	131681
姐姐 我	102998
姐姐 的	83441
姐姐 好	48239
姐姐 是	32594
姐姐 要	32594
姐姐 了	28683
姐姐 也	26075
姐姐你 在	350000
姐姐你 是	350000
姐姐你 的	300000
姑娘 你	161764
姑娘 们	80882
姑娘 是	80882
姑娘 也	66176
姑娘 有	66176
姑娘 好	58823
姑娘 了	51470
委婉 的	1000000
委屈 自己	187500
委屈 了	177083
委屈 的	177083
委屈 你	145833
委屈 巴巴	114583
委屈 将	83333
委屈 我	52083
姿势 了	307692
姿势 不	179487
姿势 都	153846
姿势 是	128205
威武 了	312500
威武 的	312500
娃娃 的	631578
娃娃 是	368421
娱乐圈 的	1000000
婆婆 家	393939
婆婆 的	242424
婆婆 也	181818
婆婆 说	181818
婚姻 是	500000
婚姻 的	500000
婚礼 的	500000
婚礼 了	269230
婚礼 上	230769
媳妇 的	259259
媳妇 了	185185
媳妇 和	185185
媳妇 都	185185
嫁不出去 了	666666
嫁不出去 的	333333
嫁人 了	1000000
嫁出去 了	600000
嫁出去 的	400000
嫁给 我	413333
嫁给 他	186666
嫁给 你	160000
嫁给 爱情	133333
嫁给 了	106666
嫉妒 使	218934
嫉妒 你	177514
嫉妒 我	165680
嫉妒 了	94674
嫉妒 的	71005
嫉妒 吧	59171
嫉妒 不	41420
嫉妒使 我	1000000
嫉妒使我 丑陋	666666
嫉妒使我 面目全非	333333
嫌弃 我	376033
嫌弃 你	285123
嫌弃 的	99173
嫌弃 了	95041
嫌弃 自己	74380
嫌弃 它	24793
嫌弃 就	20661
嫌弃你 了	538461
嫌弃你 的	461538
嫌弃我 的	535714
嫌弃我 了	285714
嫌弃我 自己	178571
子 了	188235
子 的	158823
子 是	76470
子 都	70588
子 你	52941
子 我	52941
子 望	52941
子 跟	47058
字 的	101796
字 了	81836
字 写	75848
字 都	73852
字 是	55888
字 我	51896
字 好	47904
字 就	45908
字写 的	600000
字写 得	400000
字我 就	500000
字我 都	500000
存在 的	875000
存在 了	62500
存在 我	34090
存在 吗	28409
季节 我	254901
季节 了	235294
季节 的	196078
季节 都	117647
季节 不	98039
季节 去	98039
孤单 的	516129
孤单 了	290322
孤单 寂寞	193548
孤独 的	380597
孤独 终老	313432
孤独 了	89552
孤独 是	59701
孤独 又	44776
孤独 一生	37313
孤独 也	37313
孤独 和	37313
孤独终老 了	666666
孤独终老 的	333333
孤立 你	1000000
学 的	195416
学 了	101326
学 我	68757
学 着	49457
学 不	37394
学 什么	36188
学 不会	34981
学不 来	1000000
学习 的	434210
学习 了	92105
学习 呢	78947
学习 去	65789
学习 好	65789
学习 学习	65789
学习 就	65789
学会 了	683544
学会 的	113924
学会 保护	75949
学会 游泳	63291
学会 自己	63291
学到 了	682926
学到 很多	195121
学到 的	121951
学医 的	1000000
学坏 了	1000000
学妹 们	370370
学妹 你	370370
学妹 的	259259
学姐 你	189024
学姐 好	146341
学姐 的	140243
学姐 了	103658
学姐 我	67073
学姐 是	60975
学姐 也	54878
学姐 加油	54878
学弟 学妹	760000
学弟 了	240000
学期 的	370370
学期 了	222222
学期 没	222222
学期 就	185185
学校 地址	100
学校 门口	90
学校 附近	80
学校 里面	70
学校了 吗	612903
学校了 么	225806
学生 党	250000
学生 时代	191176
学生 的	110294
学生 吧	51470
学生 都	51470
学生 也	44117
学生 是	44117
学长 好	264705
学长 你	215686
学长 的	147058
学长 学姐	78431
学长 也	68627
学长 加油	68627
学长 是	58823
学长 了	49019
学院 的	1000000
孩子 的	135371
孩子 都	78602
孩子 了	71324
孩子 们	69868
孩子 你	37845
孩子 是	33478
孩子 也	30567
宁愿 不	450000
宁愿 选择	300000
宁愿 你	250000
宁波 了	272727
宁波 的	272727
宁波 有	227272
它 的	164473
它 就	72368
它 是	60307
它 了	57017
它 会	35087
它 吃	35087
它 不	32894
它 自己	29605
它们 的	615384
它们 不	192307
它们 都	192307
宇宙 无敌	500000
宇宙 第一	500000
守护 你	684210
守护 着	315789
安全 第一	255639
安全 的	248120
安全 到	127819
安全 了	112781
安全 吗	75187
安全 最	60150
安全 回来	45112
安全 到达	37593
安全到 家	1000000
安利 我	237288
安利 了	220338
安利 一下	152542
安利 你	152542
安利 的	118644
安利 给	118644
安安静静 的	1000000
安徽 的	526315
安徽 人	473684
安心 了	333333
安心 的	333333
安心 睡觉	222222
安心 去	111111
安慰 我	281690
安慰 你	171830
安慰 自己	163380
安慰 安慰	76056
安慰 一下	70422
安慰 人	61971
安慰 了	50704
安慰 下	47887
安慰我 吗	1000000
安慰自己 了	529411
安慰自己 的	470588
安排 一下	100
安排 时间	90
安排 会议	80
安排 出发	70
安装 完成	100
安装 步骤	90
安装 说明	80
安装 文件	70
安逸 了	463768
安逸 的	217391
安逸 安逸	72463
安逸 得	72463
安静 的	764705
安静 了	141176
安静 点	94117
完 了	486142
完 就	64419
完 的	48314
完 我	22846
完 年	20973
完 再	20599
完 之后	16479
完 这	16104
完了 吗	164912
完了 就	161403
完了 我	112280
完了 没	94736
完了 你	73684
完了 再	66666
完了 完	45614
完事 了	1000000
完全 不	260869
完全 没	126086
完全 没有	119565
完全 是	113043
完全 可以	71739
完全 就是	50000
完全 不是	34782
完全 不会	21739
完全不 知道	460000
完全不 一样	420000
完全不 记得	120000
完就 好	215686
完就 走	215686
完就 去	117647
完就 想	117647
完就 没	117647
完就 跑	117647
完就 能	98039
完成 了	100
完成 以后	90
完成 之后	80
完成 测试	70
完我 就	619047
完我 再	380952
完整 的	1000000
完结 了	1000000
完美 的	571428
完美 了	337142
完美 诠释	45714
完美 错过	45714
完蛋 了	1000000
官 网上	538461
官 二代	461538
定 了	361650
定 的	167475
定 下来	60679
定 呢	41262
定 个	38834
定 好	38834
定 不了	29126
定了 吗	368421
定了 没	368421
定位 到	210526
定位 的	210526
定位 了	157894
定位 是	157894
定位 在	131578
定制 的	1000000
宝宝 了	130693
宝宝 你	89108
宝宝 的	75247
宝宝 我	63366
宝宝 不	45544
宝宝 们	45544
宝宝 都	43564
宝宝 好	41584
宝贝 你	368421
宝贝 我	147368
宝贝 是	84210
宝贝 好	73684
宝贝 的	73684
宝贝 加油	52631
宝贝 现在	52631
实习 了	320512
实习 的	179487
实习 呢	115384
实习 吗	76923
实习 么	64102
实习 都	64102
实体店 买	772727
实体店 的	227272
实体店买 的	1000000
实力 的	523809
实力 也	190476
实力 打	166666
实力 为	119047
实在 是	359413
实在 太	158924
实在 不行	92909
实在 不	70904
实在 的	53789
实在 没	51344
实在 受不了	31784
实在 不想	24449
实在不 知道	600000
实在不 明白	400000
实在是 太	863636
实在是 不	136363
实现 了	464912
实现 的	289473
实现 不了	96491
实现 你	52631
实现 梦想	52631
实现 愿望	43859
实话 而已	250000
实话 说	218750
实话 了	187500
实话 呢	187500
实际 情况	440000
实际 的	360000
实际 是	200000
宠物 的	538461
宠物 了	461538
审核 已经	100
审核 完成	90
审核 结果	80
审核 通过	70
客人 来	625000
客人 的	375000
客户 已经	100
客户 需要	90
客户 确认	80
客户 反馈	70
客服 说	375000
客服 电话	300000
客服 都	175000
客服 也	150000
客气 了	481927
客气 客气	198795
客气 的	162650
客气 不	48192
客气 什么	36144
客气 呢	36144
宣传 的	484848
宣传 团队	333333
宣传 一下	181818
室内 的	600000
室内 室外	400000
室友 的	250000
室友 也	162500
室友 说	150000
室友 都	150000
室友 在	112500
室友 一起	100000
室友 们	75000
害怕 的	236842
害怕 了	201754
害怕 我	114035
害怕 什么	105263
害怕 你	105263
害怕 失去	70175
害怕 就是	61403
害羞 的	517241
害羞 了	344827
害羞 个	57471
家 的	277413
家 了	248359
家 是	41237
家 就	37488
家 都	30927
家 有	27179
家 在	26241
家乡 的	1000000
家了 吗	518518
家了 吧	259259
家了 没	129629
家了 么	92592
家人 的	262295
家人 都	180327
家人 一起	147540
家人 也	114754
家人 在	114754
家人 好	98360
家人 说	81967
家养 的	1000000
家庭 的	685185
家庭 真的	166666
家庭 都	148148
家庭的 男人	1000000
家庭的男人 和	1000000
家的 人	296296
家的 时候	259259
家的 衣服	259259
家的 吗	185185
家里 有	100
家里 需要	90
家里 可以	80
家里 比较	70
家里人 都	538461
家里人 知道	461538
家长 的	342857
家长 了	257142
家长 就	200000
家长 都	200000
容易 被	109785
容易 的	100238
容易 了	71599
容易 吗	59665
容易 满足	52505
容易 感冒	42959
容易 长	40572
宿舍 的	181818
宿舍 了	114478
宿舍 都	84175
宿舍 有	67340
宿舍 就	60606
宿舍 里	60606
宿舍 没	47138
宿舍 也	33670
寂寞 了	297468
寂寞 的	253164
寂寞 寂寞	75949
寂寞 就	63291
寂寞 空虚	63291
寂寞 死	50632
寂寞 难耐	50632
寄给 我	571428
寄给 你	428571
密集 恐惧症	763157
密集 恐惧	236842
富强 吗	237623
富强 和	168316
富强 和谐	158415
富强 可以	89108
富强 多	79207
富强 爱国	79207
富强 了	69306
富强 友善	69306
寒假 去	160919
寒假 的	137931
寒假 回去	103448
寒假 就	91954
寒假 了	80459
寒假 快乐	80459
寒假 来	80459
寒假 见	80459
寝室 的	342105
寝室 了	149122
寝室 有	140350
寝室 都	78947
寝室 里	78947
寝室 就	61403
寝室 好	52631
寝室 看	52631
对 的	130329
对 对	95890
对 我	91281
对 了	82447
对 你	74254
对 自己	28421
对 吧	23556
对不 对	1000000
对不住 了	600000
对不住 你	400000
对不起 我	483333
对不起 你	122222
对不起 自己	72222
对不起 让	61111
对不起 了	44444
对不起 对不起	44444
对不起 我们	38888
对不起我 的	347826
对不起我 也	217391
对不起我 有	217391
对不起我 自己	217391
对了 我	298850
对了 你	264367
对了 有	172413
对了 人	91954
对了 你们	57471
对了 吗	57471
对了 对	57471
对了有 一个	1000000
对于 我	346153
对于 你	317307
对于 一个	134615
对于 我们	105769
对于 他	48076
对于 这种	48076
对于你 这种	571428
对于你 来说	428571
对于我 来说	619047
对于我 这种	380952
对他 的	298245
对他 说	175438
对他 好	157894
对他 没什么	157894
对他 来说	122807
对他 没	87719
对你 的	292763
对你 说	151315
对你 有	92105
对你 来说	75657
对你 也	46052
对你 不	36184
对你 不好	36184
对你的 爱	1000000
对别人 也	380952
对别人 的	380952
对别人 好	238095
对啊 对	430976
对啊 我	188552
对啊 你	57239
对啊 都	37037
对啊 哈哈	33670
对啊 好	26936
对啊 就是	23569
对啊 不过	20202
对她 好	428571
对她 的	333333
对她 说	238095
对得起 我	384615
对得起 你	346153
对得起 自己	269230
对我 来说	190255
对我 的	160092
对我 说	120649
对我 好	113689
对我 也	74245
对我 有	53364
对我 那么	44083
对我好 一点	705882
对我好 点	294117
对我那么 好	1000000
对方 的	515625
对方 是	171875
对方 不	125000
对方 真的	93750
对方 还	93750
对比 一下	535714
对比 下	285714
对比 就	178571
对的 人	395348
对的 对	267441
对的 呢	87209
对的 我	87209
对的 你	40697
对的 时间	29069
对的 起	29069
对着 镜子	625000
对着 电脑	375000
对自己 好	448598
对自己 的	186915
对自己 说	149532
对自己 有	93457
对自己 负责	74766
对自己好 点	593750
对自己好 一点	406250
对话 的	571428
对话 了	428571
对象 了	281588
对象 的	158844
对象 都	68592
对象 是	64981
对象 呢	61371
对象 也	43321
对象 在	43321
对身体 不好	717391
对身体 好	282608
对面 的	756097
对面 那个	243902
导致 我	424242
导致 的	424242
导致 你	151515
封面 是	500000
封面 都	500000
将 就	595744
将 会	127659
将 你	78014
将 是	56737
将 我	35460
将 理论	35460
将 自己	35460
将来 会	466666
将来 的	366666
将来 你	166666
尊重 人	230769
尊重 别人	200000
尊重 你	123076
尊重 我	92307
尊重 他人	76923
尊重 的	76923
小 仙女	100222
小 哥哥	99727
小 的	49245
小 白	37119
小 清新	27963
小 了	23756
小 鲜肉	19797
小三 不	533333
小三 了	466666
小仙女 你	240000
小仙女 都	140000
小仙女 了	120000
小仙女 会	120000
小仙女 来	120000
小仙女 的	120000
小伙伴 们	532110
小伙伴 都	110091
小伙伴 一起	91743
小伙伴 去	64220
小伙伴 没有	55045
小伙伴 你	45871
小伙伴 的	45871
小伙子 你	483870
小伙子 我	193548
小伙子 有	161290
小农 喜欢	1000000
小农喜欢 吃	1000000
小农喜欢吃 的	1000000
小区 里	351351
小区 的	324324
小区 都	189189
小区 里面	135135
小可爱 们	333333
小可爱 的	192982
小可爱 是	157894
小可爱 在	122807
小可爱 你	87719
小号 吗	190476
小号 了	142857
小号 是	142857
小号 的	142857
小号 吧	119047
小号 没	119047
小哥哥 你	146067
小哥哥 的	134831
小哥哥 们	112359
小哥哥 好	112359
小哥哥 了	67415
小哥哥 吗	67415
小哥哥 真的	67415
小姑娘 你	384615
小学 的	327272
小学 初中	163636
小学 三年级	109090
小学 了	109090
小学 语文	109090
小学 到	90909
小学 时候	90909
小孩 的	333333
小孩 都	315789
小孩 了	122807
小孩 还	122807
小孩 不	105263
小孩子 的	428571
小孩子 了	285714
小孩子 都	285714
小年 快乐	1000000
小心 点	319261
小心 心	153034
小心 我	102902
小心 被	71240
小心 你	47493
小心 了	44854
小心 一点	36939
小日子过 得	585365
小日子过 的	414634
小时 的	160092
小时 了	150812
小时 就	97447
小时 后	71925
小时 才	60324
小时 吧	53364
小时 都	53364
小时 前	44083
小时候 的	209486
小时候 也	102766
小时候 我	90909
小时候 就	67193
小时候 吃	55335
小时候 看	51383
小时候 都	47430
小时候 被	43478
小时后 会	1000000
小时后会 在	1000000
小朋友 都	246153
小朋友 的	184615
小朋友 们	138461
小朋友 了	92307
小朋友 互动	92307
小朋友 你	92307
小朋友 最	76923
小朋友 要	76923
小清新 的	666666
小清新 了	333333
小猪 佩奇	1000000
小王子 生日快乐	333333
小王子 的	333333
小白 的	444444
小白 是	277777
小白 说	277777
小的 时候	843750
小的 人	156250
小米 的	387755
小米 手机	326530
小米 手环	163265
小米 之	122448
小红 书	1000000
小花 妹妹	640000
小花 花	360000
小说 了	202127
小说 的	202127
小说 里	170212
小说 看	117021
小说 我	85106
小说 都	85106
小说 和	74468
小说 改编	63829
小黄 人	1000000
少 了	307899
少 吃	193895
少 的	61041
少 来	43087
少 点	31418
少 熬夜	23339
少了 一个	218750
少了 吧	156250
少了 很多	156250
少了 点	156250
少了 你	140625
少了 我	93750
少吃 点	723404
少吃 多	159574
少吃 点儿	63829
少吃 少	53191
少喝 点	1000000
少女 心	588957
少女 的	202453
少女 了	98159
少女 你	36809
少女 我	30674
少女心 爆棚	357142
少女心 的	357142
少年 你	261904
少年 派	261904
少年 的	190476
少年 是	166666
少年 了	119047
尚未 成功	1000000
尝试 一下	333333
尝试 下	178571
尝试 了	142857
尝试 着	107142
尝试 新	71428
尤其 是	1000000
就 可以	100
就 开始	90
就 需要	80
就 先	70
就一个 人	439024
就一个 字	439024
就一个 小时	121951
就一定 会	350000
就一定 要	300000
就一定 是	225000
就一定 能	125000
就一直 在	500000
就一直 没	285714
就一直 是	214285
就上 了	687500
就上 不	312500
就下 了	1000000
就不 知道	123529
就不 说	62352
就不 喜欢	61176
就不 去	40000
就不 看	38823
就不 告诉	36470
就不 信	35294
就不 一样	32941
就不一样 了	1000000
就不会 有	228260
就不会 了	152173
就不会 这么	152173
就不会 再	119565
就不会 那么	119565
就不会 想	97826
就不会 被	65217
就不会 这样	65217
就不去 了	1000000
就不告诉 你	1000000
就不喜欢 了	687500
就不喜欢 你	312500
就不好 了	1000000
就不开心 了	1000000
就不想 再	300000
就不想 吃	266666
就不想 看	233333
就不想 去	200000
就不是 我	363636
就不是 了	318181
就不是 你	318181
就不看 了	684210
就不看 把	315789
就不知道 了	1000000
就不能 说	232142
就不能 再	125000
就不能 让	107142
就不能 在	89285
就不能 把	89285
就不能 有	89285
就不能 来	89285
就不能 看	89285
就不行 了	1000000
就不要 了	235294
就不要 再	191176
就不要 吃	117647
就不要 说	117647
就不要 回来	88235
就不要 在	88235
就不要 想	88235
就不要 想起	73529
就不说 了	857142
就不说 你	142857
就不错 了	1000000
就买 了	1000000
就交给 你	1000000
就什么 都	1000000
就会 有	160000
就会 好	113846
就会 发现	86153
就会 被	67692
就会 了	58461
就会 觉得	55384
就会 变	46153
就会好 的	344827
就会好 了	275862
就会好 很多	206896
就会好 起来	172413
就你 话	147058
就你 一个	117647
就你 最	88235
就你 知道	82352
就你 能	82352
就你 会	76470
就你 那	70588
就你 这	58823
就你一个 人	1000000
就你话 多	1000000
就信 了	1000000
就做 个	333333
就做 了	333333
就做 你	333333
就像 我	380952
就像 你	301587
就像 龙卷风	79365
就像 在	55555
就像 没	55555
就像 一个	47619
就像 个	39682
就像 爱	39682
就像你 说	687500
就像你 一样	312500
就再也 没	647058
就再也 没有	352941
就出来 了	1000000
就别 想	400000
就别 看	200000
就别 回头	109090
就别 来	109090
就别 吃	90909
就别 在	90909
就到 了	810526
就到 家	136842
就到 你	52631
就厉害 了	1000000
就去 了	228260
就去 找	144927
就去 吃	115942
就去 看	112318
就去 买	65217
就去 看看	65217
就去 医院	43478
就去 做	32608
就去找 你	1000000
就发 了	1000000
就只有 我	615384
就只有 你	384615
就叫 你	529411
就叫 我	470588
就可以 了	558208
就可以 去	53731
就可以 回家	47761
就可以 吃	41791
就可以 买	29850
就可以 的	23880
就可以 用	20895
就吃 了	635294
就吃 完	152941
就吃 的	82352
就吃 什么	70588
就吃 到	58823
就吃了 唯一	1000000
就告诉 你	679245
就告诉 我	320754
就和 你	500000
就和 我	368421
就和 别人	131578
就喜欢 你	395683
就喜欢 这样	100719
就喜欢 这种	100719
就喜欢 看	86330
就喜欢 听	71942
就喜欢 了	57553
就喜欢 上	50359
就喜欢 她	50359
就喜欢你 这种	500000
就喜欢你 这样	285714
就喜欢你 的	214285
就回 了	690476
就回 学校	309523
就回去 了	1000000
就回家 了	1000000
就回来 了	932038
就回来 吧	67961
就在 你	134782
就在 我	113043
就在 这	100000
就在 一起	91304
就在 那	69565
就在 想	65217
就在 那里	60869
就在 这里	52173
就多 了	437500
就多 吃	406250
就好 了	938794
就好 想	11299
就好 我	11299
就好 你	7532
就好 很多	5649
就好 起来	4708
就好了 呢	189189
就好了 不用	135135
就好了 哈哈	135135
就好了 我	135135
就好好 休息	647058
就好好 的	352941
就完 了	886363
就完 事儿	113636
就完事 了	1000000
就完结 了	1000000
就完美 了	1000000
就对 了	919354
就对 你	40322
就对 我	40322
就少 了	529411
就少 吃	470588
就尴尬 了	1000000
就带 着	380952
就带 了	333333
就带 你	285714
就应该 是	555555
就应该 这样	444444
就开 了	1000000
就开始 了	666666
就开始 上班	333333
就开学 了	1000000
就开心 了	1000000
就当 你	384615
就当 我	326923
就当 是	288461
就很 好	155660
就很 美	136792
就很 开心	80188
就很 喜欢	56603
就很 有	56603
就很 容易	51886
就很 不错	47169
就很 好吃	47169
就很好 了	1000000
就得 了	675324
就得 有	207792
就得 去	116883
就快 了	407407
就快 来	222222
就快 去	185185
就快 回来	185185
就怕 外地人	363636
就怕 你	327272
就怕 我	127272
就怕 他	90909
就怕 到时候	90909
就怕外地人 没	1000000
就想 知道	226415
就想 问	141509
就想 吃	97484
就想 说	69182
就想 笑	59748
就想 问问	53459
就想 去	47169
就想 看	40880
就想到 了	571428
就想到 你	428571
就想知道 你	782608
就想知道 有	217391
就想起 了	571428
就想起 你	428571
就想问 你	434782
就想问 一下	347826
就想问 一句	217391
就成 了	833333
就成 这样	166666
就我 一个	581395
就我 这	108527
就我 自己	93023
就我 和	62015
就我 不	38759
就我一 人	1000000
就我一个 人	1000000
就打 了	615384
就打 你	384615
就找 你	406250
就找 不到	265625
就找 我	203125
就找 个	125000
就把 你	419354
就把 我	204301
就把 它	150537
就把 他	107526
就把 钱	64516
就把 这	53763
就拿 出来	411764
就拿 了	294117
就拿 去	294117
就放 了	1000000
就放假 了	1000000
就放弃 了	1000000
就放心 了	954954
就放心 吧	45045
就明白 了	1000000
就是 我	66322
就是 你	65131
就是 不	47656
就是 这样	36139
就是 这么	25284
就是 个	24093
就是 要	22504
就是一个 人	1000000
就是不 一样	319371
就是不 知道	251308
就是不 喜欢	167539
就是不 爱	78534
就是不 给	68062
就是不 太	31413
就是不 晓得	31413
就是不 听	26178
就是他 的	600000
就是他 了	400000
就是传说 中	1000000
就是传说中 的	1000000
就是你 的	460000
就是你 不	140000
就是你 了	140000
就是你 说	100000
就是你 自己	53333
就是你 吧	40000
就是你说 的	1000000
就是喜欢 你	545454
就是喜欢 我	227272
就是喜欢 这种	227272
就是因为 你	407407
就是因为 没	222222
就是因为 他	185185
就是因为 我	185185
就是好 的	470588
就是很 想	538461
就是很 喜欢	461538
就是想 吃	236842
就是想 说	184210
就是想 知道	157894
就是想 让	157894
就是想 你	131578
就是想 看	131578
就是我 的	625806
就是我 了	90322
就是我 不	64516
就是我 在	38709
就是我 也	32258
就是我 想	32258
就是我 说	32258
就是最好 的	1000000
就是有点 腿短	642857
就是有点 小	357142
就是比较 不	1000000
就是比较不 方便	1000000
就是没 钱	461538
就是没 人	205128
就是没 时间	205128
就是没 得	128205
就是看 了	666666
就是看 你	333333
就是要 吃	269230
就是要 多	269230
就是要 这样	269230
就是要 你	192307
就是让 你	500000
就是让 积极	272727
就是让 人	227272
就是说 我	375000
就是说 你	250000
就是这 样子	600000
就是这 效果	400000
就是这个 意思	514285
就是这个 样子	314285
就是这个 效果	171428
就是这么 个	333333
就是这么 任性	272727
就是这么 想	242424
就是这么 简单	151515
就是这样 的	805970
就是这样 了	74626
就更 完美	454545
就更 不	272727
就更 难	272727
就更好 了	1000000
就有 了	419354
就有 一个	78341
就有 的	73732
就有 多	69124
就有 个	55299
就有 问题	55299
就有 机会	50691
就来 了	664062
就来 找	125000
就来 吧	101562
就来 气	46875
就来找 你	615384
就来找 我	384615
就死 了	1000000
就比 我	529411
就比 你	470588
就毕业 了	1000000
就没 了	266009
就没 人	103448
就没 见	61576
就没 办法	44334
就没 问题	44334
就没 得	41871
就没 那么	41871
就没 钱	39408
就没事 了	1000000
就没办法 了	1000000
就没有 了	376623
就没有 然后	168831
就没有 伤害	103896
就没有 那么	90909
就没有 一个	64935
就没有 不	64935
就没有 吧	64935
就没有然后 了	1000000
就没见 你	350000
就爱 吃	368421
就爱 上	315789
就爱 你	315789
就看 你	348314
就看 了	325842
就看 完	134831
就看 出来	123595
就看 你们	67415
就看到 了	500000
就看到 你	421875
就看到 这个	78125
就看见 你	681818
就看见 了	318181
就真的 是	583333
就真的 不	208333
就真的 不要	208333
就睡不着 了	1000000
就睡着 了	1000000
就睡觉 了	666666
就睡觉 吧	333333
就知足 了	588235
就知足 吧	411764
就知道 了	387434
就知道 你	267015
就知道 是	89005
就知道 我	75916
就知道 吃	62827
就知道 谁	26178
就知道 有	20942
就知道 什么	18324
就知道你 会	558823
就知道你 是	294117
就知道你 要	147058
就等 着	607142
就等 你	392857
就等着 你	625000
就等着 吧	375000
就算 了	512422
就算 是	158385
就算 你	74534
就算 不	52795
就算 有	49689
就算 我	46583
就算 再	21739
就算 他	18633
就算了 吧	571428
就算了 还	428571
就结婚 了	1000000
就结束 了	1000000
就给 你	513227
就给 我	349206
就给 他	52910
就给 了	31746
就给 她	26455
就给 自己	26455
就给你 发	571428
就给你 打电话	428571
就老 了	1000000
就能 看到	179640
就能 看	89820
就能 吃	83832
就能 买	77844
就能 见到	65868
就能 用	53892
就能 到	47904
就能 去	47904
就被 人	454545
就被 你	318181
就被 我	227272
就要 去	148367
就要 走	50445
就要 开始	41543
就要 来	41543
就要 被	41543
就要 看	38575
就要 你	35608
就要 回	35608
就见 不到	400000
就觉得 你	165048
就觉得 好	135922
就觉得 我	126213
就觉得 是	106796
就觉得 他	97087
就觉得 不	87378
就觉得 这个	67961
就让 我	397959
就让 他	163265
就让 你	153061
就让 人	122448
就让 它	112244
就让 他们	51020
就说 你	202380
就说 一句	194444
就说 我	170634
就说 了	99206
就说 说	63492
就说 出来	35714
就说 不	31746
就说 人家	31746
就请 你	555555
就请 我	444444
就走 了	948148
就起 了	1000000
就起来 了	1000000
就足够 了	1000000
就跟 你	562500
就跟 我	359375
就跟 他	78125
就过 了	1000000
就过去 了	1000000
就这 几天	285714
就这 一个	228571
就这 两天	171428
就这 水平	171428
就这 意思	142857
就这么 定	189189
就这么 愉快	144144
就这么 简单	117117
就这么 多	90090
就这么 想	81081
就这么 大	72072
就这么 说	63063
就这么定 了	1000000
就这样 了	362745
就这样 吧	362745
就这样 耗着	68627
就这样 的	58823
就这样 吃	49019
就这样 被	49019
就这样 错过	49019
就退休 吗	1000000
就送 你	739130
就送 了	260869
就那么 多	238095
就那么 大	238095
就都 是	1000000
就长 了	500000
就长 这样	272727
就长 出来	227272
就问 你	568181
就问 一句	227272
就问 了	90909
就问 听	56818
就问 我	56818
就默默 的	1000000
尴尬 了	462311
尴尬 的	306532
尴尬 不	40201
尴尬 吗	40201
尴尬 我	40201
尴尬 而且	35175
尽 了	481481
尽 是	333333
尽 到	185185
尽力 了	531250
尽力 就	234375
尽力 吧	156250
尽力 的	78125
尽情 的	1000000
尽量 吧	260869
尽量 不	195652
尽量 不要	173913
尽量 让	152173
尽量 别	108695
尽量 在	108695
居然 还	130390
居然 不	99589
居然 是	67761
居然 没	64681
居然 有	59548
居然 没有	43121
居然 也	30800
居然 在	26694
居然不 知道	800000
居然不 叫	200000
居然还 没	428571
居然还 能	157142
居然还 在	128571
居然还 不	71428
居然还 可以	71428
居然还 没有	71428
居然还 活着	71428
屏幕 都	476190
屏幕 上	126984
屏幕 也	111111
屏幕 前	95238
屏幕 指纹	95238
屏幕 的	95238
屏蔽 了	521126
屏蔽 我	253521
屏蔽 你	225352
属于 你	359649
属于 自己	263157
属于 我	175438
属于 我们	114035
属于 那种	87719
属于你 的	1000000
属于自己 的	1000000
山 大	333333
山 的	296296
山 有	123456
山 是	74074
山 了	61728
山东 的	857142
山东 了	142857
山东人 爱	615384
山东人 集合	384615
岁 的	344720
岁 了	177018
岁 岁	71428
岁 生日快乐	46583
岁 就	43478
岁 感觉	40372
岁 生日	34161
岁 也	27950
岁数 大	560000
岁数 的	240000
岁数 了	200000
岁月 是	500000
岁月 的	357142
岁月 里	142857
岁月是 把	1000000
岁的 时候	341463
岁的 我	243902
岁的 人	146341
岁的 你	146341
岁的 老	121951
崇拜 你	727272
崇拜 我	272727
崩溃 了	571428
崩溃 的	314285
工作 了	220070
工作 的	109154
工作 呢	34330
工作 吗	30809
工作 吧	24647
工作 就	24647
工作了 吗	600000
工作了 么	177777
工作了 还是	111111
工作的 人	478260
工作的 事	304347
工作的 吧	217391
工资 还	97560
工资 不	81300
工资 也	73170
工资 的	73170
工资 了	65040
工资 多少	65040
工资 我	65040
左 下	323529
左 上	147058
左 数	147058
左右 的	275510
左右 吧	234693
左右 就	122448
左右 才	81632
左右 两边	61224
左右 到	61224
左右 都	61224
左右 去	51020
左边 的	465116
左边 那个	232558
左边 是	162790
左边 那	139534
巧克力 的	620689
巧克力 给	206896
巧克力 也	172413
巨大 的	1000000
差不多 了	296983
差不多 吧	162412
差不多 的	125290
差不多 就	55684
差不多 是	53364
差不多 也	27842
差不多 大	25522
差点 没	281609
差点 就	218390
差点 被	143678
差点 把	103448
差点 以为	91954
差点 信	51724
差点 死	51724
差点 睡着	28735
差点没 认出来	642857
差点没 认出	357142
差距 的	434782
差距 太	217391
已 被	97276
已 发	93385
已 是	89494
已 回	73929
已 点	73929
已 到	54474
已 在	54474
已 关注	50583
已婚 有	512195
已婚 妇女	317073
已婚 的	170731
已婚有 家庭	1000000
已婚有家庭 的	1000000
已经 完成	100
已经 收到	90
已经 确认	80
已经 开始	70
已经不 在	250000
已经不 知道	144736
已经不 记得	118421
已经不 重要	118421
已经不 多	78947
已经不 爱	78947
已经不 需要	78947
已经不 认识	65789
已经不是 不能	533333
已经不是 我	466666
已经买 了	833333
已经买 到	166666
已经准备 好	1000000
已经到 了	753086
已经到 家	185185
已经到 学校	61728
已经吃 了	560975
已经吃 完	317073
已经回家 了	1000000
已经回来 了	1000000
已经在 上班	173913
已经在 了	173913
已经在 一起	152173
已经在 路上	152173
已经在 吃	130434
已经在 学校	108695
已经在 床上	108695
已经好 了	736842
已经好 几天	263157
已经开始 了	1000000
已经很 不错	347826
已经很 好	318840
已经很 厉害	101449
已经很 不	86956
已经很 满足	72463
已经很 美	72463
已经很不错 了	1000000
已经很好 了	1000000
已经很棒 了	1000000
已经把 我	642857
已经把 你	357142
已经放弃 了	750000
已经放弃 治疗	250000
已经是 我	541666
已经是 了	250000
已经有 了	1000000
已经来 了	1000000
已经毕业 了	1000000
已经看 了	666666
已经看 完	333333
已经穿 上	600000
已经穿 了	400000
已经结束 了	1000000
已经老 了	1000000
已经被 我	666666
已经被 你	333333
已经走 了	1000000
已经过 了	1000000
市场 上	538461
市场 的	461538
帅哥 了	212121
帅哥 的	151515
帅哥 吗	121212
帅哥 多	121212
帅哥 一枚	90909
帅哥 去	75757
帅哥 来	75757
帅气 的	745762
帅气 了	161016
帅气 十足	42372
师 太	421052
师 的	421052
师 了	157894
师傅 的	343750
师傅 你	312500
师傅 了	187500
师傅 还	156250
师兄 你	375000
师兄 师姐	175000
师兄 的	175000
师兄 加油	150000
师兄 不	125000
师姐 你	500000
师姐 好	500000
希望 可以	100
希望 尽快	90
希望 大家	80
希望 继续	70
希望他 能	1000000
希望你 能	273684
希望你 也	84210
希望你 的	77192
希望你 和	59649
希望你 不要	49122
希望你 有	49122
希望你 可以	42105
希望你 好好	35087
希望你们 都	388888
希望你们 可以	333333
希望你们 能	277777
希望大家 都	708333
希望大家 能	291666
希望我 能	317460
希望我 的	301587
希望我 也	206349
希望我 可以	95238
希望我 以后	79365
希望我们 都	1000000
希望有 机会	487804
希望有 一个	219512
希望有 一天	170731
希望有 个	121951
希望的 一代	1000000
希望能 有	625000
希望能 在	375000
希望自己 的	388888
希望自己 能	333333
希望自己 可以	277777
帖子 里	538461
帖子 说	461538
带 我	200857
带 你	134571
带 着	117714
带 了	62857
带 个	35142
带 的	34000
带 点	30000
带 回来	22571
带上 我	933701
带上 了	38674
带上 耳机	27624
带上我 吧	441176
带上我 一起	235294
带上我 吗	176470
带不 动	688888
带不 走	200000
带不 回来	111111
带他 去	1000000
带你 吃	525179
带你 一起	100719
带你 回家	71942
带你 看	71942
带你 上	43165
带你 来	43165
带你 出去玩	35971
带你 吃火锅	35971
带你去 吃	731343
带你去 看	149253
带你去 浪漫	119402
带你去吃 好吃	1000000
带你去吃好吃 的	1000000
带吃 的	1000000
带回来 的	782608
带回来 了	217391
带坏 了	666666
带坏 我	333333
带她 去	772727
带她 吃	227272
带好吃 的	1000000
带孩子 去	666666
带孩子 的	333333
带我 一个	198067
带我 一起	178743
带我 吃	164251
带我 走	82125
带我 带	67632
带我 的	48309
带我 上	38647
带我 出去	38647
带我去 吃	848484
带我去 看	151515
带我带 我	1000000
带手 信	1000000
带来 的	480519
带来 了	207792
带来 不便	142857
带来 给	103896
带来 好	64935
带点 吃	666666
带点 好吃	333333
带着 你	322314
带着 我	272727
带着 孩子	90909
带着 钱	74380
带着 他	57851
带着 我们	57851
带着 小	41322
带着 相机	41322
带给 你	500000
带给 我	231707
带给 我们	146341
带给 人	60975
带给 你们	60975
带走 了	656250
带走 的	187500
带走 吧	156250
帮助 你	380952
帮助 的	309523
帮助 别人	190476
帮助 我	119047
帮忙 的	657142
帮忙 带	200000
帮忙 吗	142857
常 在	265957
常 来	265957
常 去	191489
常 联系	127659
常 说	85106
常 的	63829
常回家 看看	1000000
常见 的	1000000
帽子 的	212121
帽子 是	166666
帽子 和	151515
帽子 不	106060
帽子 好	106060
帽子 好看	106060
帽子 也	75757
帽子 还	75757
干 了	336170
干 的	204255
干 点	51063
干 得	42553
干 啥子	36170
干 不	31914
干了 这	640000
干了 什么	360000
干什么 呢	306122
干什么 的	244897
干什么 都	183673
干什么 了	142857
干净 的	463157
干净 了	347368
干净 多	63157
干净 不	52631
干嘛 呢	209570
干嘛 不	127062
干嘛 去	113861
干嘛 了	87458
干嘛 要	85808
干嘛 的	56105
干嘛 这么	33003
干嘛去 了	1000000
干得 漂亮	1000000
干活 了	529411
干活 的	470588
干的 漂亮	705882
干的 事情	294117
平 的	411764
平 了	352941
平 刘海	117647
平 心态	117647
平凡 的	838709
平凡 之	161290
平安 喜乐	221153
平安 健康	173076
平安 到	125000
平安 就	86538
平安 快乐	86538
平安 的	67307
平安 顺利	67307
平安 回来	57692
平安夜 快乐	1000000
平常 都	555555
平常 也	222222
平常 的	222222
平时 都	175732
平时 也	96234
平时 不	92050
平时 多	83682
平时 我	66945
平时 就	54393
平时 的	50209
平时 在	46025
平时都 是	1000000
平淡 的	555555
平淡 了	444444
平衡 了	714285
平衡 多	285714
平静 的	1000000
年 的	218637
年 了	116487
年 后	86021
年 年	61827
年 会	40322
年 快乐	36738
年 大吉	32258
年 就	27777
年代 的	521739
年代 了	478260
年前 的	586206
年前 就	206896
年前 我	206896
年后 就	388888
年后 我	333333
年后 的	277777
年底 了	1000000
年的 我	333333
年的 时候	259259
年的 吧	222222
年的 老	185185
年纪 大	483720
年纪 了	255813
年纪 的	83720
年纪 就	37209
年纪 越	37209
年纪 还	32558
年纪 不	23255
年纪 不同	23255
年纪大 了	1000000
年轻 的	317351
年轻 了	180365
年轻 真	100456
年轻 时候	43378
年轻 就是	38812
年轻 时	38812
年轻人 的	220338
年轻人 都	220338
年轻人 要	186440
年轻人 不	101694
年轻人 不要	101694
年轻人 你	84745
年轻的 五月天	481012
年轻的 时候	443037
年轻的 心	75949
年轻的五月天 哥哥	1000000
年轻真 好	1000000
年龄 大	190909
年龄 了	181818
年龄 的	154545
年龄 可不是	127272
年龄 不是	72727
年龄 是	72727
年龄 小	54545
年龄 就	54545
年龄可不是 绅士	1000000
年龄可不是绅士 所	1000000
年龄大 了	1000000
并 没有	411027
并 不是	221386
并 不	214703
并 不想	35923
并 快乐	30910
并 不会	28404
并 不能	27568
并 没	13366
并不 觉得	379310
并不 喜欢	275862
并不 代表	120689
并不 简单	120689
并不 适合	103448
并不是 我	209677
并不是 说	129032
并不是 因为	96774
并不是 什么	80645
并不是 我们	80645
并不是 所有	80645
并不是 所有人	80645
并且 我	360000
并且 是	240000
并且 告诉	200000
并且 没有	200000
并快乐 着	1000000
并没有 什么	319444
并没有 你	111111
并没有 觉得	111111
并没有 看	97222
并没有 人	83333
并没有 那么	83333
并没有 用	69444
幸亏 我	552631
幸亏 没	289473
幸亏 你	157894
幸好 我	436781
幸好 没	183908
幸好 你	126436
幸好 有	80459
幸好 不是	57471
幸好 我们	57471
幸好 没有	57471
幸福 的	397031
幸福 了	131725
幸福 就	31539
幸福 下去	24118
幸福 吧	24118
幸福 是	23191
幸福 呢	18552
幸福就 好	1000000
幸福死 了	1000000
幸福的 人	172932
幸福的 事	150375
幸福的 孩子	112781
幸福的 小	67669
幸福的 生活	67669
幸福的 一家	60150
幸福的 一家人	60150
幸福的 人儿	60150
幸运 的	500000
幸运 了	229729
幸运 女神	81081
幸运 我	67567
幻想 的	476190
幻想 了	285714
幻想 一下	238095
幻觉 了	500000
幻觉 看见	500000
幼儿园 的	800000
幼儿园 了	200000
幼稚 的	652173
幼稚 了	347826
幽默 了	380952
幽默 的	380952
广东 的	493827
广东 人	370370
广东 了	74074
广东 都	61728
广告 了	200000
广告 的	145454
广告 都	145454
广告 打	127272
广告 做	109090
广告 吗	90909
广告 就	90909
广告 是	90909
广场 了	380952
广场 的	333333
广场 上	285714
广州 的	256704
广州 了	157088
广州 吗	53639
广州 我	49808
广州 也	45977
广州 找	45977
广州 人	34482
庆幸 我	387096
庆幸 自己	258064
庆幸 你	193548
庆幸 有	161290
庆祝 一下	466666
庆祝 下	155555
庆祝 了	155555
庆祝 生日	111111
庆祝 的	111111
床上 了	392857
床上 等	202380
床上 的	154761
床上 就	119047
床上 看	71428
床上 来	59523
库存 已经	100
库存 确认	90
库存 足够	80
库存 不足	70
应 人	275862
应 你	206896
应 了	172413
应 是	172413
应 给	172413
应该 可以	100
应该 需要	90
应该 先	80
应该 已经	70
应该不 在	411764
应该不 多	294117
应该不 知道	294117
应该不会 吧	541666
应该不会 的	250000
应该不会 再	208333
应该也 是	348837
应该也 有	302325
应该也 不	116279
应该也 会	116279
应该也 差不多	116279
应该会 有	400000
应该会 好	314285
应该做 的	1000000
应该可以 吧	625000
应该可以 的	375000
应该是 我	130434
应该是 你	121739
应该是 吧	117391
应该是 的	117391
应该是 在	60869
应该是 没	60869
应该是 一个	43478
应该是 可以	43478
应该有 的	550000
应该有 吧	450000
应该比 你	500000
应该比 我	500000
应该没 人	792452
应该没 问题	207547
应该没人 反驳	1000000
应该没有 人	1000000
应该说 我	750000
应该说 你	250000
应该还 没	615384
应该还 能	384615
应该都 是	484848
应该都 有	212121
应该都 会	151515
应该都 能	151515
店里 的	306451
店里 买	258064
店里 有	193548
店里 了	80645
店里 吃	80645
店里 都	80645
废话 吗	562500
废话 了	437500
度过 了	576923
度过 的	423076
建 个	400000
建 好	244444
建 了	177777
建 的	177777
建议 你	672727
建议 我	90909
建议 吗	81818
建议 不要	54545
建议 去	54545
建议 给	45454
开 了	203287
开 的	134794
开 个	84383
开 着	50958
开 空调	50958
开 黑	42191
开 到	32328
开 不	26849
开不 开心	459459
开不 起	405405
开不 开	135135
开个 玩笑	814814
开个 小号	92592
开个 直播	92592
开了 吗	297872
开了 一个	170212
开了 一家	170212
开了 会员	148936
开了 家	106382
开什么 玩笑	1000000
开会 的	466666
开会 呢	200000
开会 去	166666
开关 已经	100
开关 关闭	90
开关 状态	80
开关 设置	70
开口 就	571428
开口 的	428571
开启 了	684210
开启 新	315789
开头 的	772727
开头 就	227272
开始 吧	100
开始 测试	90
开始 工作	80
开始 输入	70
开始上班 了	1000000
开始你 的	1000000
开始你的 表演	1000000
开始就 不	250000
开始就 已经	250000
开始就 被	250000
开始就 觉得	250000
开始我 也	666666
开始我 就	333333
开始的 时候	720000
开始的 山盟海誓	280000
开学 了	473684
开学 的	97744
开学 就	71428
开学 前	52631
开学 呢	30075
开学 快乐	30075
开学 我	30075
开学了 你	368421
开学了 吗	315789
开学了 吧	315789
开导 开导	571428
开导 你	428571
开开心心 的	913043
开心 的	209302
开心 就	150387
开心 了	125581
开心 吗	62015
开心 点	43927
开心 开心	26873
开心 吧	26356
开心不 开心	500000
开心不 起来	500000
开心就 好	980544
开心我 就	666666
开心我 也	333333
开心才 是	571428
开心才 对	428571
开心最 重要	1000000
开心死 了	1000000
开心每 一天	1000000
开心的 事	413223
开心的 时候	165289
开心的 事情	132231
开心的 一天	49586
开心的 人	49586
开心的 去	49586
开心的 笑	41322
开放 了	523809
开放 的	476190
开演唱会 了	1000000
开演唱会了 我	1000000
开玩笑 的	589552
开玩笑 呢	179104
开玩笑 了	104477
开玩笑 我	44776
开玩笑 说	44776
开玩笑 吗	37313
开的 时候	360000
开的 吗	200000
开的 好	200000
开着 空调	545454
开着 暖气	227272
开着 的	227272
开空调 了	625000
开空调 的	375000
开花 了	565217
开花 的	434782
开车 了	263473
开车 的	197604
开车 去	173652
开车 吗	59880
开车 带	59880
开车 来	53892
开车 也	35928
开通 了	705882
开通 的	294117
开门 了	416666
开门 的	333333
开题 报告	1000000
开黑 吗	615384
异地 的	619047
异地 了	380952
异性 朋友	642857
异性 没	357142
弄完 了	1000000
式 的	727272
式 神	272727
引起 了	545454
引起 的	454545
弟弟 的	228571
弟弟 也	142857
弟弟 妹妹	142857
弟弟 好	128571
弟弟 了	71428
弟弟 去	71428
弟弟 吗	71428
张 照片	257142
张 总	64935
张 的	64935
张 脸	62337
张 是	54545
张 我	49350
张 你	44155
张一 山	1000000
强 的	333333
强 了	277777
强 多	111111
强 太	55555
强 东	39682
强 你	39682
强 无敌	39682
强壮 的	642857
强壮 了	357142
强多 了	1000000
强大 的	676056
强大 起来	84507
强大 了	70422
强大 呢	70422
强烈 的	1000000
强迫 自己	571428
强迫 你	250000
强迫 着	178571
强迫症 的	421052
强迫症 表示	315789
归来 吧	400000
当 你	205720
当 我	162816
当 个	68206
当 老师	64906
当 了	44004
当 当	37403
当 是	29702
当 一个	20902
当你 的	454545
当你 是	386363
当你 在	159090
当兵 的	656250
当兵 去	187500
当兵 了	156250
当初 是	146788
当初 的	146788
当初 我	119266
当初 为什么	91743
当初 我们	91743
当初 就	82568
当初 在	64220
当初 不	55045
当地 的	1000000
当头 像	1000000
当年 的	555555
当年 我	222222
当年 我们	142857
当年 你	79365
当我 没	490909
当我 是	163636
当我 的	163636
当我 什么	90909
当我 看到	90909
当我没 说	1000000
当时 我	132947
当时 的	95375
当时 就	89595
当时 还	80924
当时 是	57803
当时 没	54913
当时 看	49132
当时 也	43352
当时我 就	687500
当时我 也	312500
当然 是	256709
当然 不是	82847
当然 可以	81680
当然 了	72345
当然 要	70011
当然 有	43173
当然 不	38506
当然 也	31505
当然是 你	350000
当然是 我	350000
当然是 选择	175000
当然是 特别	125000
当真 了	600000
当真 是	200000
当真 的	200000
当老师 了	615384
形容 我	309090
形容 的	236363
形容 了	163636
形容 得	163636
形容 你	127272
形象 了	458333
形象 的	229166
彩排 的	1000000
彩排的 路上	1000000
彩票 了	450000
彩票 吧	300000
彩票 去	250000
影响 我	160256
影响 了	128205
影响 到	128205
影响 你	115384
影响 的	83333
影响 心情	64102
影响 不好	51282
彻底 的	722222
彻底 被	277777
彼此 的	588235
彼此 都	313725
彼此 相爱	98039
往 下	173515
往 上	132420
往 哪	100456
往 外	82191
往 里	63926
往 我	54794
往 你	50228
往 好	50228
往往 是	611111
往往 都	388888
待 会	162227
待 着	135593
待 了	123486
待 我	113801
待 在	94430
待 几天	77481
待 你	70217
待 到	50847
待会 就	360000
待会 我	240000
待会 再	200000
待会 去	200000
很 好	100
很 方便	90
很 快	80
很 清楚	70
很不 容易	304347
很不 开心	163043
很不 一样	130434
很不 喜欢	130434
很不 方便	97826
很不 舒服	97826
很不 安心	76086
很不错 的	526785
很不错 了	285714
很不错 呢	44642
很严重 的	600000
很严重 吗	400000
很久没 有	400000
很久没 见	257142
很久没 吃	142857
很久没 去	100000
很久没 看到	100000
很像 你	361111
很像 我	222222
很像 的	194444
很努力 的	560000
很努力 了	440000
很危险 的	687500
很厉害 的	443037
很厉害 了	417721
很厉害的 样子	1000000
很可爱 的	493670
很可爱 了	151898
很可爱 呢	101265
很喜欢 你	258064
很喜欢 他	121863
很喜欢 的	107526
很喜欢 她	78853
很喜欢 吃	64516
很喜欢 这	60931
很喜欢 这个	60931
很喜欢 看	43010
很喜欢你 的	1000000
很多 人	333640
很多 的	71889
很多 了	60829
很多 东西	47004
很多 事情	44239
很多 时候	42396
很多 地方	40552
很多人 都	593548
很多人 说	96774
很多人 不	58064
很多人 的	58064
很多人 会	45161
很多人 单身	45161
很多人 在	38709
很多人 也	32258
很多人都 是	195652
很多人都 说	195652
很多人都 有	173913
很多人都 没有	173913
很多人都 在	130434
很多人都 这样	130434
很多地方 都	1000000
很多年 了	741935
很多年 前	258064
很多都 是	1000000
很大 的	584000
很大 吗	80000
很大 了	72000
很大 很大	64000
很大 气	56000
很奇怪 吗	428571
很奇怪 的	333333
很好 的	334792
很好 了	107221
很好 用	100656
很好 吗	30634
很好 吧	19693
很好 呢	19693
很好吃 的	634920
很好吃的 样子	1000000
很好听 的	444444
很好很 好	1000000
很好玩 的	1000000
很好的 人	500000
很好的 样子	500000
很好看 的	406504
很好看 了	89430
很好看 吗	89430
很好看 呢	48780
很容易 被	343750
很容易 让	187500
很容易 就	156250
很容易 感冒	156250
很容易 的	156250
很小 的	627906
很小 很小	139534
很小 气	116279
很小 清新	116279
很少 了	122222
很少 有	105555
很少 的	100000
很少 见	100000
很少 人	77777
很少 吃	72222
很少 有人	66666
很少 去	61111
很尴尬 了	428571
很尴尬 而且	333333
很尴尬 的	238095
很幸福 了	382978
很幸福 的	382978
很开心 的	294736
很开心 了	178947
很开心 吧	73684
很开心 呢	73684
很开心 你	63157
很开心 认识	52631
很强 的	562500
很强 了	437500
很忙 的	325000
很忙 吗	250000
很忙 吧	175000
很快 就	530927
很快 的	211340
很快 了	56701
很快 会	36082
很快 你	36082
很快 又	30927
很快 回来	25773
很快就 会	440000
很快就 有	140000
很快就 回来	120000
很快就 可以	100000
很快就 好	100000
很快就 过去	100000
很想 你	214659
很想 知道	188481
很想 去	157068
很想 吃	68062
很想 我	57591
很想 看	57591
很想 问	41884
很无聊 的	562500
很早 的	366666
很早 之前	333333
很明显 的	518518
很明显 了	222222
很有 道理	165048
很有 可能	93851
很有 感觉	61488
很有 眼光	61488
很有 气质	48543
很有 食欲	42071
很有 想法	35598
很有 爱	35598
很期待 的	571428
很期待 你	428571
很棒 了	373333
很棒 的	346666
很棒 呢	33333
很正常 的	227272
很正常 吗	181818
很正常 了	151515
很淡 定	1000000
很温柔 的	687500
很温柔 吗	312500
很漂亮 的	542857
很漂亮 呢	142857
很热 吗	266666
很热 的	166666
很爱 你	326315
很爱 我	189473
很爱 他	84210
很爱 吃	84210
很爱 她	63157
很爱 的	63157
很爱很 爱	1000000
很瘦 了	318181
很瘦 就是	204545
很瘦 的	204545
很简单 的	1000000
很给 力	1000000
很美 了	250000
很美 呢	125000
很美好 的	1000000
很羡慕 你	388888
很羡慕 女主角	361111
很羡慕 了	250000
很羡慕女主角 我	1000000
很胖 了	571428
很胖 的	428571
很认真 的	1000000
很辛苦 的	551724
很辛苦 吧	206896
很近 的	709677
很远 的	538461
很远 了	192307
很适合 你	1000000
很酷 的	647058
很重要 的	617021
很重要 吗	148936
很重要 吧	106382
很长 的	466666
很长 一段时间	222222
很长 了	133333
很难 想象	115384
很难 买	102564
很难 找	102564
很难 找到	89743
很难 理解	89743
很难 的	89743
很难 了	76923
很高 的	547619
很高 了	166666
很高兴 认识	530612
很高兴 非常	244897
很高兴 你	122448
很高兴 的	102040
很高兴认识 你	1000000
很麻烦 的	666666
得 好	58460
得 我	50855
得 了	40874
得 太	28992
得 多	25506
得 有	19486
得 这么	18219
得不 好看	473684
得不 像	263157
得不 对	263157
得不到 的	1000000
得不行 了	1000000
得像 个	416666
得像 你	333333
得像 我	250000
得先 回答	722222
得先 有	277777
得先回答 我	1000000
得到 的	283687
得到 了	248226
得到 你	191489
得到 吗	63829
得到 我	56737
得到 不	49645
得到 么	35460
得多 了	434782
得多 的	304347
得多 大	260869
得太 多	285714
得太 快	261904
得太 远	119047
得太 好	107142
得太 早	83333
得太 好看	71428
得太 有	71428
得太多 了	1000000
得好 快	346534
得好 早	207920
得好 的	108910
得好 吗	79207
得好 我	59405
得好 才	49504
得好 美	49504
得好像 你	500000
得好像 我	500000
得好好 的	1000000
得好看 的	821428
得好看 就	178571
得开心 点	538461
得开心 就	461538
得很 好	451127
得很 开心	127819
得很 像	105263
得很 对	75187
得很 好看	52631
得很 近	52631
得很 有	37593
得很好 的	538461
得怎么样 了	736842
得意 须尽欢	533333
得意 的	466666
得我 都	371681
得我 也	123893
得我 好	115044
得我 想	115044
得我 赶紧	97345
得我 自己	61946
得我 现在	53097
得有 多	625000
得有 个	375000
得看 你	1000000
得真 好	400000
得真 快	276923
得真 早	215384
得真 好看	107692
得着 吗	687500
得给 你	529411
得给 我	470588
得要 得	1000000
得让 人	370370
得让 你	333333
得让 我	296296
得跟 你	666666
得跟 我	333333
得还 可以	384615
得这么 起劲儿	540540
得这么 好	162162
得这么 好看	162162
得这么 精彩	135135
循环 了	642857
循环 播放	190476
循环 的	166666
微笑 感动	444444
微笑 才	185185
微笑 着	148148
微笑 的	129629
微笑 面对	92592
心 了	210439
心 的	106048
心 都	74565
心 好	62966
心 在	46396
心 有	28169
心 不	26512
心中 的	512820
心中 有	294871
心中 都	128205
心中 是	64102
心仪 的	1000000
心动 了	491228
心动 的	333333
心动 不如	175438
心在 我	428571
心在 滴血	321428
心在 你	250000
心坎 里	1000000
心声 了	357142
心态 好	215053
心态 要	86021
心态 不好	75268
心态 也	75268
心态 不错	64516
心态 放	64516
心态 最	64516
心思 去	538461
心思 你	461538
心情 不好	287878
心情 好	165151
心情 就	66666
心情 都	50000
心情 了	37878
心情 也	31818
心情 会	30303
心情不好 的	425000
心情不好 就	375000
心情不好 了	200000
心情不好的 时候	1000000
心情好 了	592592
心情好 的	222222
心情好 就	185185
心情就 好	586206
心情就 不好	241379
心情就 会	172413
心愿 是	571428
心愿 就是	428571
心机 的	538461
心机 女	461538
心灵 的	533333
心灵 上	466666
心爱 的	1000000
心理 阴影	437500
心理 上	166666
心理 不	145833
心理 安慰	125000
心理 年龄	125000
心疼 你	412098
心疼 我	136105
心疼 的	88846
心疼 了	54820
心疼 自己	54820
心疼 他	51039
心疼 死	24574
心疼你 的	666666
心疼你 三秒	333333
心疼我 自己	560000
心疼我 的	440000
心痛 的	435897
心痛 了	282051
心痛 到	153846
心痛 死	128205
心的 事情	727272
心的 人	272727
心的事情 想	1000000
心目 中	1000000
心碎 了	621621
心碎 的	378378
心跳 加快	333333
心跳 加速	333333
心跳 的	333333
心都 有	457142
心都 是	200000
心都 要	200000
心都 在	142857
心酸 的	516129
心酸 了	258064
心里 的	100418
心里 有	83682
心里 不	52301
心里 都	50209
心里 没	46025
心里 还是	41841
心里 就	35564
心里没 数	529411
心里没 点	470588
必然 的	476190
必然 是	404761
必然 会	119047
必要 的	233766
必要 去	168831
必要 这样	142857
必要 了	129870
必要 吗	129870
必要 这么	116883
必要 那么	77922
必须 确认	100
必须 完成	90
必须 检查	80
必须 保留	70
必须有 的	357142
必须的 哈哈	86956
必须的 你	72463
必须的 我	72463
忍不住 了	240000
忍不住 想	180000
忍不住 要	170000
忍不住 笑	100000
忍不住 吃	70000
忍不住 的	70000
忍不住 又	60000
忍住 了	583333
忍住 不	233333
忍住 做	100000
忍忍 吧	562500
忍忍 就	437500
志同道合 的	1000000
忘记 了	537356
忘记 你	112068
忘记 我	103448
忘记 带	25862
忘记 他	22988
忘记 的	22988
忘记 我们	20114
忘记 是	20114
忙 了	144008
忙 的	137965
忙 着	108761
忙 完	92648
忙 什么	56394
忙 到	45317
忙 死	41289
忙不 忙	1000000
忙了 没	291666
忙了 一天	250000
忙了 吧	250000
忙了 吗	208333
忙什么 呢	1000000
忙完 了	666666
忙完 这	333333
忙死 了	1000000
忙的 时候	769230
忙碌 的	707317
忙碌 了	170731
忙碌 起来	121951
忧伤 的	500000
忧伤 了	235294
忧郁 的	615384
忧郁 了	384615
快 来	151077
快 了	126923
快 去	95903
快 回来	65356
快 到	38598
快 就	20838
快 说	18233
快一年 了	1000000
快乐 的	171597
快乐 快乐	147928
快乐 着	53254
快乐 大本营	50295
快乐 就	39940
快乐 幸福	28106
快乐就 好	1000000
快乐每 一天	1000000
快了 快	619565
快了 吧	293478
快到 了	662162
快到 我	216216
快到 家	121621
快去 睡觉	202380
快去 看	184523
快去 吃	166666
快去 买	101190
快去 找	77380
快去 吃饭	65476
快去 快	65476
快去 吧	59523
快告诉 我	1000000
快回去 了	1000000
快回来 吧	384615
快回来 了	241758
快回来 快	76923
快回来 给	76923
快回来 我	65934
快回来 约	54945
快就 像	533333
快就 有	466666
快开学 了	1000000
快快 好	571428
快快 来	183673
快快 长大	142857
快快 回来	102040
快快好 起来	1000000
快把 我	529411
快把 你	470588
快放假 了	1000000
快来 吧	182266
快来 快	182266
快来 我	103448
快来 了	98522
快来 找	93596
快来 吃	54187
快来 跟	54187
快来快 来	1000000
快来找 我	1000000
快毕业 了	1000000
快点 好	200772
快点 回来	150579
快点 来	150579
快点 去	69498
快点 找	65637
快点 快点	42471
快点 回家	34749
快点 给	34749
快点好 起来	1000000
快生 快	1000000
快睡觉 吧	1000000
快累死 了	1000000
快结束 了	1000000
快要 死	687500
快要 到	312500
快说 我	562500
快说 你	437500
快走 了	1000000
快过年 了	1000000
快递 了	135135
快递 的	121621
快递 过来	108108
快递 小哥	101351
快递 公司	94594
快递 到	81081
快递 都	81081
快递 也	47297
快饿死 了	1000000
忽悠 我	485714
忽悠 了	285714
忽悠 人	228571
忽然 发现	269230
忽然 想起	211538
忽然 想	173076
忽然 觉得	134615
忽然 想到	115384
忽然 就	96153
忽略 了	741935
忽略 我	258064
怀念 的	421052
怀念 以前	157894
怀念 你	131578
怀念 我	105263
怀念 过去	105263
怀念 了	78947
怀疑 人生	264150
怀疑 我	245283
怀疑 你	182389
怀疑 自己	132075
怀疑 是	106918
怀疑 了	37735
怀里 来	1000000
态度 吗	192307
态度 好	192307
态度 就	192307
态度 的	192307
怎么 处理	100
怎么 设置	90
怎么 安排	80
怎么 修改	70
怎么不 知道	176258
怎么不 说	143884
怎么不 去	107913
怎么不 来	93525
怎么不 叫	71942
怎么不 记得	46762
怎么不 给	43165
怎么不 开心	32374
怎么也 不	378378
怎么也 得	351351
怎么也 是	135135
怎么也 这么	135135
怎么了 我	232142
怎么了 吗	214285
怎么了 呢	178571
怎么会 有	264705
怎么会 呢	152941
怎么会 这么	117647
怎么会 这样	94117
怎么会 不	82352
怎么会 是	82352
怎么会 没有	64705
怎么会 有人	41176
怎么做 的	783783
怎么做 了	216216
怎么做到 的	1000000
怎么办 呢	236686
怎么办 我	195266
怎么办 了	53254
怎么办 吧	35502
怎么办 好	35502
怎么办 怎么办	35502
怎么办 的	35502
怎么又 去	243243
怎么又 是	243243
怎么又 跑	243243
怎么又 在	135135
怎么又 成	135135
怎么可以 这么	428571
怎么可以 这样	380952
怎么可以 吃	95238
怎么可以 那么	95238
怎么可能 是	212121
怎么可能 会	196969
怎么可能 有	181818
怎么可能 不	151515
怎么可能 呢	90909
怎么可能 没有	90909
怎么可能 我	75757
怎么吃 都	739130
怎么吃 的	260869
怎么回事 呢	290322
怎么如此 频繁	1000000
怎么就 没	258064
怎么就 不	209677
怎么就 那么	209677
怎么就 不能	145161
怎么就 这么	96774
怎么就 知道	80645
怎么弄 的	611111
怎么弄 得	138888
怎么想 的	1000000
怎么感觉 你	678571
怎么感觉 我	321428
怎么找到 我	562500
怎么找到 的	437500
怎么来 的	1000000
怎么样 了	346666
怎么样 都	116666
怎么样 我	66666
怎么样 呢	60000
怎么样 的	56666
怎么样 才能	53333
怎么样 怎么样	20000
怎么没 看到	297101
怎么没 见	152173
怎么没 人	144927
怎么没 看见	115942
怎么没 看	65217
怎么没 了	50724
怎么没 见到	50724
怎么没 去	43478
怎么没看到 你	1000000
怎么没见 你	625000
怎么用 的	1000000
怎么看 都	323529
怎么看 出来	250000
怎么看 你	132352
怎么看 怎么	117647
怎么看 的	102941
怎么知道 我	450704
怎么知道 的	260563
怎么知道 你	105633
怎么知道 他	49295
怎么知道 是	42253
怎么知道 不是	35211
怎么给 你	736842
怎么给 我	263157
怎么老 是	1000000
怎么能 这么	224489
怎么能 不	173469
怎么能 这样	122448
怎么能 问	122448
怎么能 说	91836
怎么能 让	81632
怎么能 是	71428
怎么能 叫	61224
怎么花 了	1000000
怎么花了 吗	1000000
怎么觉得 你	681818
怎么觉得 我	318181
怎么说 呢	351063
怎么说 的	159574
怎么说 都	106382
怎么说 你	85106
怎么说 了	63829
怎么说 我	63829
怎么说 也	53191
怎么说话 呢	600000
怎么说话 的	400000
怎么跟 我	562500
怎么跟 你	437500
怎么过 的	714285
怎么还 不	383333
怎么还 没	355555
怎么还 在	122222
怎么还 没有	50000
怎么还 会	33333
怎么还 能	27777
怎么还 这么	27777
怎么还不 睡觉	421052
怎么还不 回来	315789
怎么还不 来	263157
怎么这么 多	141666
怎么这么 可爱	125000
怎么这么 好	100000
怎么这么 早	100000
怎么这么 好看	83333
怎么这么 大	75000
怎么这么 不	66666
怎么这么 快	66666
怎么那么 多	368421
怎么那么 快	184210
怎么那么 可爱	157894
怎么那么 早	157894
怎么那么 好看	131578
怎么都 是	264150
怎么都 不	207547
怎么都 不会	132075
怎么都 没	113207
怎么都 去	94339
怎么都 这么	94339
怎么都 那么	94339
怎样 的	298342
怎样 都	154696
怎样 了	138121
怎样 才	88397
怎样 呢	60773
怎样 不好	44198
怎样 怎样	38674
怎样都 好看	333333
怎样都 是	333333
怎样都 美	333333
怕 是	208036
怕 你	163966
怕 了	79714
怕 我	64808
怕 被	55735
怕 的	40829
怕 什么	40181
怕 他	29812
怕了 怕	647058
怕了 吗	352941
怕你 不	238095
怕你 被	190476
怕你 骄傲	190476
怕你 吃	142857
怕你 说	119047
怕外地人 没	1000000
怕外地人没 材料	1000000
怕是 要	449152
怕是 没	110169
怕是 不	93220
怕是 你	67796
怕是 个	50847
怕是 吃	50847
怕是 有	50847
怕是 也	42372
怕的 是	523809
怕的 就是	476190
怕被 打	705882
怕被 人	294117
思念 你	379310
思念 我	241379
思念 是	206896
思念 的	172413
思想 的	303030
思想 上	212121
思想 有	181818
思想 不	151515
思考 人生	362500
思考 的	200000
思考 了	175000
思考 一下	137500
思考 什么	62500
思考 要	62500
急 不	221621
急 了	151351
急 着	129729
急 的	113513
急 得	81081
急 什么	64864
急 死	43243
急不 急	823529
急不 来	176470
性价比 高	592592
性价比 不	222222
性别 不同	538461
性别 女	461538
性格 好	275362
性格 就	130434
性格 不	115942
性格 的	101449
性格 了	86956
性格 和	72463
怪不得 我	438596
怪不得 你	385964
怪不得 别人	87719
怪不得 最近	87719
总 有	202380
总 觉得	190476
总 要	100198
总 比	89285
总 感觉	70436
总 在	43650
总 不能	31746
总 有人	28769
总之 就是	400000
总之 你	300000
总之 我	300000
总会 有	555555
总会 来	119658
总会 遇到	85470
总会 有人	76923
总会 好	59829
总会 过去	59829
总会 在	42735
总会有 的	1000000
总是 有	81218
总是 会	71065
总是 这么	71065
总是 要	65989
总是 在	63451
总是 不	55837
总是 那么	45685
总是让 人	642857
总是让 我	357142
总有 那么	246913
总有 一个	222222
总有 一种	222222
总有 一些	185185
总有 办法	61728
总有 机会	61728
总有一天 会	772727
总有一天 你	227272
总比 没有	380952
总比 你	333333
总比 我	285714
总结 的	307692
总结 一下	269230
总结 了	230769
总结 出	96153
总结 出来	96153
总裁 的	533333
总裁 爱	466666
总觉得 你	363636
总觉得 自己	236363
总觉得 我	181818
总觉得 他	127272
总觉得 我们	90909
恋情 了	538461
恋情 有	461538
恋爱 了	493449
恋爱 的	310043
恋爱 中	78602
恋爱 吗	39301
恋爱 就	34934
恋爱 吧	21834
恋爱中 的	1000000
恐怕 是	571428
恐怕 你	428571
恐怖 的	362903
恐怖 了	217741
恐怖 童谣	120967
恐怖 吗	56451
恐怖 我	40322
恐怖 故事	40322
恢复 设置	100
恢复 正常	90
恢复 文件	80
恢复 备份	70
恩爱 的	413333
恩爱 了	293333
恩爱 死	200000
恭喜 恭喜	487068
恭喜 你	339080
恭喜 我	27298
恭喜 了	17241
恭喜 毕业	17241
恭喜 小	10057
恭喜 什么	8620
恭喜你 了	200000
恭喜你 又	200000
恼火 的	538461
恼火 了	461538
悄悄 告诉	634146
悄悄 关注	243902
悄悄 说	121951
悄悄告诉 你	727272
悄悄告诉 我	272727
悠闲 的	700000
您 的	174294
您 是	93476
您 这	58422
您 说	41869
您 在	35053
您 了	29211
您 还	29211
您 也	28237
您在 一起	1000000
您好 请问	100
您好 感谢	90
您好 需要	80
您好 这是	70
您很 高兴	1000000
您是 在	647058
您是 想	352941
您的 好友	318181
您的 两张	227272
您的 使用	227272
您的 问题	227272
您说 的	1000000
您这 是	1000000
悲伤 的	903846
悲伤 了	96153
悲伤的 故事	1000000
悲剧 了	596153
悲剧 的	230769
悲哀 了	428571
悲哀 的	333333
情人节 快乐	786516
情人节 礼物	101123
情人节 晚上	56179
情人节 都	56179
情侣 头像	523809
情侣 的	476190
情况 下	314285
情况 不	61224
情况 吗	53061
情况 我	48979
情况 了	44897
情况 呢	44897
情况 吧	40816
情商 低	375000
情商 高	218750
情商 太	156250
情绪 了	341463
情绪 的	268292
情绪 都	219512
情绪 不	170731
惊呆 了	1000000
惊喜 的	296296
惊喜 呢	166666
惊喜 意	166666
惊喜 不	111111
惊喜 在	92592
惊艳 了	351351
惊艳 到	297297
惊艳 的	216216
惦记 的	642857
惦记 你	357142
惬意 的	571428
惭愧 惭愧	533333
想 了解	100
想 确认	90
想 知道	80
想 试试	70
想一个 人	1000000
想上 热门	1000000
想不 明白	516129
想不 出来	483870
想不到 的	652173
想不到 你	347826
想不开 了	529411
想不开 的	470588
想不想 我	666666
想不想 吃	333333
想买 的	313131
想买 个	292929
想买 一个	131313
想买 这个	101010
想买 什么	80808
想买 就	80808
想了 想	319444
想了 半天	138888
想了 好久	138888
想了 一下	97222
想了 我	97222
想了 下	69444
想什么 呢	724137
想什么 时候	275862
想他 了	500000
想他 的	500000
想你 了	487584
想你 想	221218
想你 的	144469
想你 呢	40632
想你 我	15801
想你 好想你	11286
想你 是	11286
想你想 你	747126
想你想 的	195402
想你想 我	57471
想做 的	581818
想做 什么	154545
想做 个	127272
想做 你	90909
想做 一个	45454
想做的 事	625000
想做的 事情	375000
想再 去	454545
想再 看	318181
想再 看一遍	227272
想到 了	289156
想到 你	162650
想到 的	117469
想到 我	96385
想到 这个	45180
想到 他	42168
想到 就	39156
想到 要	36144
想到你 的	411764
想到你 了	294117
想到你 那	294117
想剪短 发	1000000
想去 看	177083
想去 的	127604
想去 看看	91145
想去 吃	65104
想去 哪	52083
想去 哪里	39062
想去 找	39062
想去 买	36458
想去的 地方	1000000
想吃 什么	140056
想吃 了	103641
想吃 的	89635
想吃 你	67226
想吃 东西	64425
想吃 就	53221
想吃 那个	44817
想吃什么 吧	666666
想吃什么 就	333333
想合影 跟	1000000
想合影跟 我	1000000
想听 你	526315
想听 什么	236842
想听 故事	236842
想告诉 你	1000000
想和 你	654639
想和 我	128865
想和 你们	82474
想和 他	67010
想和 她	41237
想和 小	25773
想和你 一起	725000
想和你 在	150000
想和你 说	125000
想回 学校	642857
想回 就	357142
想回去 了	611111
想回去 看看	388888
想回家 了	714285
想多 了	1000000
想多了 你	363636
想多了 吧	363636
想多了 我	272727
想太 多	1000000
想太多 了	883720
想太多 的	116279
想好 了	377358
想好 买	292452
想好 想	198113
想好 去	66037
想好 呢	66037
想好买 什么	1000000
想家 了	818181
想家 的	181818
想对 你	600000
想对 我	400000
想开 点	625000
想开 了	375000
想得 太	1000000
想念 你	422222
想念 我	162962
想念 的	103703
想念 你们	81481
想念 了	66666
想念 以前	51851
想念 我们	51851
想念你 的	1000000
想想 就	196078
想想 都	166666
想想 我	147058
想想 你	117647
想想 自己	98039
想想 还是	42483
想想 也	35947
想想 还	32679
想想就 好	666666
想想就 觉得	333333
想我 了	487272
想我 吗	105454
想我 的	101818
想我 就	47272
想我 不	32727
想我 想	32727
想我 是	32727
想我了 吗	432432
想我了 吧	270270
想我了 没	162162
想我了 么	135135
想打 你	687500
想打 我	156250
想打 耳洞	156250
想找 个	468750
想找 你	218750
想找 个人	114583
想找 一个	104166
想找 人	93750
想把 你	454545
想把 我	272727
想把 它	181818
想把 自己	90909
想抱抱 你	1000000
想有 个	750000
想有 什么	250000
想死 你	402777
想死 了	250000
想死 的	208333
想死 你们	69444
想死 我	69444
想死你 了	1000000
想法 了	128712
想法 的	118811
想法 一样	108910
想法 是	108910
想法 就	89108
想法 都	79207
想的 一样	176829
想的 是	140243
想的 美	115853
想的 那么	103658
想的 太	85365
想的 都	73170
想的 那样	60975
想的 出来	42682
想看 你	387096
想看 的	177419
想看 了	48387
想看 他	48387
想看 小	48387
想看 他们	43010
想看 我	37634
想看你 的	772727
想看你 参加	227272
想看看 你	666666
想看看 你们	333333
想着 你	145454
想着 要	145454
想着 你们	127272
想着 我	109090
想着 想着	90909
想着 吃	81818
想着 就	81818
想着 去	63636
想着你们 亲	1000000
想着你们亲 的	1000000
想知道 你	346570
想知道 我	72202
想知道 是	57761
想知道 怎么	54151
想知道 为什么	50541
想知道 什么	50541
想知道 这个	50541
想知道 这	43321
想知道你 的	400000
想知道你 是	333333
想知道你 什么	266666
想笑 死	705882
想约 你	750000
想约 我	250000
想给 你	697247
想给 我	128440
想给 她	73394
想给 他	55045
想给 你们	45871
想表达 什么	600000
想表达 的	300000
想表达 我	100000
想要 的	298311
想要 什么	93808
想要 你	69418
想要 一个	65666
想要 个	58161
想要 不要	52532
想要 我	46904
想要 了	35647
想要的 生活	263157
想要的 东西	245614
想要的 样子	210526
想要的 是	105263
想要的 朋友	87719
想要的 都	87719
想见 你	530612
想见 的	224489
想见 我	142857
想见 他	102040
想让 我	344000
想让 你	272000
想让 他	136000
想让 她	72000
想让 自己	72000
想让 人	64000
想让 谁	40000
想说 我	245059
想说 你	221343
想说 的	193675
想说 什么	138339
想说 一句	43478
想说 这个	39525
想说 这	35573
想说 不	23715
想说来 着	1000000
想说来着 你们	1000000
想说的 是	1000000
想请 你	619047
想请 我	380952
想请问 一下	588235
想请问 下	411764
想谈恋爱 了	722222
想谈恋爱 吧	277777
想象 中	359154
想象 的	281690
想象 一下	105633
想象 你	63380
想象 不	56338
想象 到	56338
想象 出	42253
想象 不到	35211
想象中 的	740740
想象中 那么	259259
想起 了	354716
想起 我	252830
想起 你	181132
想起 的	30188
想起 我们	26415
想起 一句	22641
想起 他	22641
想起 以前	22641
想起来 了	634408
想起来 我	118279
想起来 就	107526
想起来 你	86021
想起来 的	53763
想跟 你	734848
想跟 我	136363
想跟 你们	68181
想跟 他	60606
想跟你 一起	631578
想跟你 说	368421
想过 的	642857
想过 我	357142
想那么 多	1000000
想都 想不到	434782
想都 没	304347
想都 不敢	260869
想问 一下	303896
想问 你	290909
想问 下	181818
想问 一句	41558
想问 的	28571
想问 这个	28571
想问 那个	20779
想问 这	18181
想问你 是	375000
想问你 有没有	312500
想问你 的	312500
想问问 你	1000000
惹不起 惹不起	1000000
愉快 的	774436
愉快 地	90225
愉快 了	45112
愉快 生活	37593
愉快的 玩耍	641025
愉快的 决定	358974
愉快的玩耍 了	1000000
意 不	437500
意 面	375000
意 的	187500
意不 意外	1000000
意义 的	406779
意义 了	127118
意义 吗	101694
意义 是	101694
意义 上	84745
意义 在	50847
意义 何在	42372
意义的 事	588235
意义的 事情	411764
意外 的	1000000
意大利 的	588235
意大利 面	411764
意思 是	455592
意思 就是	67434
意思 了	44407
意思 吗	42763
意思 呢	32894
意思 我	32894
意思 你	31250
意思是 你	357142
意思是 我	333333
意思是 说	130952
意思是 要	107142
意思是 不	71428
意见 了	300000
意见 吗	200000
意识 到	1000000
意识到 这个	409090
意识到 了	318181
意识到 自己	272727
愚人节 快乐	1000000
愚蠢 的	1000000
感人 的	681818
感人 了	318181
感兴趣 的	1000000
感冒 了	682291
感冒 好	65104
感冒 的	52083
感冒 还	41666
感冒 发烧	33854
感冒 就	23437
感冒 也	18229
感冒了 吗	625000
感冒好 了	1000000
感到 骄傲	310344
感到 了	172413
感到 快乐	172413
感动 的	307339
感动 了	275229
感动 到	110091
感动 死	45871
感动 你	41284
感动 得	36697
感动 我	32110
感受 到	523622
感受 下	133858
感受 吗	47244
感受 不到	43307
感受 了	43307
感受 你	35433
感受 我	31496
感受到 了	764705
感受到 你	117647
感受到 我	117647
感受到了 你	1000000
感叹 一下	476190
感叹 了	285714
感叹 自己	238095
感性 了	562500
感性 的	437500
感恩 的	629629
感恩 有	370370
感恩的 心	1000000
感恩节 快乐	1000000
感情 的	252212
感情 因为	119469
感情 了	75221
感情 是	66371
感情 好	61946
感情 问题	48672
感情 我	39823
感情 都	39823
感情因为 什么	1000000
感情因为什么 结束	1000000
感慨 一下	420289
感慨 下	159420
感慨 了	130434
感慨 多	86956
感觉 你	105514
感觉 我	60213
感觉 自己	48958
感觉 好	42487
感觉 是	35171
感觉 到	32639
感觉 了	20821
感觉不 一样	620689
感觉不 像	206896
感觉不 出来	172413
感觉不会 再	1000000
感觉不会再 爱	1000000
感觉也 是	500000
感觉也 没	266666
感觉你 的	300000
感觉你 是	107692
感觉你 会	100000
感觉你 在	69230
感觉你 每天	69230
感觉你 最近	46153
感觉到 了	651162
感觉到 你	209302
感觉到 我	139534
感觉好 难	375000
感觉好 可爱	312500
感觉好 幸福	312500
感觉很 好	333333
感觉很 不错	242424
感觉很 有	242424
感觉很 不	181818
感觉我 的	245901
感觉我 也	163934
感觉我 要	163934
感觉我 在	114754
感觉我 已经	114754
感觉我 是	98360
感觉我 现在	98360
感觉自己 好	243243
感觉自己 又	162162
感觉自己 是	162162
感觉自己 已经	135135
感觉自己 要	135135
感觉还 不错	448979
感觉还 可以	285714
感觉还 没	122448
感觉都 不	312500
感觉都 是	281250
感觉都 没有	250000
感觉都 没	156250
感谢 支持	100
感谢 理解	90
感谢 帮助	80
感谢 回复	70
感谢你 的	1000000
感谢您 的	846153
感谢您 对	153846
感谢您的 陪伴	400000
感谢您的 鼓励	400000
感谢您的 支持	200000
感谢永远 年轻	1000000
感谢永远年轻 的	1000000
愿意 和	88803
愿意 去	84942
愿意 吗	65637
愿意 跟	65637
愿意 做	57915
愿意 听	57915
愿意 相信	54054
愿意 为	50193
愿意和 我	533333
愿意和 你	466666
愿望 是	310344
愿望 就是	241379
愿望 成	155172
愿望 都	155172
愿望 实现	137931
慢慢 的	168478
慢慢 就	111413
慢慢 等	84239
慢慢 看	70652
慢慢 变	59782
慢慢 找	46195
慢慢 适应	40760
慢慢 吃	35326
慢慢就 好	1000000
慢慢来 吧	1000000
憔悴 了	1000000
懂事 乖巧	444444
懂事 的	311111
懂事 了	244444
懂事乖巧 的	1000000
懂事乖巧的 机器人	1000000
懂得 什么	162162
懂得 珍惜	162162
懂得 了	135135
懂得 多	135135
懂得 我	135135
懂得 欣赏	135135
懂得 起	135135
懒得 去	238636
懒得 做	102272
懒得 跟	102272
懒得 接受	90909
懒得 看	90909
懒得 出去	79545
懒得 出门	79545
懒得 说	79545
成 了	377419
成 这样	196774
成 那样	62903
成 真	51612
成 什么样	38709
成 你	32258
成 不	20967
成 我	20967
成为 了	234042
成为 你	234042
成为 一个	127659
成为 我	95744
成为 更好	74468
成为 别人	63829
成为 朋友	63829
成为 好	53191
成了 你	625000
成了 我	375000
成功 了	478405
成功 的	305647
成功 后	29900
成功 引起	26578
成功 吗	23255
成功 之	19933
成功了 吗	722222
成功了 呢	277777
成年 了	791666
成年 的	208333
成年人 的	625000
成年人 了	375000
成熟 了	435483
成熟 的	354838
成熟 点	64516
成熟 稳重	56451
成熟 一点	48387
成熟 吗	40322
成绩 了	196721
成绩 好	180327
成绩 的	180327
成绩 出来	131147
成绩 不好	114754
成绩 还	98360
成绩 都	98360
成这样 了	1000000
成那样 了	1000000
成都 的	254416
成都 了	215547
成都 人	56537
成都 找	42402
成都 上班	35335
成都 吗	35335
成都 欢迎	35335
成长 的	525423
成长 了	305084
成长 起来	84745
我 想	100
我 可以	90
我 需要	80
我 已经	70
我一 人	276422
我一 开始	219512
我一 看	146341
我一 朋友	56910
我一 听	48780
我一 走	48780
我一 不	40650
我一 喜欢	40650
我一下 吗	642857
我一下 我	357142
我一个 人	752427
我一个 不	33980
我一个 女生	26699
我一个 朋友	26699
我一个 吗	24271
我一个 都	24271
我一个 星期	21844
我一个 同学	19417
我一个人 觉得	362831
我一个人 在	194690
我一个人 去	79646
我一个人 的	70796
我一个人 吃	61946
我一个人 承受	53097
我一个人 不	44247
我一个人 吗	44247
我一天 生日	538461
我一天 没	461538
我一定 会	414965
我一定 要	380952
我一定 是	88435
我一定 去	61224
我一定 不会	54421
我一定会 去	615384
我一定会 努力	384615
我一样 的	329670
我一样 有	208791
我一样 喜欢	65934
我一样 都	65934
我一样 在	54945
我一样 是	54945
我一样 爱	54945
我一样有 眼光	1000000
我一次 机会	538461
我一次 都	461538
我一点 都	542168
我一点 也	313253
我一点 时间	84337
我一点 不	60240
我一点也 不	1000000
我一点都 不	794117
我一点都 不想	205882
我一直 都	255539
我一直 在	230428
我一直 以为	125553
我一直 觉得	69423
我一直 想	54652
我一直 不	35450
我一直 没	32496
我一直以为 你	565217
我一直以为 是	434782
我一直在 等	393939
我一直在 你	242424
我一直在 想	212121
我一直在 看	151515
我一直都 在	403669
我一直都 是	247706
我一直都 不	64220
我一直都 觉得	64220
我一直都 想	55045
我一直都 有	45871
我一眼 就	1000000
我一般 都	590163
我一般 不	180327
我一般 是	131147
我一般 会	98360
我一般都 是	1000000
我一起 去	677966
我一起 吃	135593
我一起 看	101694
我一起 走	84745
我上 了	243902
我上 热门	170731
我上 个	134146
我上 学期	121951
我上 热	121951
我上 厕所	73170
我上 王者	73170
我上 大学	60975
我上去 让	1000000
我上次 去	365853
我上次 也	243902
我上次 买	146341
我上次 在	121951
我上次 看	121951
我下 了	481481
我下 个	333333
我下 碗面	185185
我下午 去	687500
我下午 就	312500
我下次 去	523809
我下次 也	238095
我下次 再也	238095
我不 知道	198606
我不 喜欢	93578
我不 信	75161
我不 在	46291
我不 认识	37829
我不 爱	36336
我不 听	30861
我不 开心	23892
我不会 告诉	237623
我不会 再	118811
我不会 去	79207
我不会 让	69306
我不会 说	69306
我不会 做	59405
我不会 放弃	59405
我不会 的	59405
我不会告诉 你	1000000
我不信 你	600000
我不信 我	400000
我不听 我	1000000
我不喜欢 你	368421
我不喜欢 吃	192982
我不喜欢 的	157894
我不喜欢 这	105263
我不喜欢 喝酒	87719
我不喜欢 她	87719
我不在 的	384615
我不在 你	346153
我不在 学校	269230
我不太 喜欢	1000000
我不想 去	183673
我不想 再	153061
我不想 说	153061
我不想 你	132653
我不想 吃	81632
我不想 跟	81632
我不想 喜欢	61224
我不想 听	51020
我不敢 看	571428
我不敢 吃	428571
我不是 一个	194029
我不是 我	141791
我不是 说	126865
我不是 你	104477
我不是 一直	89552
我不是 人	74626
我不是 会员	52238
我不是一个 人	1000000
我不爱 你	512195
我不爱 吃	487804
我不知道 你	211180
我不知道 我	136645
我不知道 怎么	111801
我不知道 是	80745
我不知道 该	80745
我不知道 什么	49689
我不知道 为什么	37267
我不管 我	701754
我不管 你	298245
我不管我 不管	347826
我不管我 就是	217391
我不管我 最	217391
我不管我 要	217391
我不能 再	379310
我不能 吃	310344
我不能 接受	310344
我不行 了	705882
我不要 你	441176
我不要 面子	382352
我不要 再	176470
我不认识 你	838709
我不认识 他	161290
我两个 小时	760000
我两个 月	240000
我两个小时 后	1000000
我个人 觉得	485714
我个人 的	200000
我个人 喜欢	171428
我个人 认为	142857
我为 你	500000
我为 我	300000
我为 自己	200000
我为什么 要	366666
我为什么 知道	188888
我为什么 不	111111
我为什么 这么	100000
我为什么 那么	66666
我为什么 不能	55555
我为什么 会	55555
我为什么 没有	55555
我主要 是	1000000
我之前 也	248226
我之前 都	92198
我之前 就	85106
我之前 的	78014
我之前 买	70921
我之前 在	63829
我之前 是	56737
我之前 看	56737
我也 是	265113
我也 想	122043
我也 不	70001
我也 觉得	61503
我也 要	53968
我也 喜欢	31627
我也 没	25845
我也不 知道	676948
我也不 喜欢	79545
我也不 清楚	38961
我也不 晓得	37337
我也不 太	32467
我也不 信	19480
我也不 认识	17857
我也不 记得	17857
我也不想 的	592592
我也买 了	1000000
我也今天 生日	1000000
我也以为 是	1000000
我也去 了	454545
我也去 看	212121
我也去 看看	181818
我也去 买	151515
我也发现 了	1000000
我也喜欢 你	500000
我也喜欢 吃	148936
我也喜欢 这	95744
我也喜欢 看	85106
我也喜欢 这种	63829
我也喜欢 他	53191
我也喜欢 她	53191
我也在 看	241935
我也在 等	209677
我也在 想	177419
我也在 找	145161
我也在 减肥	129032
我也在 纠结	96774
我也好 想	662068
我也好 喜欢	262068
我也好 想要	41379
我也好 爱	34482
我也好想 去	633333
我也好想 吃	366666
我也希望 我	388888
我也希望 自己	333333
我也希望 他	277777
我也很 喜欢	270142
我也很 想	184834
我也很 绝望	180094
我也很 无奈	99526
我也很 爱	47393
我也很 开心	33175
我也很 好奇	28436
我也很 无	28436
我也快 了	1000000
我也想 去	173031
我也想 吃	142004
我也想 知道	133651
我也想 你	87112
我也想 问	70405
我也想 买	48926
我也想 看	45346
我也想要 一个	615384
我也想要 个	384615
我也是 这么	118367
我也是 这样	81632
我也是 我	51700
我也是 第一次	36734
我也是 的	28571
我也是 呢	27210
我也有 这种	275862
我也有 个	172413
我也有 我	103448
我也有 这	103448
我也有 这个	86206
我也有 这样	86206
我也没 办法	246031
我也没 说	182539
我也没 看	126984
我也没 吃	63492
我也没 看到	55555
我也没 看见	55555
我也没 见	55555
我也没 怎么	47619
我也爱 你	846153
我也爱 吃	153846
我也看 了	1000000
我也看到 了	1000000
我也要 去	396984
我也要 吃	165829
我也要 和	65326
我也要 看	60301
我也要 买	55276
我也要 减肥	55276
我也要 做	45226
我也要 开始	40201
我也觉得 是	230263
我也觉得 我	217105
我也觉得 好	151315
我也觉得 不	52631
我也觉得 她	52631
我也觉得 他	46052
我也觉得 奇怪	46052
我也还 没	678571
我也还 在	321428
我也这么 觉得	687022
我也这么 想	221374
我也这么 认为	91603
我也这样 觉得	650000
我也这样 想	350000
我买 了	419354
我买 的	382133
我买 个	49627
我买 到	44665
我买 一个	27295
我买 吃	14888
我买 机票	14888
我买了 个	500000
我买了 一个	250000
我买了 好多	250000
我买的 是	458333
我买的 都	333333
我买的 也	208333
我了 吗	252873
我了 我	157088
我了 吧	91954
我了 个	84291
我了 么	76628
我了 你	57471
我了 呢	42145
我了个 去	1000000
我亲爱 的	1000000
我什么 时候	465240
我什么 都	411764
我什么 事	64171
我什么 也	58823
我什么时候 能	324324
我什么时候 说	297297
我什么时候 才能	243243
我什么时候 可以	135135
我什么都 没	555555
我什么都 不	244444
我什么都 没有	200000
我今天 也	206680
我今天 去	77244
我今天 晚上	52192
我今天 就	50104
我今天 还	48016
我今天 在	41753
我今天 吃	39665
我今天 才	37578
我今天也 去	357142
我今天也 在	321428
我今天也 是	321428
我今年 都	400000
我今年 也	300000
我今年 才	300000
我今晚 就	444444
我今晚 也	370370
我今晚 吃	185185
我介绍 个	384615
我介绍 一个	282051
我介绍 对象	179487
我介绍 吗	153846
我从来 没	430379
我从来 都	265822
我从来 没有	227848
我从来 就	75949
我从来都 是	666666
我从来都 不	333333
我以为 你	533081
我以为 是	185255
我以为 我	96408
我以为 只有	35916
我以为 他	22684
我以为 你们	20793
我以为 的	15122
我以为 这	15122
我以为你 是	225000
我以为你 在	133333
我以为你 说	133333
我以为你 会	108333
我以为你 要	108333
我以为你 也	75000
我以为你 去	66666
我以为你 没	58333
我以前 也	356435
我以前 的	158415
我以前 在	108910
我以前 都	108910
我以前 喜欢	59405
我以前 没	59405
我以前 一直	49504
我以前 买	49504
我以后 也	280000
我以后 会	160000
我以后 都	146666
我以后 要	120000
我以后 不	106666
我以后 就	106666
我以后 可以	80000
我们 可以	100
我们 一起	90
我们 需要	80
我们 已经	70
我们一直 在	750000
我们一直 都	250000
我们一起 去	372413
我们一起 加油	172413
我们一起 走	103448
我们一起 努力	96551
我们一起 看	75862
我们一起 吃	62068
我们一起 减肥	41379
我们不 一样	305084
我们不 约	305084
我们不 在	152542
我们不 合适	118644
我们不 知道	118644
我们东北 人	1000000
我们东北人 呢	1000000
我们两个 人	687500
我们两个 的	312500
我们也 是	406698
我们也 要	100478
我们也 可以	76555
我们也 有	62200
我们也 没	62200
我们也 会	47846
我们也 在	47846
我们什么 时候	1000000
我们会 是	508196
我们会 一直	245901
我们会 不会	81967
我们会 努力	81967
我们会 有	81967
我们会是 什么	1000000
我们做 朋友	804878
我们做 的	195121
我们做朋友 吧	1000000
我们去 吃	408163
我们去 的	306122
我们去 看	183673
我们去 爬山	102040
我们可以 一起	533333
我们可以 约	466666
我们在 一起	871794
我们在 吃	128205
我们大家 都	642857
我们大家 一起	357142
我们学校 的	515625
我们学校 有	156250
我们学校 也	125000
我们学校 没有	125000
我们学校 是	78125
我们家 的	590163
我们家 是	131147
我们家 也	98360
我们家 都	98360
我们家 这边	81967
我们宿舍 的	391304
我们宿舍 也	304347
我们宿舍 都	304347
我们就 去	212765
我们就 可以	191489
我们就 在	191489
我们就 不	170212
我们就 这样	127659
我们就 会	106382
我们是 在	169491
我们是 朋友	169491
我们是 好	152542
我们是 最	152542
我们是 一家人	135593
我们是 真	118644
我们是 自己	101694
我们爱 你	541666
我们爱 的	458333
我们的 友谊	115384
我们的 小	102564
我们的 心	102564
我们的 生活	102564
我们的 最	89743
我们的 青春	89743
我们的 人	76923
我们的 人生	64102
我们等 你	1000000
我们要 做	600000
我们要 去	233333
我们要 好好	166666
我们还 能	401360
我们还 没	204081
我们还 在	176870
我们还 年轻	61224
我们还 得	61224
我们还 会	47619
我们还 可以	47619
我们还能 回去	1000000
我们这 也	239669
我们这 的	157024
我们这 是	115702
我们这 都	107438
我们这 今天	82644
我们这 有	66115
我们这 下雨	49586
我们这 没	49586
我们这儿 有	681818
我们这儿 的	318181
我们这边 的	452380
我们这边 也	261904
我们这边 还	142857
我们这边 都	142857
我们这里 也	276595
我们这里 的	255319
我们这里 已经	127659
我们这里 是	127659
我们这里 没有	106382
我们这里 都	106382
我们都 是	288747
我们都 要	110403
我们都 在	70063
我们都 会	65817
我们都 一样	57324
我们都 能	46709
我们都 不	44585
我们都要 好好	562500
我们都要 加油	437500
我仿佛 看到	684210
我仿佛 听到	315789
我会 的	103248
我会 努力	76566
我会 告诉	63805
我会 说	49883
我会 一直	39443
我会 加油	38283
我会 好好	35962
我会加油 的	1000000
我会努力 的	1000000
我会告诉 你	1000000
我会告诉你 我	1000000
我会瘦成 一道	1000000
我会瘦成一道 闪电	1000000
我会给 你	1000000
我会继续 努力	1000000
我估计 我	328358
我估计 你	223880
我估计 是	164179
我估计 要	104477
我估计 也	89552
我估计 得	89552
我但是 是	1000000
我但是是 用心	1000000
我住 的	648648
我住 在	351351
我你 的	203252
我你 就	195121
我你 是	138211
我你 不	73170
我你 怎么	65040
我你 要	56910
我你 在	48780
我你 怕	48780
我信 了	807017
我信 你	192982
我俩 都	216666
我俩 在	183333
我俩 就	133333
我俩 的	116666
我俩 是	100000
我俩 不	83333
我俩 现在	83333
我俩 还	83333
我倒 是	722222
我倒 想	62500
我倒 希望	55555
我倒 觉得	48611
我倒 不是	41666
我倒 不	34722
我倒 要	34722
我倒是 想	593220
我倒是 觉得	186440
我倒是 没	118644
我倒是 有	101694
我做 的	379679
我做 了	208556
我做 不到	74866
我做 什么	74866
我做 你	58823
我做 朋友	37433
我做 给	37433
我像 个	588235
我像 你	411764
我先 去	389473
我先 说	210526
我先 走	94736
我先 把	84210
我先 来	63157
我先 吃	52631
我先 吃饭	52631
我先 看	52631
我关注 你	440000
我关注 的	340000
我关注 了	220000
我其实 是	484848
我其实 也	212121
我其实 不	151515
我其实 还	151515
我再 去	285714
我再 给	95238
我再 买	76190
我再 看看	76190
我再 等等	76190
我再 找	66666
我再 来	66666
我再 不	57142
我再也 不	757575
我再也 不想	242424
我写 的	635135
我写 了	202702
我写 完	94594
我决定 了	343750
我决定 以后	250000
我决定 不	218750
我决定 要	187500
我准备 去	453125
我准备 好	171875
我准备 买	125000
我准备 把	93750
我准备 睡觉	78125
我准备 给	78125
我几乎 每天	1000000
我几乎每天 都	1000000
我出门 了	687500
我出门 的	312500
我刘海 怎么	1000000
我刚刚 看	228915
我刚刚 也	156626
我刚刚 在	120481
我刚刚 才	108433
我刚刚 还	96385
我刚刚 吃	84337
我刚刚 从	72289
我刚刚 看到	72289
我刚才 说	350000
我刚才 还	350000
我刚才 也	300000
我到 现在	496296
我到 了	259259
我到 家	162962
我到 时	44444
我到 广州	37037
我到家 了	1000000
我到现在 都	578947
我到现在 还	421052
我前 几天	907407
我前 一阵	92592
我加 了	516129
我加 你	483870
我却 不	400000
我却 还	350000
我却 在	250000
我压根 就	571428
我压根 没	428571
我去 了	96688
我去 找	92715
我去 看看	88741
我去 看	79470
我去 的	78145
我去 你	60927
我去 买	58278
我去 给	49006
我去找 你	1000000
我去的 时候	1000000
我去看 你	600000
我去看 了	400000
我去给 你	733333
我去给 小花	266666
我去过 了	500000
我去过 的	500000
我又 不	149446
我又 不是	145756
我又 没	138376
我又 来	134686
我又 要	112546
我又 想	73800
我又 没有	23985
我又 不用	20295
我又不 知道	380952
我又不 在	333333
我又不 去	285714
我又来 了	1000000
我又没 说	1000000
我发 的	432432
我发 了	229729
我发 你	121621
我发 个	81081
我发 小	67567
我发 我	67567
我发现 我	364583
我发现 你	338541
我发现 了	270833
我发现 你们	26041
我只 想	356896
我只 知道	108620
我只 会	86206
我只 看到	70689
我只 喜欢	56896
我只 看	29310
我只 关心	27586
我只 吃	27586
我只想 说	536363
我只想 知道	209090
我只想 问	172727
我只想 看	81818
我只是 想	226890
我只是 觉得	147058
我只是 说	113445
我只是 在	105042
我只是 个	96638
我只是 不	50420
我只是 喜欢	42016
我只是想 说	428571
我只是想 知道	285714
我只是想 表达	285714
我只有 一个	450000
我只有 在	300000
我只有 一张	250000
我只看到 了	1000000
我只知道 我	571428
我只知道 你	428571
我只能 说	568807
我只能 在	110091
我只能 用	91743
我只能 吃	45871
我只能 告诉	45871
我只能 呵呵	45871
我只能 看	45871
我只能 自己	45871
我叫 你	777777
我叫 什么	129629
我叫 他	92592
我可 没	405660
我可 没有	132075
我可 不敢	122641
我可 不想	103773
我可 不能	47169
我可 不要	47169
我可 得	47169
我可 想	47169
我可以 去	144262
我可以 给	121311
我可以 说	95081
我可以 做	62295
我可以 把	59016
我可以 跟	45901
我可以 理解	42622
我可以 用	36065
我可以做 你	1000000
我可以去 现场	750000
我可以去 看看	250000
我可以给 你	1000000
我可是 我	305555
我可是 要	250000
我可是 有	138888
我可没 说	1000000
我可爱 的	562500
我可爱 吗	437500
我可能 是	341666
我可能 要	208333
我可能 会	183333
我可能 也	66666
我可能 就	58333
我可能 还	58333
我可能 不	41666
我可能 有点	41666
我吃 了	250000
我吃 的	191441
我吃 完	63063
我吃 东西	47297
我吃 吧	38288
我吃 个	33783
我吃 好吃	33783
我吃好吃 的	1000000
我吃完 了	1000000
我吃的 少	411764
我吃的 好	294117
我吃的 是	294117
我吃饭 就	179104
我吃饭 的	179104
我吃饭 了	134328
我吃饭 吗	134328
我吃饭 吧	119402
我吃饭 我	104477
我同学 说	468750
我同学 在	218750
我同学 也	156250
我同学 是	156250
我吧 我	772727
我吧 你	227272
我听 了	169014
我听 你	169014
我听 着	169014
我听 的	140845
我听 不到	98591
我告诉 你	779069
我告诉 你们	162790
我告诉 他	58139
我告诉你们 其实	1000000
我呢 我	1000000
我和 你	515432
我和 我	222222
我和 他	92592
我和 朋友	52469
我和 别人	24691
我和 好	21604
我和 你们	18518
我和 小伙伴	18518
我和你 一样	444444
我和你 说	185185
我和你 的	166666
我和你 有	111111
我和你 一起	92592
我和我 的	392857
我和我 朋友	321428
我和我 男朋友	285714
我哪 有	606837
我哪 天	196581
我哪 知道	145299
我哪 来	51282
我哪有 那么	666666
我哪有 这么	333333
我啊 我	1000000
我啥时候 说	538461
我啥时候 能	461538
我喜欢 你	302675
我喜欢 的	249163
我喜欢 吃	90301
我喜欢 他	40133
我喜欢 这个	31772
我喜欢 我	25083
我喜欢 这	25083
我喜欢 那个	25083
我喜欢你 的	868421
我喜欢你 就	131578
我喜欢的 人	562500
我喜欢的 类型	140625
我喜欢的 是	109375
我喜欢的 风格	109375
我喜欢的 那个	78125
我喝 了	473684
我喝 的	263157
我喝 喜酒	131578
我喝 多	131578
我回 了	354838
我回 学校	354838
我回 你	290322
我回去 了	200000
我回去 的	181818
我回去 请	127272
我回去 就	109090
我回去 找	109090
我回去 也	90909
我回去 再	90909
我回去 看看	90909
我回复 了	388888
我回复 你	333333
我回复 的	277777
我回家 了	681818
我回家 的	318181
我回来 了	601941
我回来 的	116504
我回来 找	67961
我回来 再	58252
我回来 就	58252
我回来 也	48543
我回来 给	48543
我在 想	52007
我在 看	52007
我在 等	48716
我在 你	47399
我在 吃	30941
我在 一起	28966
我在 学校	27649
我在 说	24358
我在你 心里	500000
我在你 心中	272727
我在你 的	227272
我在家 等	235294
我在家 都	235294
我在家 了	176470
我在家 呢	147058
我在想 你	464285
我在想 我	285714
我在想 什么	250000
我在看 天下	538461
我在看 你	461538
我在等 你	1000000
我在说 什么	1000000
我坐 的	636363
我坐 着	363636
我基本 都	666666
我基本 不	333333
我多 想	258620
我多 吃	189655
我多 大	172413
我多 好	155172
我多 了	120689
我多 聊聊	103448
我大概 是	642857
我大概 知道	357142
我天天 都	580645
我天天 吃	129032
我天天 在	129032
我天天 去	80645
我天天 看	80645
我太 喜欢	404761
我太 不	238095
我太 了解	119047
我太 激动	119047
我太 美	119047
我失恋 了	1000000
我失眠 了	1000000
我头 大	739130
我头 都	260869
我头发 也	421052
我头发 太	315789
我头发 长	263157
我好 想	249011
我好 喜欢	138339
我好 吗	83003
我好 了	51383
我好 难过	41501
我好 无聊	35573
我好 怕	29644
我好 爱	29644
我好像 没	133333
我好像 不	111111
我好像 知道	111111
我好像 还	96296
我好像 也	88888
我好像 有点	74074
我好像 在	59259
我好像 是	59259
我好喜欢 你	631578
我好喜欢 他	368421
我好想 吃	325000
我好想 去	275000
我好想 好	150000
我好想 出去	125000
我好想 知道	125000
我妈妈 说	583333
我妈妈 做	416666
我学 的	687500
我学 了	312500
我定 的	521739
我定 了	478260
我实在 是	687500
我实在 不	312500
我室友 也	615384
我室友 在	384615
我家 的	214022
我家 也	68880
我家 有	46740
我家 小	31980
我家 就	30750
我家 是	28290
我家 在	27060
我家 这边	25830
我家也 是	724137
我家也 有	275862
我家只有 饺子	1000000
我家的 也	468750
我家的 是	187500
我家的 都	187500
我家的 狗狗	156250
我对 你	585858
我对 我	70707
我对 你好	60606
我对 自己	55555
我对 这个	55555
我对 他	50505
我对 她	35353
我对 吧	30303
我对你 的	660000
我对你 说	140000
我对你 多	100000
我对你 有	100000
我小时候 也	317073
我小时候 打针	219512
我小时候 的	170731
我小时候 就	146341
我小时候 看	146341
我就 不	113679
我就 想	66814
我就 说	59531
我就 知道	46231
我就 去	41165
我就 喜欢	37998
我就 在	37048
我就 放心	28182
我就不 知道	201058
我就不 说	148148
我就不 信	121693
我就不 喜欢	79365
我就不 开心	74074
我就不 看	58201
我就不 明白	52910
我就不 爱	47619
我就买 了	1000000
我就去 了	461538
我就去 找	230769
我就去 看	153846
我就去 看看	153846
我就告诉 你	1000000
我就喜欢 你	486486
我就喜欢 看	189189
我就喜欢 这种	189189
我就喜欢 这样	135135
我就在 你	480000
我就在 这	280000
我就在 想	240000
我就好 了	1000000
我就很 喜欢	500000
我就很 开心	500000
我就想 知道	414634
我就想 问	243902
我就想 说	113821
我就想 问问	89430
我就想 笑	81300
我就想 看	56910
我就把 你	1000000
我就放心 了	1000000
我就是 想	100238
我就是 这么	90692
我就是 这样	71599
我就是 觉得	64439
我就是 你	57279
我就是 个	54892
我就是 我	54892
我就是 在	52505
我就知道 你	650793
我就知道 是	158730
我就知道 我	111111
我就知道 了	79365
我就等 着	1000000
我就给 你	812500
我就给 我	187500
我就要 去	533333
我就要 你	466666
我就说 一句	516129
我就说 我	172043
我就说 你	161290
我就说 说	96774
我就说 怎么	53763
我就问 你	551724
我就问 一句	448275
我尽力 了	1000000
我居然 没	480000
我居然 不	320000
我居然 还	200000
我差点 就	352941
我差点 没	294117
我差点 以为	205882
我差点 信	147058
我已经 在	132710
我已经 不	74766
我已经 很久没	57943
我已经 到	54205
我已经 被	48598
我已经 是	37383
我已经 有	37383
我已经 吃	35514
我已经到 了	1000000
我希望 你	432835
我希望 我	298507
我希望 是	119402
我希望 他	74626
我希望 能	74626
我带 你	364806
我带 了	124463
我带 着	120171
我带 我	85836
我带 的	72961
我带 点	51502
我带 个	47210
我带 礼物	42918
我带你 吃	1000000
我平时 都	705882
我平时 也	294117
我并 没有	461538
我并 不	230769
我并 不是	141025
我并 不想	102564
我并 不会	64102
我应该 是	227272
我应该 在	151515
我应该 不会	121212
我应该 去	121212
我应该 会	106060
我应该 不	90909
我应该 怎么	90909
我应该 说	90909
我建议 你	1000000
我开 的	437500
我开 个	187500
我开 了	187500
我开始 也	615384
我开始 以为	384615
我当 你	777777
我当 了	222222
我当时 就	256410
我当时 也	153846
我当时 去	153846
我当时 在	153846
我当时 看	153846
我当时 是	128205
我当然 知道	700000
我当然 是	300000
我很 喜欢	173745
我很 想	133204
我很 好	61776
我很 开心	44401
我很 好奇	42471
我很 有	32818
我很 期待	30888
我很 认真	30888
我很喜欢 你	272727
我很喜欢 她	272727
我很喜欢 一个	227272
我很喜欢 这个	227272
我很想 你	500000
我很想 知道	500000
我得 去	321428
我得 了	214285
我得 多	142857
我得 先	107142
我得 在	107142
我得 好好	107142
我心 了	538461
我心 好	461538
我心中 的	1000000
我心情 不好	1000000
我心里 的	209302
我心里 你	186046
我心里 是	139534
我心里 想	116279
我心里 永远	116279
我心里 还是	116279
我忘记 了	1000000
我忙 完	1000000
我快 到	214285
我快 被	214285
我快 了	166666
我快 饿死	166666
我快 回来	119047
我快 热	119047
我怀疑 我	434782
我怀疑 你	304347
我怀疑 是	260869
我怎么 没	137735
我怎么 不	116981
我怎么 觉得	113207
我怎么 知道	98113
我怎么 会	75471
我怎么 就	56603
我怎么 感觉	41509
我怎么 了	39622
我怎么不 知道	795918
我怎么不 记得	204081
我怎么没 看到	545454
我怎么没 看见	204545
我怎么没 发现	136363
我怎么没 看	113636
我怎么知道 你	625000
我怎么知道 的	375000
我怎么觉得 你	684210
我怎么觉得 我	315789
我怕 你	325471
我怕 我	278301
我怕 是	94339
我怕 被	89622
我怕 他	61320
我怕 了	33018
我怕 她	33018
我怕 自己	33018
我总 觉得	760869
我总 感觉	239130
我想 吃	99518
我想 说	97378
我想 知道	85072
我想 问	84002
我想 你	74371
我想 去	70090
我想 看	45478
我想 买	31032
我想上 热门	1000000
我想买 个	642857
我想买 一个	357142
我想你 了	909090
我想你 呢	90909
我想到 了	777777
我想到 的	222222
我想去 看	368421
我想去 的	315789
我想去 看看	315789
我想和 你	1000000
我想多 了	1000000
我想找 个	615384
我想找 你	384615
我想的 一样	730769
我想的 是	269230
我想看 你	1000000
我想知道 你	441860
我想知道 这个	162790
我想知道 我	139534
我想知道 这	139534
我想知道 的	116279
我想要 的	470588
我想要 你	176470
我想要 个	137254
我想要 小	117647
我想要 带你去	98039
我想说 的	383561
我想说 我	369863
我想说 你	178082
我想说 什么	68493
我想象 的	526315
我想象 中	473684
我想起 了	1000000
我想起来 了	1000000
我想跟 你	1000000
我想问 一下	435643
我想问 下	277227
我想问 你	237623
我想问 的	49504
我意思 是	1000000
我感冒 了	1000000
我感觉 我	433070
我感觉 你	149606
我感觉 是	55118
我感觉 自己	43307
我感觉 也	39370
我感觉 他	39370
我感觉 到	39370
我感觉我 的	500000
我感觉我 要	500000
我手机 里	600000
我手机 上	200000
我手机 没	200000
我才 不	178733
我才 是	160633
我才 发现	92760
我才 看到	67873
我才 知道	52036
我才 不会	49773
我才 不要	49773
我才 不是	47511
我才不 信	1000000
我才删除 的	1000000
我才发现 你	500000
我才发现 我	500000
我打 了	225806
我打 你	204301
我打 的	193548
我打 个	129032
我打 钱	96774
我打 给	53763
我打电话 给	318181
我打电话 了	227272
我打电话 我	227272
我打电话 说	227272
我打算 去	782608
我打算 这	217391
我找 一下	429577
我找 不到	144366
我找 了	91549
我找 个	84507
我找 找	80985
我找 你	77464
我找 的	49295
我找 我	24647
我找一下 吗	1000000
我找到 了	739130
我找到 你	260869
我承认 我	1000000
我把 你	331325
我把 我	228915
我把 它	84337
我把 他	60240
我把 自己	54216
我把 她	48192
我把 这	48192
我把 头发	42168
我报 的	666666
我报 了	333333
我拉 黑	1000000
我拉黑 了	1000000
我拿 了	297297
我拿 着	243243
我拿 的	189189
我拿 去	135135
我拿 点	135135
我指 的	1000000
我指的 是	1000000
我接 你	642857
我接 了	357142
我接受 不了	687500
我接受 了	312500
我控制 不住	1000000
我提 的	666666
我提 了	333333
我支持 你	1000000
我收到 了	700000
我收到 的	300000
我放假 了	1000000
我放弃 了	1000000
我故意 的	1000000
我教 你	1000000
我文笔很 好	1000000
我旁边 的	1000000
我早上 也	318181
我早上 就	227272
我早上 起来	227272
我早上 都	227272
我明天 去	220930
我明天 就	135658
我明天 要	104651
我明天 也	96899
我明天 早上	46511
我明天 开始	38759
我明天 回	34883
我明天 回去	34883
我明白 了	521739
我明白 你	478260
我昨天 也	282608
我昨天 去	130434
我昨天 看	86956
我昨天 还	86956
我昨天 在	79710
我昨天 就	57971
我昨天 才	57971
我昨天 都	57971
我昨晚 也	416666
我昨晚 梦见	208333
我昨晚 做	145833
我昨晚 上	125000
我昨晚 才	104166
我是 说	75414
我是 你	59954
我是 个	49773
我是 谁	48642
我是 在	38084
我是 真的	33182
我是 一个	27903
我是 想	21870
我是一个 不	681818
我是一个 人	318181
我是不是 应该	260869
我是不是 要	152173
我是不是 该	108695
我是不是 你	97826
我是不是 也	86956
我是不是 太	76086
我是不是 得	54347
我是举世 好	1000000
我是你 的	1000000
我是女 的	769230
我是女 汉子	230769
我是想 说	500000
我是想 问	500000
我是爱 你	1000000
我是真 爱	611111
我是真 不	388888
我是真的 不	533333
我是真的 想	466666
我是认真 的	1000000
我是说 你	546875
我是说 我	453125
我是谁 吗	483870
我是谁 了	193548
我是谁 么	161290
我是谁 我	161290
我晓得 你	1000000
我晚上 去	285714
我晚上 也	238095
我晚上 吃	238095
我晚上 要	238095
我更 喜欢	382022
我更 想	202247
我更 爱	123595
我更 希望	89887
我更 愿意	78651
我更 美	67415
我更 不	56179
我曾经 以为	722222
我曾经 也	277777
我最 喜欢	426934
我最 爱	295128
我最 怕	48710
我最 多	45845
我最 想	45845
我最 讨厌	40114
我最 不	28653
我最 可爱	25787
我最喜欢 的	710526
我最喜欢 你	78947
我最喜欢 吃	78947
我最喜欢 了	65789
我最喜欢 看	65789
我最大 的	1000000
我最好 的	1000000
我最爱 的	671428
我最爱 吃	214285
我最爱 你	114285
我最近 也	310502
我最近 在	146118
我最近 都	127853
我最近 的	45662
我最近 好	41095
我最近 看	41095
我最近 才	36529
我最近 没	31963
我最近也 是	684210
我最近也 在	315789
我有 个	117196
我有 惊喜	90909
我有 一个	53669
我有 多	47097
我有 爱国	42716
我有 什么	39430
我有 富强	31763
我有 友善	27382
我有个 朋友	551724
我有个 毛病	241379
我有个 同学	206896
我有什么 办法	1000000
我有我 的	1000000
我有时候 也	684210
我有时候 会	315789
我有钱 了	1000000
我朋友 说	268292
我朋友 的	243902
我朋友 都	134146
我朋友 也	121951
我朋友 在	97560
我朋友 就	73170
我朋友 有	60975
我本来 就	335443
我本来 想	177215
我本来 也	164556
我本来 是	126582
我本来 就是	107594
我本来 还	88607
我本来就 不	300000
我来 了	484455
我来 找	80310
我来 给	62176
我来 看看	38860
我来 的	36269
我来 一打	31088
我来 个	31088
我来 我	25906
我来找 你	1000000
我来给 你	1000000
我来说 是	388888
我来说 都	277777
我根本 不	357142
我根本 没	357142
我根本 就	285714
我梦见 你	538461
我梦见 自己	461538
我正 准备	560000
我正 想	440000
我正在 思考	317073
我正在 看	243902
我正在 努力	219512
我正在 吃	219512
我正在思考 人生	1000000
我死 了	1000000
我每天 都	825000
我每天 吃	50000
我每天 在	41666
我每天 早上	41666
我每天 的	41666
我每天都 在	333333
我每天都 是	230769
我每天都 吃	153846
我每天都 有	153846
我每天都 想	128205
我每次 都	644230
我每次 去	125000
我每次 吃	67307
我每次 看到	67307
我每次 回家	48076
我每次 看	48076
我每次都 是	1000000
我比 你	910891
我比 他	89108
我比你 大	477272
我比你 还	227272
我比你 高	159090
我比你 小	136363
我比较 喜欢	877192
我比较 想	122807
我永远 爱	344827
我永远 是	275862
我永远 都	206896
我永远 不会	172413
我没 说	130563
我没 看	77151
我没 去	66765
我没 看到	63798
我没 钱	63798
我没 得	34124
我没 吃	32640
我没 见	32640
我没有 男朋友	98159
我没有 女朋友	79754
我没有 说	79754
我没有 你	73619
我没有 钱	55214
我没有 我	49079
我没有 看	49079
我没穿 裤子	1000000
我没说 我	444444
我点 了	265306
我点 个	244897
我点 的	224489
我点 开	163265
我点 钱	102040
我爱 的	384615
我爱 吃	192307
我爱 听	104395
我爱 上	93406
我爱 我	71428
我爱 他	54945
我爱 死	38461
我爱 你们	32967
我爱你 的	388888
我爱你 你	250000
我爱你 爱	194444
我爱你 我	166666
我爱的 人	800000
我爱的 是	200000
我爸妈 说	375000
我爸妈 也	312500
我爸妈 都	312500
我特别 喜欢	500000
我特别 想	239130
我特别 特别	152173
我特别 爱	108695
我现在 在	91286
我现在 就	90456
我现在 都	82987
我现在 也	66390
我现在 还	60580
我现在 已经	44813
我现在 的	43983
我现在 是	41493
我现在也 是	681818
我现在也 在	318181
我现在就 在	595238
我现在就 想	261904
我现在就 去	142857
我现在的 状态	666666
我现在的 心情	333333
我现在还 没	450000
我现在还 在	425000
我现在还 没有	125000
我现在都 是	393939
我现在都 不敢	363636
我现在都 不	242424
我理解 的	611111
我理解 你	388888
我瑟瑟 发抖	1000000
我生日 的	285714
我生日 了	238095
我生日 呢	238095
我生日 是	238095
我生气 了	1000000
我用 的	410852
我用 了	232558
我用 手机	77519
我用 用	46511
我用 不用	38759
我用 着	38759
我用的 是	642857
我用的 就是	357142
我男朋友 的	275862
我男朋友 是	206896
我男朋友 在	172413
我男朋友 就是	172413
我男朋友 我	172413
我的 天	74354
我的 心	56594
我的 小	34572
我的 意思	33388
我的 人	24390
我的 也	21785
我的 是	20838
我的 脸	15391
我的也 是	1000000
我的人 是	434782
我的人 都	304347
我的人 了	260869
我的天 哪	315217
我的天 你	163043
我的天 我	130434
我的天 这么	54347
我的好 朋友	1000000
我的小 仙女	615384
我的小 心脏	384615
我的心 在	392857
我的心 也	250000
我的心 了	178571
我的心 都	178571
我的意思 是	894230
我的意思 就是	57692
我的时候 我	705882
我的时候 就	294117
我的最 爱	1000000
我的朋友 都	642857
我的朋友 们	357142
我的梦想 是	631578
我的梦想 就是	368421
我的真 爱	1000000
我的还 没	440000
我的还 在	360000
我的还 没有	200000
我的都 是	1000000
我的重点 是	615384
我的重点 在	384615
我相信 你	669902
我相信 我	165048
我相信 他	67961
我相信 会	48543
我相信 这	48543
我相信你 的	473684
我相信你 可以	263157
我相信你 是	263157
我看 你	257553
我看 了	231654
我看 的	109352
我看 完	67625
我看 我	53237
我看 出来	28776
我看 也	21582
我看了 一下	280000
我看了 半天	280000
我看了 下	240000
我看了 你	200000
我看你 是	510204
我看你 也	204081
我看你 的	163265
我看你 还	122448
我看出来 了	1000000
我看到 了	492447
我看到 你	187311
我看到 的	123867
我看到 我	45317
我看到 你们	30211
我看到 有	27190
我看到 他	21148
我看到了 我	391304
我看到了 你	347826
我看到了 什么	260869
我看到你 的	608695
我看到你 了	391304
我看到的 是	538461
我看到的 都	461538
我看好 你	783783
我看好 多	216216
我看完 了	705882
我看完 没有	294117
我看的 是	600000
我看的 时候	400000
我看看 你	320000
我看看 我	240000
我看看 有	240000
我看看 吧	100000
我看看 能	100000
我看着 你	480000
我看着 也	280000
我看着 都	240000
我看见 了	513157
我看见 你	394736
我看见 我	92105
我看过 的	400000
我看过 了	300000
我看过 你	300000
我真 想	383333
我真 觉得	183333
我真 不	166666
我真 没	166666
我真 好	100000
我真心 觉得	647058
我真心 的	352941
我真的 是	198895
我真的 好	121546
我真的 不	104972
我真的 真的	66298
我真的 要	66298
我真的 想	52486
我真的 不想	38674
我真的不 知道	1000000
我真的好 想	722222
我真的好 喜欢	277777
我真的很 想	347826
我真的很 讨厌	347826
我真的很 喜欢	304347
我眼中 的	666666
我眼中 是	333333
我眼里 只有	647058
我眼里 你	352941
我睡着 了	1000000
我睡觉 了	565217
我睡觉 去	326086
我睡觉 的	108695
我知道 你	371584
我知道 了	182149
我知道 的	96539
我知道 我	74681
我知道 是	38251
我知道 她	14571
我知道 那	14571
我知道你 是	382022
我知道你 在	89887
我知道你 想	89887
我知道你 说	89887
我知道你 要	67415
我知道你 不会	56179
我知道你 没	56179
我穿 的	471428
我穿 了	242857
我穿 上	114285
我穿 短袖	100000
我穿 大	71428
我突然 发现	274509
我突然 想	274509
我突然 觉得	254901
我突然 就	98039
我突然 有点	98039
我站 在	1000000
我竟 无言以对	1000000
我竟然 不	562500
我竟然 没	281250
我竟然 没有	156250
我竟然不 知道	1000000
我笑 了	583333
我笑 死	166666
我笑 出	138888
我笑 点	111111
我第一 反应	1000000
我第一次 看	285714
我第一次 看到	285714
我第一次 去	250000
我第一次 见	178571
我等 着	399239
我等 你	349809
我等 了	98859
我等 的	53231
我等 下	45627
我等 会	34220
我等 我	19011
我等着 你	806451
我等着 呢	193548
我约 你	750000
我约 我	250000
我终于 知道	518518
我终于 可以	296296
我终于 明白	185185
我经常 会	627450
我经常 去	156862
我经常 在	117647
我经常 这样	98039
我经常会 想	1000000
我结婚 了	629629
我结婚 你	185185
我结婚 的	185185
我给 你	811023
我给 我	51181
我给 他	41994
我给 满分	23622
我给 她	19685
我给 了	14435
我给 你们	10498
我给你 买	120689
我给你 说	99137
我给你 发	90517
我给你 做	73275
我给你 的	68965
我给你 带	64655
我给你 打电话	60344
我给你 找	60344
我绝对 不会	642857
我绝对 不	357142
我羡慕 你	636363
我羡慕 的	363636
我老 了	788461
我老 是	115384
我老 想	96153
我老公 的	333333
我老公 说	303030
我老公 也	212121
我老公 还	151515
我聊聊 就	1000000
我聊聊就 知道	1000000
我肯定 会	320754
我肯定 要	226415
我肯定 是	207547
我肯定 不	150943
我肯定 不会	94339
我能 说	348591
我能 不能	98591
我能 怎么办	91549
我能 理解	52816
我能 去	45774
我能 看	38732
我能 做	35211
我能 和	35211
我能说 我	740000
我能说 什么	260000
我脸 大	777777
我脸 都	222222
我自己 都	228494
我自己 的	150537
我自己 也	104838
我自己 了	48387
我自己 做	48387
我自己 买	37634
我自己 来	34946
我自己 去	29569
我自己做 的	1000000
我自己都 不	608695
我自己都 没	391304
我花 了	1000000
我表示 我	441176
我表示 你	147058
我被 企鹅	642857
我被 你	357142
我被企鹅 欺负	1000000
我要 去	168915
我要 吃	71775
我要 看	69616
我要 你	23745
我要 给	23205
我要 和	22126
我要 来	22126
我要 买	21586
我要去 看	227272
我要去 你家	136363
我要去 找	136363
我要去 买	90909
我要去 吃	90909
我要去 的	90909
我要去 上海	56818
我要去 北京	56818
我要和 你	848484
我要和 高	151515
我要我 要	1000000
我要把 你	1000000
我要是 你	204081
我要是 能	183673
我要是 不	163265
我要是 有	163265
我要是 去	142857
我要是 说	142857
我要看 你	607142
我要看 脸	392857
我要睡觉 了	1000000
我要给 你	1000000
我要跟 你	1000000
我见 你	118181
我见 的	63636
我见 一个	45454
我见到 你	578947
我见到 的	421052
我见过 最	424242
我见过 的	393939
我见过 你	181818
我觉得 我	205651
我觉得 你	177917
我觉得 是	40293
我觉得 也	29304
我觉得 这个	29304
我觉得 他	28257
我觉得 还	27210
我觉得也 是	1000000
我觉得你 可以	159292
我觉得你 的	132743
我觉得你 是	123893
我觉得你 说	115044
我觉得你 也	106194
我觉得你 应该	106194
我觉得你 还是	79646
我觉得很 好	533333
我觉得很 好看	466666
我觉得我 文笔	190476
我觉得我 的	111111
我觉得我 是	79365
我觉得我 也	74074
我觉得我 自己	63492
我觉得我 已经	52910
我觉得我 要	52910
我觉得我 可以	42328
我觉得还 可以	628571
我觉得还 不错	142857
我觉得这 是	1000000
我认真 的	1000000
我认识 的	555555
我认识 你	366666
我认识 一个	77777
我让 你	481481
我让 我	271604
我让 他	185185
我让 它	61728
我记住 了	727272
我记住 你	272727
我记得 你	377777
我记得 我	259259
我记得 是	88888
我记得 有	88888
我记得 好像	81481
我记得 以前	59259
我记得 我们	44444
我记错 了	1000000
我讲 个	647058
我讲 的	352941
我该 怎么办	373134
我该 怎么	328358
我该 说	223880
我该 如何	74626
我说 的	316371
我说 你	119469
我说 我	109882
我说 了	55309
我说 下	33923
我说 什么	28761
我说 说	26548
我说下 就	1000000
我说什么 了	1000000
我说你 是	375000
我说你 也	208333
我说你 呢	208333
我说你 在	208333
我说我 的	250000
我说我 是	187500
我说我 也	125000
我说我 没	125000
我说我 怎么	104166
我说我 想	104166
我说我 要	104166
我说的 是	797029
我说的 就是	59405
我说的 都	44554
我说的 也	34653
我说的 要	34653
我说的 你	29702
我说话 的	526315
我说话 了	473684
我请 你	965909
我请 吃饭	34090
我请你 吃	673076
我请你 吃饭	192307
我请你 去	48076
我读书 少	1000000
我谢谢 你	1000000
我走 了	757575
我走 的	242424
我起 的	1000000
我超级 喜欢	538461
我超级 想	269230
我超级 爱	192307
我跑 了	625000
我跑 的	375000
我跟 你	671916
我跟 我	102362
我跟 他	76115
我跟 她	41994
我跟 你们	23622
我跟 谁	23622
我跟 小	18372
我跟 老板	15748
我跟你 说	448818
我跟你 讲	259842
我跟你 一样	173228
我跟你 一起	78740
我跟你 的	39370
我身边 的	730769
我身边 就	269230
我过 几天	310000
我过 两天	210000
我过 了	180000
我过 的	160000
我过 得	140000
我还 没	206490
我还 在	145233
我还 以为	144827
我还 想	58823
我还 没有	47058
我还 能	36511
我还 真	34077
我还 不	30425
我还不 知道	1000000
我还以为 你	582329
我还以为 是	253012
我还以为 我	60240
我还以为 你们	32128
我还以为 他	28112
我还以为 只有	24096
我还以为 她	20080
我还在 想	200000
我还在 床上	123076
我还在 等	123076
我还在 学校	84615
我还在 上班	69230
我还在 上学	53846
我还在 上课	53846
我还想 说	268292
我还想 去	195121
我还想 再	170731
我还想 看	121951
我还想 跟	121951
我还想 问	121951
我还是 喜欢	113367
我还是 觉得	89678
我还是 比较	55837
我还是 不	52453
我还是 个	52453
我还是 要	45685
我还是 想	43993
我还是个 孩子	600000
我还是个 宝宝	400000
我还是喜欢 你	642857
我还是喜欢 看	357142
我还是爱 你	1000000
我还有 一个	357142
我还有 好多	285714
我还有 一年	178571
我还有 你	178571
我还没 看	146919
我还没 到	66350
我还没 去	66350
我还没 吃	61611
我还没 开始	61611
我还没 看到	56872
我还没 见	56872
我还没 买	52132
我还爱 你	705882
我还爱 着	294117
我还真 没	812500
我还真 不	187500
我还等 着	687500
我还等 你	312500
我还能 说	1000000
我还要 去	650000
我还要 继续	350000
我这 是	240249
我这 两天	84243
我这 几天	84243
我这 也	51482
我这 不是	49921
我这 有	45241
我这 还	40561
我这 就	37441
我这个 人	186813
我这个 月	186813
我这个 是	175824
我这个 也	76923
我这个 小	76923
我这个 年纪	65934
我这个 星期	65934
我这个 不是	54945
我这么 爱	160000
我这么 可爱	120000
我这么 说	100000
我这么 聪明	90000
我这么 优秀	80000
我这么 多年	70000
我这么 好	70000
我这么 有	60000
我这也 是	1000000
我这几天 都	529411
我这几天 也	470588
我这是 在	714285
我这是 什么	285714
我这样 的	1000000
我这种 没	375000
我这种 不	312500
我这种 人	312500
我这边 的	320000
我这边 也	240000
我这边 有	240000
我这边 没	200000
我这里 有	328767
我这里 也	287671
我这里 的	123287
我这里 是	95890
我这里 没有	95890
我这里 天气	68493
我送 你	670886
我送 的	101265
我送 点	88607
我送 我	75949
我送 快递	63291
我遇到 了	526315
我遇到 的	473684
我那 时候	451612
我那 是	338709
我那 会	112903
我那 张	96774
我那么 好	514285
我那么 多	171428
我那么 爱	171428
我那么 喜欢	142857
我那天 也	333333
我那天 看到	333333
我那天 还	333333
我都 不	133619
我都 没	104012
我都 是	87261
我都 想	52980
我都 要	48305
我都 快	35449
我都 不敢	32723
我都 会	30775
我都不 知道	718614
我都不 认识	77922
我都不 记得	60606
我都不 晓得	38961
我都不 去	34632
我都不 相信	25974
我都不 喜欢	21645
我都不 看	21645
我都不好意思 了	777777
我都不好意思 说	222222
我都不想 说	444444
我都不想 听	277777
我都不想 看	277777
我都吃 完	615384
我都吃 了	384615
我都想 你	257142
我都想 去	228571
我都想 死	200000
我都想 吃	171428
我都想 买	142857
我都是 用	258064
我都是 在	225806
我都是 直接	193548
我都是 看	161290
我都是 自己	161290
我都没 注意	137931
我都没 看	120689
我都没 见	120689
我都没 看到	112068
我都没 发现	94827
我都没 去	60344
我都没 得	60344
我都没 时间	60344
我都觉得 好	562500
我都觉得 我	437500
我错过 了	1000000
我错过了 什么	1000000
我长 得	417721
我长 了	139240
我长 这么	126582
我长 高	101265
我长 的	88607
我长 不	63291
我长 什么样	63291
我问 你	346456
我问 了	188976
我问 下	118110
我问 一下	110236
我问 她	62992
我问 的	47244
我问 他	39370
我需要 你	513513
我需要 的	189189
我需要 正	162162
我需要 一个	135135
我马上 就	253333
我马上 要	226666
我马上 去	120000
我马上 又	120000
我马上 就要	120000
我马上 也	93333
我马上 到	66666
或 友善	368421
或 敬业	368421
或 和谐	263157
或者 选择	100
或者 明天	90
或者 下午	80
或者 直接	70
或许 是	217391
或许 你	173913
或许 我	130434
或许 有	104347
或许 会	95652
或许 吧	95652
或许 就	69565
或许 这	69565
截图 了	378378
截图 给	297297
截图 的	189189
截图 发	135135
戴眼镜 的	1000000
房子 都	136363
房子 的	127272
房子 了	118181
房子 还	100000
房子 是	81818
房子 就	63636
房子 里	63636
房间 里	458333
房间 的	333333
房间 号	104166
房间 看	104166
所 爱	258426
所 为	191011
所 做	112359
所 想	89887
所 能	67415
所 受	56179
所 向	56179
所 拥有	56179
所以 需要	100
所以 可以	90
所以 今天	80
所以 我们	70
所以你 是	187192
所以你 要	133004
所以你 也	73891
所以你 就	73891
所以你 的	64039
所以你 现在	54187
所以你 才	44334
所以你 觉得	39408
所以我 才	90909
所以我 就	83333
所以我 觉得	75757
所以我 现在	68181
所以我 不	64393
所以我 也	64393
所以我 在	56818
所以我 要	53030
所以才 会	611111
所以才 要	388888
所以要 多	600000
所以要 快	400000
所以说 你	541666
所以说 我	187500
所以说 是	145833
所以这 就是	722222
所以这 是	277777
所有 的	662207
所有 东西	83612
所有 设备	40133
所有 都	36789
所有 东北	26755
所有 女生	23411
所有 朋友	20066
所有 爱	20066
所有人 都	830985
所有人 的	169014
所有的 都	458333
所有的 人	291666
所有的 事情	250000
所说 的	1000000
所谓 的	1000000
手 都	93333
手 了	85000
手 信	76666
手 的	66666
手 好	46666
手 就	43333
手 不	38333
手 是	35000
手上 的	666666
手上 有	181818
手上 了	151515
手机 已经	100
手机 收到	90
手机 打开	80
手机 设置	70
手机上 看	538461
手机上 的	461538
手机没 电	1000000
手机的 人	642857
手机的 时候	357142
手机都 是	615384
手机都 不	384615
手机里 的	705882
手机里 有	294117
手都 干	571428
手都 是	428571
手里 的	519230
手里 拿	192307
手里 了	96153
手里 呢	96153
手里 有	96153
才 是	197297
才 会	56450
才 知道	54784
才 有	53488
才 发现	46640
才 不	28872
才 看到	25541
才不 信	714285
才不 去	285714
才不会 告诉	666666
才不会 让	333333
才不是 呢	666666
才不是 我	333333
才买 的	625000
才买 了	375000
才会 有	355555
才会 好	144444
才会 让	88888
才会 去	77777
才会 发现	77777
才会 觉得	77777
才会 说	66666
才会 被	55555
才刚 开始	730769
才刚 到	269230
才删除 的	1000000
才到 家	1000000
才发现 你	329268
才发现 我	256097
才发现 原来	243902
才发现 是	60975
才对 的	333333
才对 吧	238095
才想 起来	1000000
才是 最	156822
才是 真的	114052
才是 真	105906
才是 我	65173
才是 王道	65173
才是 你	57026
才是 最好	50916
才是 真正	46843
才是你 的	1000000
才是我 的	1000000
才是最 重要	1000000
才是最好 的	1000000
才是真 爱	1000000
才是真正 的	1000000
才是真的 好	1000000
才有 力气	302083
才有 的	145833
才有 资格	114583
才有 动力	93750
才有 了	83333
才有 时间	72916
才有 机会	72916
才有 感觉	62500
才有力气 减肥	1000000
才看 的	434782
才看 完	304347
才看 了	260869
才知道 你	169811
才知道 的	169811
才知道 有	122641
才知道 我	113207
才知道 原来	75471
才知道 是	75471
才知道 自己	66037
才能 有	64516
才能 看到	57347
才能 好	53763
才能 去	46594
才能 让	46594
才能 像	43010
才能 回去	43010
才能 到	39426
才行 了	200000
扎起来 了	666666
扎起来 的	333333
打 了	107926
打 你	87756
打 的	85633
打 我	70417
打 个	50247
打 脸	36447
打 完	32908
打 得	32200
打不 动	347826
打不 出	217391
打不 打	217391
打不 死	217391
打不过 你	571428
打不过 我	428571
打个 电话	886363
打个 酱油	113636
打了 一个	300000
打了 鸡血	260000
打了 你	200000
打了 那么	140000
打了 几个	100000
打你 了	338709
打你 的	306451
打你 电话	161290
打你 屁屁	112903
打你 么	80645
打击 我	482142
打击 了	250000
打击 你	178571
打击 人	89285
打包 一份	166666
打包 了	166666
打包 的	148148
打包 给	148148
打包 回去	92592
打包 回来	92592
打包 好	92592
打卡 了	285714
打卡 处	285714
打卡 第四天	163265
打卡 打卡	142857
打卡 的	122448
打印 出来	428571
打印 的	392857
打印 了	178571
打发 时间	1000000
打女人 打	740740
打女人 的	259259
打女人打 得	1000000
打完 了	642857
打完 给	357142
打工 的	500000
打工 了	184210
打工 是	131578
打广告 了	500000
打广告 的	500000
打开 文件	100
打开 窗口	90
打开 设置	80
打开 页面	70
打得 这么	600000
打得 好	171428
打得这么 起劲儿	1000000
打我 电话	157894
打我 的	157894
打我 吧	122807
打我 就	105263
打扮 的	500000
打扮 得	187500
打扮 成	156250
打扮 自己	156250
打扰 了	500000
打扰 你	217741
打扰 我	153225
打扰 一下	64516
打扰 你们	64516
打折 的	409090
打折 吗	363636
打折 了	227272
打招呼 你	352941
打招呼 的	352941
打招呼 了	294117
打架 了	266666
打架 吗	200000
打架 吧	166666
打架 的	166666
打游戏 的	515151
打游戏 了	272727
打游戏 吗	212121
打球 了	373493
打球 的	216867
打球 去	84337
打球 回来	72289
打球 吗	60240
打电话 给	260869
打电话 了	79710
打电话 问	79710
打电话 的	76086
打电话 来	65217
打电话 说	50724
打电话 叫	36231
打电话给 我	535714
打电话给 你	357142
打电话给 他	107142
打的 是	342105
打的 时候	184210
打的 都	157894
打的 不好	131578
打算 去	256000
打算 买	77333
打算 明天	53333
打算 在	42666
打算 了	32000
打算 什么	29333
打算 把	29333
打篮球 的	478260
打篮球 了	217391
打给 我	558139
打给 你	441860
打耳洞 了	705882
打耳洞 的	294117
打脸 了	578947
打脸 不	421052
打败 了	285714
打败 你	142857
打败 忧郁	142857
打败 懒惰	142857
打败 消极	142857
打败 脆弱	142857
打过 了	352941
打过 电话	352941
打过 我	294117
打酱油 的	783783
打酱油 了	216216
打针 了	387096
打针 是	290322
打针 去	161290
打针 的	161290
打错字 了	1000000
打雷 了	722222
打雷 闪电	277777
打麻将 了	461538
打麻将 的	307692
找 你	191222
找 我	182740
找 个	118753
找 不到	102710
找 了	33007
找 工作	25815
找 一下	25262
找 的	24709
找一下 吗	1000000
找不 回来	1000000
找不到 了	172995
找不到 你	122362
找不到 人	84388
找不到 对象	80168
找不到 男朋友	71729
找不到 我	67510
找不到 工作	54852
找不到 和	46413
找不到你 了	500000
找不到你 的	500000
找个 时间	147368
找个 男朋友	129824
找个 女朋友	115789
找个 对象	101754
找个 好	77192
找个 男人	49122
找个 机会	45614
找个 那么	38596
找个女朋友 吧	571428
找个女朋友 带	428571
找了 个	383333
找了 半天	266666
找了 好久	233333
找了 一个	116666
找他 了	421052
找他 聊天	315789
找他 的	263157
找你 的	198501
找你 了	161048
找你 去	63670
找你 你	52434
找你 玩儿	52434
找你 吃	41198
找你 吧	41198
找到 了	263157
找到 你	102339
找到 的	54093
找到 工作	51169
找到 我	48245
找到 一个	46783
找到 自己	46783
找到 男朋友	33625
找到了 吗	785714
找到了 么	214285
找到你 了	517241
找到你 的	482758
找到我 的	1000000
找到更好 的	1000000
找到自己 的	1000000
找女朋友 了	571428
找女朋友 的	428571
找对象 了	588235
找对象 的	411764
找工作 了	458333
找工作 的	208333
找工作 找	104166
找我 吧	162601
找我 的	101626
找我 了	93495
找我 我	77235
找我 吗	52845
找我 玩吧	48780
找我 玩儿	40650
找我聊 天	1000000
承包 了	620689
承包 给	379310
承受 不	396226
承受 的	226415
承受 不了	150943
承受 了	132075
承受 着	94339
承受不 来	700000
承受不 起	300000
承认 我	289256
承认 自己	206611
承认 了	181818
承认 你	165289
承认 的	90909
承认 吧	66115
技术 好	247422
技术 越来越	113402
技术 的	82474
技术 不好	72164
技术 不行	72164
技术 不错	72164
技术 还	72164
抄袭 的	821428
抄袭 我	178571
把 我	227332
把 你	225746
把 自己	68199
把 他	39386
把 它	37272
把 她	20618
把 头发	17975
把 钱	16124
把你 的	498293
把你 自己	61433
把你 当	54607
把你 拉	54607
把你 给	51194
把你 弄到手	37542
把你 能	30716
把你 吃	27303
把吃 的	1000000
把头发 剪短	600000
把头发 扎起来	400000
把我 的	414285
把我 拉	67857
把我 也	46428
把我 给	46428
把我 自己	46428
把我 说	46428
把我 当	39285
把我 从	28571
把持 不住	692307
把持 住	307692
把自己 的	490566
把自己 当	264150
把自己 照顾	132075
把自己 说	113207
把钱 给	687500
把钱 花	312500
抑郁 了	588235
抑郁 的	411764
抓住 了	547619
抓住 你	166666
抓住 重点	142857
抓住 青春	142857
抓紧 了	333333
抓紧 再	333333
投票 了	500000
投票 的	250000
折磨 自己	280000
折磨 人	180000
折磨 死	160000
折磨 的	160000
折磨 你	120000
折磨 了	100000
折腾 了	435897
折腾 的	166666
折腾 你	115384
折腾 到	89743
折腾 死	64102
抛弃 我	414285
抛弃 了	314285
抛弃 你	200000
抛弃 的	71428
报 了	318965
报 的	275862
报 到	137931
报 个	120689
报 我	38793
报 你	34482
报 什么	25862
报个 名	538461
报个 到	461538
报价 已经	100
报价 发送	90
报价 确认	80
报价 有效	70
报名 了	553191
报名 的	212765
报名 参加	106382
报应 的	687500
报警 了	738095
报警 的	142857
报道 的	600000
报道 了	400000
抬头 看	538461
抬头 就	461538
抬起 头	500000
抬起 来	500000
抱住 我	390243
抱住 你	341463
抱住 自己	146341
抱住 了	121951
抱抱 你	666666
抱抱 我	181818
抱抱 不	30303
抱抱 要	22727
抱抱 了	18939
抱抱 宝宝	18939
抱抱 就	18939
抱歉 我	476190
抱歉 给	238095
抱紧 我	737500
抱紧 你	262500
担心 你	222222
担心 的	198412
担心 我	142857
担心 了	95238
担心 自己	71428
担心 他	63492
担心 什么	47619
拆穿 我	666666
拆穿 了	333333
拉 黑	331606
拉 仇恨	126943
拉 我	64766
拉 着	62176
拉 到	49222
拉 了	38860
拉 你	38860
拉 出来	38860
拉仇恨 的	550000
拉仇恨 了	450000
拉倒 吧	1000000
拉着 你	529411
拉着 我	470588
拉肚子 了	617647
拉肚子 的	382352
拉黑 了	489208
拉黑 你	266187
拉黑 我	93525
拉黑 的	57553
拉黑 吧	50359
拉黑 他	43165
拍戏 的	290322
拍戏 辛苦	290322
拍戏 了	258064
拍戏 吧	161290
拍摄 的	1000000
拍照 的	435797
拍照 技术	147859
拍照 了	136186
拍照 都	46692
拍照 也	38910
拍照 就	35019
拍照 吗	31128
拍照的 人	404255
拍照的 时候	297872
拍照的 是	170212
拍照的 男朋友	127659
拒绝 了	377245
拒绝 的	131736
拒绝 我	119760
拒绝 你	113772
拒绝 别人	47904
拒绝 和	47904
拒绝 他	35928
拒绝 香菜	35928
拒绝了 我	1000000
招待 你	407407
招待 我	407407
招待 客人	185185
招惹 我	1000000
拜托 了	416666
拜托 你	361111
拜托 拜托	222222
拥抱 你	446808
拥抱 是	170212
拥抱 一下	148936
拥抱 我	127659
拥抱 的	106382
拥有 的	523076
拥有 了	246153
拥有 你	138461
拯救 我	267857
拯救 了	232142
拯救 你	214285
拯救 世界	178571
拯救 不了	107142
拼命 送	769230
拼命 的	230769
拼命送 分	1000000
拼命送分 儿	1000000
拼音 输入	100
拼音 候选	90
拼音 方案	80
拼音 设置	70
拿 着	114503
拿 出来	96183
拿 了	93129
拿 去	87786
拿 的	58778
拿 个	45038
拿 我	30534
拿 你	29007
拿出 去	681818
拿出 你	318181
拿出来 了	444444
拿出来 的	277777
拿到 了	466666
拿到 驾照	233333
拿到 手	150000
拿到 的	150000
拿回来 了	615384
拿回来 的	384615
拿城管 说	1000000
拿城管说 事	1000000
拿我 的	625000
拿我 当	375000
拿来 我	533333
拿来 给	466666
拿着 手机	1000000
拿给 我	705882
拿给 你	294117
拿走 了	607142
拿走 吧	214285
拿走 拿走	178571
持续 关注	500000
持续 到	500000
指 的	791666
指 什么	138888
指 你	69444
指望 你	625000
指望 我	375000
指甲 是	261904
指甲 好看	238095
指甲 的	190476
指甲 都	166666
指甲 好	142857
指的 是	1000000
按 你	211111
按 套路	166666
按 了	144444
按 我	111111
按 在	66666
按 开关	66666
按 耐不住	66666
按 他	55555
按时 吃饭	400000
按时 吃药	290909
按时 睡觉	163636
按时 吃	145454
按照 你	560000
按照 自己	240000
按照 我	200000
挑战 自己	416666
挑战 的	375000
挑战 我	208333
挡住 了	1000000
挣扎 了	793103
挣扎 着	206896
挣钱 了	351351
挣钱 的	243243
挣钱 去	135135
挣钱 吧	135135
挨打 了	1000000
挺不错 的	1000000
挺好吃 的	1000000
挺好玩 的	1000000
挺好用 的	1000000
挺快 的	833333
挺舒服 的	1000000
捂着 你	1000000
捂着你 的	1000000
捂着你的 胸口	1000000
换位 思考	1000000
换来 的	1000000
捧场 王	533333
据 我	1000000
据说 是	367647
据说 有	117647
据说 还	102941
据说 你	88235
据说 要	88235
据说 我们	73529
据说 这	73529
掉下去 了	1000000
掏钱 给	1000000
排队 的	309523
排队 了	214285
排队 等	190476
排队 买	166666
排队 吗	119047
接 我	292056
接 你	221962
接 了	100467
接 的	91121
接 住	42056
接 不	37383
接 个	35046
接下来 的	727272
接下来 就	90909
接下来 我	90909
接下来 要	90909
接你 了	529411
接你 去	470588
接受 不了	218253
接受 了	103174
接受 的	91269
接受 你	83333
接受 反驳	83333
接受 别人	55555
接受 任何	43650
接受 现实	39682
接口 设计	100
接口 已经	90
接口 类型	80
接口 参数	70
接地 气	1000000
接地气 的	642857
接地气 了	357142
接我 电话	388888
接我 的	333333
接我 吧	277777
接触 的	254545
接触 到	236363
接触 了	163636
控制 不住	397959
控制 住	117346
控制 的	96938
控制 自己	86734
控制 饮食	76530
控制 了	71428
控制 体重	45918
控制 一下	40816
控制不住 我	384615
控制不住 自己	384615
控制不住 了	230769
推荐 的	264392
推荐 你	104477
推荐 给	81023
推荐 一下	68230
推荐 吗	51172
推荐 我	42643
推荐一 本书	1000000
推荐一本书 杨	1000000
推荐的 吗	666666
推荐的 人	333333
推荐给 你	560000
推荐给 我	440000
推送 的	533333
推送 了	466666
描述 的	629629
描述 一下	185185
描述 我	185185
提 了	231111
提 的	115555
提 就	75555
提 上	66666
提 分手	66666
提 着	57777
提 不	48888
提一 提	1000000
提一提 就	1000000
提供 资料	100
提供 样品	90
提供 文件	80
提供 报价	70
提前 给	83682
提前 说	83682
提前 了	79497
提前 通知	75313
提前 告诉	54393
提前 一天	50209
提前 预约	50209
提升 自己	652173
提升 了	347826
提醒 我	404761
提醒 你	295238
提醒 一下	104761
提醒 自己	76190
提醒 了	38095
提醒 大家	33333
提醒 的	23809
揭穿 我	666666
揭穿 了	333333
搞定 了	793103
搞定 的	206896
搞笑 的	409395
搞笑 了	375838
搞笑 吗	67114
搞笑 么	40268
搞错 了	1000000
搬家 了	1000000
搭理 你	414634
搭理 我	390243
搭理 他	195121
搭配 的	607142
搭配 好	214285
摄影 的	681818
摄影 技术	318181
摄影师 的	480000
摄影师 好	320000
摄影师 了	200000
摔倒 了	836734
摔倒 的	163265
摔倒了 就	625000
摔倒了 吗	375000
摔跤 是	545454
摔跤 了	227272
摔跤 的	227272
摸摸 大	523809
摸摸 就	238095
摸摸 我	238095
撑死 了	625000
撑死 我	218750
撑死 的	156250
攒钱 买	600000
攒钱 去	400000
支持 你	606060
支持 我	80808
支持 他	75757
支持 的	53030
支持 支持	35353
支持 一下	30303
支持 她	25252
支持你 的	1000000
收下 了	638888
收下 我	361111
收到 了	100
收到 以后	90
收到 邮件	80
收到 资料	70
收拾 收拾	136612
收拾 东西	125683
收拾 好	120218
收拾 你	114754
收拾 完	92896
收拾 了	81967
收拾 的	81967
收拾 行李	60109
收留 我	722222
收留 你	277777
收获 了	714285
收获 的	285714
收藏 的	483870
收藏 了	322580
收藏 起来	193548
收费 的	648648
收费 了	189189
收费 吗	162162
改变 了	268656
改变 的	223880
改变 不了	141791
改变 自己	126865
改变 一个	44776
改变 世界	44776
改变 你	37313
改变 很多	37313
改名 了	789473
改名 叫	210526
改名字 了	1000000
改天 去	200000
改天 我	112000
改天 约	96000
改天 给	96000
改天 再	80000
改天 请	80000
改天 一起	64000
改天 吧	64000
攻击 她	487804
攻击 你	317073
攻击 我	195121
攻略 的	400000
攻略 吗	300000
放 了	189473
放 的	93779
放 我	61244
放 个	48803
放 你	39234
放 着	37320
放 出来	36363
放 冰箱	30622
放下 了	343137
放下 手机	313725
放下 的	137254
放下 吧	78431
放下 就	68627
放下 他	58823
放不下 的	750000
放不下 了	125000
放不下 他	125000
放不下的 为什么	1000000
放不下的为什么 是	1000000
放了 个	357142
放了 我	250000
放了 吗	178571
放假 了	484716
放假 的	58224
放假 吗	37845
放假 回家	33478
放假 就	32023
放假 呢	30567
放假 没	21834
放假了 吗	458333
放假了 吧	152777
放假了 没	83333
放假了 就	69444
放假了 我	69444
放在 一起	257142
放在 哪里	257142
放在 了	200000
放在 家里	142857
放在 我	142857
放大 了	500000
放大 看	500000
放寒假 了	1000000
放开 我	220000
放开 了	180000
放开 那个	140000
放开 你	120000
放开 吃	120000
放开 那	120000
放开 自己	100000
放弃 了	476923
放弃 治疗	113846
放弃 吧	80000
放弃 的	67692
放弃 我	58461
放弃 自己	55384
放弃 现在	43076
放弃 你	40000
放心 了	405844
放心 吧	373376
放心 我	45454
放心 的	42207
放心 你	38961
放心 里	25974
放心 上	19480
放手 了	529411
放手 的	470588
放暑假 了	666666
放暑假 的	333333
放松 一下	258426
放松 下	157303
放松 放松	146067
放松 的	123595
放松 心情	101123
放松 了	89887
放松 心态	67415
放松 自己	56179
放纵 自己	391304
放纵 了	347826
放纵 的	260869
放过 我	309090
放过 你	290909
放过 自己	145454
放过 了	127272
放过 他	127272
放飞 自我	1000000
故事 的	406060
故事 了	78787
故事 吗	66666
故事 你	54545
故事 都	54545
故事 告诉	42424
故事 呢	42424
故事的 人	857142
故事的 女同学	142857
故意 的	850467
故意 不	56074
故意 去	46728
故意 这么	46728
效果 已经	100
效果 比较	90
效果 不错	80
效果 正常	70
救救 我	1000000
教 我	324825
教 你	322505
教 的	125290
教 了	64965
教 他	27842
教 她	23201
教 我们	20881
教 下	16241
教会 了	352941
教会 我	352941
教会 我们	294117
教你 的	375000
教你 怎么	250000
教室 里	500000
教室 上课	166666
教室 的	166666
教室 都	166666
教师 资格证	800000
教师 出轨	200000
教我 怎么	529411
教我 说话	470588
教教 我	901960
教教 我们	98039
教练 说	325000
教练 的	225000
教练 都	175000
教练 教	150000
教练 了	125000
教育 的	327586
教育 孩子	172413
教育 我	172413
教育 教育	137931
教育 你	103448
教育 事业	86206
敢不敢 把	322580
敢不敢 再	193548
敢不敢 不	161290
敢不敢 不要	161290
敢不敢 来	161290
散发 着	583333
散发 魅力	416666
敬业 吗	205882
敬业 和	164705
敬业 了	111764
敬业 有	100000
敬业 的	94117
敬业 可以	52941
敬业 多	52941
敬业和 富强	647058
敬业和 爱国	352941
数 了	170454
数 的	159090
数 吗	147727
数 水饺	113636
数 你	90909
数 到	68181
数 绵羊	68181
数 钱	68181
数字 指	280000
数字 我	240000
数字 所以	240000
数字 是	240000
数学 的	255813
数学 不好	162790
数学 了	162790
数学 好	162790
数学 是	139534
数学 都	116279
数据 已经	100
数据 保存	90
数据 来源	80
数据 完整	70
数量 已经	100
数量 确认	90
数量 可以	80
数量 调整	70
整个 人	673076
整个 世界	102564
整个 宇宙	44871
整个 宿舍	38461
整个 暑假	38461
整个 的	38461
整个 都	32051
整个人 都	1000000
整个人都 不好	1000000
整天 都	241379
整天 吃	206896
整天 想着	206896
整天 就	172413
整天 被	172413
整容 了	509090
整容 脸	163636
整容 的	145454
整容 失败	90909
整年 的	1000000
整理 好	290322
整理 了	193548
整理 的	193548
整理 下	161290
整理 照片	161290
文 了	250000
文 的	250000
文 老师	194444
文 我	166666
文件 已经	100
文件 保存	90
文件 打开	80
文件 位置	70
文化 的	413043
文化 人	195652
文化 真	173913
文化 水平	97826
文化 有	65217
文化 了	54347
文化真 可怕	1000000
文字 已经	100
文字 输入	90
文字 内容	80
文字 格式	70
文明 点	333333
文明 的	333333
文明 人	179487
文明 了	153846
文笔 比	113636
文笔很 好	1000000
文艺 青年	297752
文艺 的	235955
文艺 了	202247
文艺 女	101123
文艺 小	50561
文艺 气息	33707
新 的	484388
新 衣服	44725
新 家	40506
新 买	32067
新 开	31223
新 朋友	23628
新 来	23628
新 头像	17721
新买 的	1000000
新出 的	1000000
新天 快乐	588235
新天 愉快	411764
新婚 快乐	1000000
新年 愿望	254545
新年 新气象	218181
新年 第一天	163636
新年 了	145454
新年 的	109090
新年 要	109090
新年快乐 么	114754
新年快乐 了	81967
新开 的	750000
新开 了	250000
新来 的	1000000
新疆 人	442307
新疆 的	423076
新疆 了	134615
新的 一年	405109
新的 一天	182481
新的 开始	102189
新的 一周	76642
新的 不	69343
新的 了	54744
新的 女朋友	25547
新的 生活	25547
新的一年 里	307692
新的一年 要	269230
新的一年 新	230769
新的一年 也	192307
新的不 来	1000000
新闻 的	293103
新闻 了	275862
新闻 说	258620
新闻 上	86206
新闻 都	86206
新鲜 的	1000000
方 的	454545
方 得	181818
方 了	151515
方便 了	372413
方便 的	186206
方便 吗	62068
方便 的话	55172
方便 我	48275
方便 说	48275
方便 透露	41379
方向 的	450000
方向 走	300000
方向 了	250000
方式 不	246753
方式 是	129870
方式 了	103896
方式 也	77922
方式 去	77922
方式 吧	77922
方式 都	77922
方案 可以	100
方案 已经	90
方案 确认	80
方案 比较	70
方法 可以	100
方法 比较	90
方法 简单	80
方法 如下	70
方面 的	617021
方面 都	276595
方面 我	106382
旁边 的	506666
旁边 有	111111
旁边 那个	106666
旁边 是	57777
旁边 那	53333
旁边 看	35555
旁边 人	26666
旁边 呢	26666
旁边的 人	722222
旁边的 那个	277777
旅游 的	209876
旅游 了	205761
旅游 吗	127572
旅游 去	53497
旅游 还是	53497
旅游 吧	45267
旅游 呢	32921
旅行 的	333333
旅行 了	279569
旅行 吗	96774
旅行 是	64516
旅行 也	53763
旅行 吧	53763
旋转 跳跃	571428
旋转 木马	428571
无 压力	142241
无 水印	137931
无 事	73275
无 图	68965
无 真相	56034
无 爱	47413
无 钱	47413
无 神	43103
无力 反驳	1000000
无图 无	1000000
无奈 的	390625
无奈 了	187500
无情 的	1000000
无意 中	705882
无意 的	294117
无所谓 了	580000
无所谓 的	300000
无敌 了	302325
无敌 的	127906
无敌 好	116279
无敌 好看	104651
无敌 可爱	93023
无敌 好吃	81395
无敌 喜欢	58139
无敌 是	58139
无数 人	500000
无数 的	500000
无法 理解	196969
无法 反驳	143939
无法 呼吸	106060
无法 直视	98484
无法 用	83333
无法 改变	60606
无法 想象	53030
无法 抗拒	53030
无线 充电	571428
无线 了	428571
无聊 的	305128
无聊 了	220512
无聊 死	82051
无聊 就	46153
无聊 到	38461
无聊 不	30769
无聊 吗	28205
无聊死 了	1000000
无聊的 时候	555555
无聊的 人	444444
无视 我	705882
无视 了	294117
无论 你	210526
无论 什么	192982
无论 在	122807
无论 多	105263
无论 最后	105263
无论 怎么样	87719
无论 我	87719
无论 男女	87719
无辜 的	1000000
无限 好	444444
无限 的	333333
无限 流量	222222
既然 你	284722
既然 不	125000
既然 是	125000
既然 这样	83333
既然 都	83333
既然 选择	62500
既然 能	48611
既然 有	41666
日子 里	102836
日子 了	95744
日子 就	88652
日子 还	53191
日子 都	53191
日子 也	42553
日子过 得	631578
日子过 的	368421
日常 想念	189655
日常 表白	155172
日常 想	120689
日常 的	120689
日常 羡慕	120689
日常 了	103448
日常 迷信	103448
日常 就是	86206
日有所思 夜有所梦	1000000
早 了	104331
早 知道	93349
早 说	79316
早 的	48810
早 呢	37217
早 都	30506
早 着	20134
早上 好	100
早上 出发	90
早上 见	80
早上 吃饭	70
早了 吧	1000000
早些 休息	100
早些 出发	90
早些 回来	80
早些 安排	70
早安 小	105691
早安 我	105691
早安 第一天	97560
早安 早安	89430
早安 快乐	81300
早安 宝贝	73170
早安 吉祥	65040
早就 回来	84337
早就 想	76305
早就 是	64257
早就 开始	56224
早就 有	56224
早就 知道	52208
早就 不	48192
早就 起来	48192
早就回来 了	1000000
早日 找到	814814
早日 脱离	185185
早早 就	384615
早早 的	307692
早早 睡觉	307692
早晚 会	283783
早晚 的	148648
早晚 要	121621
早晚 果蔬	108108
早晚 温差	108108
早晚 有	81081
早晚 都	81081
早晚 是	67567
早点 休息	528268
早点 睡觉	132508
早点 回来	65371
早点 好	49469
早点 回家	47703
早点 去	35335
早点 结婚	21201
早点 起来	21201
早点休息 吧	743902
早点休息 晚安	109756
早点好 起来	1000000
早着 呢	1000000
早睡 了	372093
早睡 的	348837
早睡 吧	139534
早睡早起 身体	805555
早睡早起 的	194444
早睡早起身体 好	1000000
早知道 我	389830
早知道 就	288135
早知道 你	203389
早知道 不	118644
早说 我	322580
早起 的	589147
早起 了	170542
早起 上班	69767
早起 去	46511
早起 也	38759
早起的 鸟儿	500000
早起的 虫儿	368421
早起的 人	131578
早起的鸟儿 有	1000000
早餐 了	219780
早餐 吃	153846
早餐 的	153846
早餐 好	76923
早餐 就	76923
早餐 都	76923
早餐 我	65934
早餐 是	65934
早饭 了	600000
早饭 吃	275000
早饭 去	125000
时 的	134920
时 我	103174
时 你	79365
时 就	74074
时 再	52910
时 也	50264
时 都	39682
时 是	37037
时代 的	568965
时代 了	224137
时代 在	120689
时代 发展	86206
时候 再说	100
时候 可以	90
时候 需要	80
时候 确认	70
时候也 是	423076
时候也 会	192307
时候也 没	173076
时候也 不能	96153
时候你 还	298507
时候你 都	179104
时候你 就	149253
时候你 也	104477
时候你 是	104477
时候你 的	89552
时候你 不	74626
时候再 来	642857
时候再 去	357142
时候到 了	793103
时候到 家	206896
时候去 学校	375000
时候去 的	291666
时候回 学校	1000000
时候回来 呢	269230
时候就 会	175000
时候就 在	150000
时候就 有	137500
时候就 知道	137500
时候就 不	100000
时候就 觉得	100000
时候就 想	75000
时候就 开始	62500
时候我 就	239766
时候我 也	175438
时候我 还	152046
时候我 都	128654
时候我 是	52631
时候我 在	46783
时候我 才	46783
时候我 没	35087
时候才 可以	307692
时候才 会	269230
时候才 有	230769
时候才 知道	192307
时候来 拿	285714
时候来 了	238095
时候来 南京	238095
时候的 事	615384
时候的 你	192307
时候的 我	192307
时候给 我	600000
时候给 你	400000
时候能 有	272727
时候能 看到	272727
时候能 不能	227272
时候能 再	227272
时候说 的	434782
时候说 了	217391
时候请 我	1000000
时候还 没	340000
时候还 在	180000
时候还 不	140000
时候还 没有	140000
时候还 可以	100000
时候还 能	100000
时候都 是	297297
时候都 不	148648
时候都 在	108108
时候都 能	108108
时候都 要	108108
时候都 可以	94594
时候都 会	67567
时候都 想	67567
时光 吧	229508
时光 飞逝	180327
时光 匆匆	147540
时光 不	98360
时光 了	98360
时光 的	81967
时光 真的	81967
时光 里	81967
时刻 准备	476190
时刻 提醒	238095
时刻 关注	166666
时刻 保持	119047
时刻准备 着	1000000
时尚 的	381818
时尚 时尚	200000
时尚 了	181818
时尚 最	127272
时尚 潮流	109090
时速 再	1000000
时速再 稍微	1000000
时速再稍微 提	1000000
时间 安排	100
时间 确定	90
时间 合适	80
时间 到了	70
时间不 一样	318181
时间不 凑巧	227272
时间不 多	227272
时间不 对	227272
时间去 看	263157
时间去 吃	210526
时间去 看看	210526
时间去 找	184210
时间去 了	131578
时间太 快	451612
时间太 长	387096
时间太 多	161290
时间好 快	1000000
时间就 去	666666
时间就 来	333333
时间给 你	533333
时间给 我	466666
时间过 得	648351
时间过 的	351648
时间过得 好	458333
时间过得 真	229166
时间过得 快	166666
时间过得 太	145833
时间过的 好	454545
时间过的 真	318181
时间过的 太	227272
时间都 是	307692
时间都 在	230769
时间都 没有	179487
时间都 不	153846
时间都 去	128205
时间长 了	1000000
昆明 的	523809
昆明 了	476190
明 知道	323076
明 的	146153
明 个	92307
明 你	76923
明 道	69230
明 加油	61538
明 也	46153
明 了	46153
明信片 给	166666
明信片 吧	138888
明信片 我	138888
明信片 收到	138888
明信片 的	138888
明信片 还	138888
明儿 见	344827
明儿 就	275862
明儿 去	206896
明儿 我	172413
明天 见	100
明天 上午	90
明天 下午	80
明天 再说	70
明天一定 要	571428
明天一定 会	428571
明天不 上班	1000000
明天也 要	700000
明天也 去	300000
明天会 更好	529411
明天会 有	470588
明天去 看	313725
明天去 买	176470
明天去 找	176470
明天去 吃	137254
明天去 了	98039
明天去 学校	98039
明天又 是	542857
明天又 要	457142
明天就 去	174242
明天就 回	121212
明天就 回去	113636
明天就 走	98484
明天就 可以	90909
明天就 好	90909
明天就 到	68181
明天就 回来	60606
明天我 也	301369
明天我 要	246575
明天我 就	205479
明天我 去	164383
明天我 就要	82191
明天给 你	708333
明天给 我	291666
明天要 去	391304
明天要 上班	289855
明天要 早起	130434
明天要 走	101449
明天要 考试	86956
明天还 得	526315
明天还 上班	473684
明天还要 上班	342857
明天还要 上课	257142
明天还要 早起	228571
明天还要 去	171428
明年 见	105802
明年 的	71672
明年 我	61433
明年 再	58020
明年 就	58020
明年 才	54607
明年 吧	51194
明年 了	47781
明早 起来	272727
明早 我	159090
明早 要	159090
明早 上	136363
明早 到	136363
明早 去	136363
明明 是	463087
明明 就是	109060
明明 就	55369
明明 你	31879
明明 我	28523
明明 那么	26845
明明 知道	25167
明明是 你	368421
明明是 我	315789
明明是 个	122807
明明是 大	105263
明明是 在	87719
明星 的	230769
明星 都	215384
明星 了	123076
明星 也	76923
明星 就	76923
明星 是	76923
明星 来	76923
明显 的	254385
明显 了	184210
明显 是	127192
明显 不	48245
明显 吗	48245
明显 你	43859
明显 不是	35087
明晚 我	333333
明晚 见	259259
明晚 就	222222
明晚 去	185185
明智 的	1000000
明白 了	482191
明白 你	131506
明白 的	87671
明白 我	71232
明白 为什么	49315
明白 什么	32876
明白 这	30136
明白 就	21917
明白你 的	666666
明白你 说	333333
星星 的	650000
星星 了	225000
星星 也	125000
星星的 你	1000000
星期 了	308333
星期 就	141666
星期 的	133333
星期 都	125000
星期 没	83333
星期 去	58333
星期 才	58333
星期 我	50000
春天 来	279792
春天 的	202072
春天 到	93264
春天 在	82901
春天 还	82901
春天 了	72538
春天 好	31088
春天 也	25906
春天到 了	1000000
春天来 了	1000000
春晚 的	233333
春晚 了	216666
春晚 呢	150000
春晚 都	116666
春晚 出	100000
春晚 真的	100000
春晚 我	83333
春节 期间	375000
春节 去	312500
春节 好	312500
春风 十里	1000000
昨天 下午	100
昨天 晚上	90
昨天 收到	80
昨天 已经	70
昨天去 的	541666
昨天去 了	458333
昨天吃 了	714285
昨天吃 的	285714
昨天我 也	562500
昨天我 去	437500
昨天晚上 我	375000
昨天晚上 的	312500
昨天晚上 还	312500
昨天看 了	541666
昨天看 的	250000
昨天看 你	208333
昨天还 说	529411
昨天还 在	470588
昨晚 我	97902
昨晚 上	83916
昨晚 的	72261
昨晚 梦见	55944
昨晚 也	53613
昨晚 没	51282
昨晚 看	51282
昨晚 就	41958
昨晚我 也	500000
昨晚我 梦见	500000
昨晚梦见 你	1000000
是 的	76311
是 我	56647
是 你	42770
是 什么	37587
是 个	22745
是 在	21143
是 谁	20782
是一 回事	571428
是一 人	428571
是一个 人	435028
是一个 不	118644
是一个 有	107344
是一个 地方	50847
是一个 好	45197
是一个 小	45197
是一个 特别	45197
是一个人 的	631578
是一个人 去	368421
是一定 的	409090
是一定 要	363636
是一定 会	227272
是一样 的	1000000
是一直 在	550000
是一直 都	450000
是一种 态度	458333
是一种 幸福	333333
是一种 美	208333
是一辈子 的	1000000
是不 可能	254385
是不 知道	140350
是不 一样	90643
是不 喜欢	61403
是不 存在	49707
是不 对	49707
是不 容易	40935
是不 太	32163
是不一样 的	1000000
是不可能 的	836734
是不可能 了	163265
是不同 的	1000000
是不存在 的	1000000
是不是 要	64020
是不是 有	47375
是不是 你	37558
是不是 也	37131
是不是 在	32010
是不是 都	27742
是不是 又	23474
是不是三观 有点	1000000
是不是三观有点 不	1000000
是不是也 要	565217
是不是也 是	434782
是不是你 的	666666
是不是你 最	333333
是不是你们 都	1000000
是不是你们都 喜欢	1000000
是不是很 有	235294
是不是很 不	196078
是不是很 可爱	176470
是不是很 厉害	137254
是不是很 好	137254
是不是很 开心	117647
是不是想 我	473684
是不是想 吃	263157
是不是想 说	263157
是不是要 去	450000
是不是要 把	300000
是不是要 给	250000
是不是都 喜欢	428571
是不是都 是	333333
是不是都 到	238095
是不行 的	545454
是不行 了	454545
是不错 的	1000000
是世界 上	1000000
是东北 人	565217
是东北 的	434782
是两个 人	772727
是两个 字	227272
是个 好	296470
是个 什么	136470
是个 大	61176
是个 小	51764
是个 有	42352
是个 好日子	40000
是个 不错	30588
是个好 东西	500000
是个好 地方	360465
是个好 办法	81395
是个好 主意	58139
是为 我	375000
是为 你	312500
是为 你好	312500
是为了 更好	172413
是为了 让	172413
是为了 不	137931
是为了 我	120689
是为了 以后	103448
是为了 看	103448
是为了 自己	103448
是为了 你	86206
是为什么 呢	1000000
是举世 好	1000000
是举世好 公民	1000000
是买 的	558139
是买 了	441860
是人 吗	250000
是人 美	250000
是人 都	250000
是人家 的	1000000
是什么 意思	225512
是什么 时候	61503
是什么 样子	54669
是什么 东西	44419
是什么 呢	43280
是什么 牌子	38724
是什么 情况	37585
是什么品种 的	357142
是什么样 的	1000000
是什么牌子 的	1000000
是今天 的	409090
是今天 生日	363636
是今天 才	227272
是他 的	641791
是他 自己	194029
是他 在	89552
是他 就是	74626
是他们 的	653846
是他们 自己	346153
是以前 的	1000000
是你 的	358428
是你 自己	63829
是你 吗	44189
是你 吧	26186
是你 没	24549
是你 不	23731
是你 是	22913
是你们 的	641025
是你们 自己	358974
是你是 你	1000000
是你的 了	400000
是你的 小	200000
是你的 吗	150000
是你的 好	125000
是你的 生日	125000
是你说 的	1000000
是做 什么	651162
是做 了	232558
是做 的	116279
是做什么 的	1000000
是几个 意思	818181
是几个 月	181818
是别人 的	692307
是别人 家	179487
是别人 给	128205
是去 了	246575
是去 哪里	191780
是去 看	191780
是去 哪	136986
是去 买	82191
是去 旅游	82191
是去 哪儿	68493
是又 要	521739
是又 去	260869
是又 想	217391
是反 的	647058
是反 话	352941
是另 一个	666666
是另 一种	333333
是可以 的	882352
是可以 吃	117647
是吃 的	415730
是吃 了	213483
是吃 可爱	112359
是吃 完	112359
是吃 多	89887
是吃 不到	56179
是吗 是	705882
是吗 我	294117
是否 有	297297
是否 还	297297
是否 会	216216
是否 可以	189189
是吧 是	630769
是吧 我	369230
是呢 是	1000000
是和 我	612244
是和 你	285714
是和 谁	102040
是哪 的	263157
是哪 种	221052
是哪 来	136842
是哪 天	115789
是哪 一个	84210
是哪 一期	63157
是哪 一种	52631
是哪个 牌子	242424
是哪个 学校	212121
是哪个 了	181818
是哪个 城市	151515
是哪家 的	1000000
是哪里 的	527777
是哪里 人	236111
是唯一 的	529411
是唯一 一个	470588
是啊 是	456140
是啊 我	149122
是啊 你	55555
是啊 哈哈	40935
是啊 都	32163
是啊 好	29239
是啊 但是	26315
是喜欢 你	300000
是喜欢 的	200000
是喜欢 哥哥	166666
是喜欢 我	166666
是喜欢 还是	166666
是因为 我	301948
是因为 你	266233
是因为 他	51948
是因为 有	48701
是因为 什么	42207
是因为 没有	42207
是因为 这个	42207
是因为 没	32467
是在 说	148648
是在 哪	132432
是在 哪里	105405
是在 给	32432
是在 炫耀	29729
是在 看	29729
是在 做	24324
是在 北京	24324
是在说 我	769230
是在说 你	230769
是多 大	666666
是多 了	333333
是多么 的	1000000
是多少 钱	533333
是大 长	196969
是大 太阳	181818
是大 实话	136363
是大 的	106060
是大 脸	75757
是大 问题	75757
是大家 的	631578
是大家 都	368421
是太 多	272727
是太 美	272727
是太 可爱	227272
是太 好看	227272
是女 的	821782
是女 汉子	128712
是女 主	49504
是她 的	1000000
是好 的	480000
是好 朋友	192000
是好 学生	88000
是好 东西	80000
是好 男人	64000
是好 是	56000
是好 地方	40000
是对 的	640845
是对 我	140845
是对 你	98591
是对 自己	84507
是对 着	35211
是小 仙女	420454
是小 清新	113636
是小 公主	90909
是小 太阳	90909
是小 的	68181
是小 鲜肉	68181
是小 公举	56818
是干嘛 的	1000000
是幸福 的	1000000
是很 有	130890
是很 好	125654
是很 喜欢	104712
是很 可爱	83769
是很 不	52356
是很 不错	52356
是很 想	52356
是很 正常	47120
是很好 的	1000000
是必须 的	956521
是必须 要	43478
是怎么 了	304761
是怎么 做到	171428
是怎么 想	76190
是怎么 做	66666
是怎么 找到	57142
是怎么 来	52380
是怎么 知道	52380
是怎么 个	47619
是怎么做到 的	1000000
是怎么想 的	1000000
是怎样 的	1000000
是怕 你	611111
是怕 被	388888
是想 说	310344
是想 让	120689
是想 我	109195
是想 你	57471
是想 去	57471
是想 问	57471
是想 吃	51724
是想说 你	647058
是想说 我	352941
是我 的	366738
是我 最	41170
是我 自己	29794
是我 是	24377
是我 也	22751
是我 想	22210
是我 喜欢	20585
是我 生日	20585
是我也 是	1000000
是我们 的	681159
是我们 学校	144927
是我们 家	101449
是我们 都	72463
是我喜欢 的	1000000
是我家 的	562500
是我家 只有	437500
是我想 多	600000
是我想 太	400000
是我是 我	1000000
是我最 喜欢	522727
是我最 爱	363636
是我最 美丽	113636
是我的 最	151515
是我的 小	133333
是我的 生日	115151
是我的 好	109090
是我的 爱	109090
是我的 了	66666
是我的 人	48484
是我的 荣幸	48484
是我说 的	1000000
是打 酱油	647058
是打 了	352941
是把 我	437500
是把 杀猪刀	375000
是把 自己	187500
是故意 的	1000000
是新 的	862068
是新 来	137931
是最 重要	226993
是最 爱	122699
是最 可爱	92024
是最 难	85889
是最 幸福	61349
是最 不	49079
是最 好看	49079
是最 容易	49079
是最可爱 的	1000000
是最后 一次	324324
是最后 一个	243243
是最后 一天	216216
是最后 的	216216
是最大 的	1000000
是最好 的	1000000
是最美 的	1000000
是最重要 的	1000000
是有 多	416893
是有 的	87193
是有 希望	54495
是有 原因	35422
是有 可能	35422
是有 个	32697
是有 多少	27247
是有 故事	27247
是有多 无聊	324324
是有多 爱	270270
是有多 大	135135
是有多 想	135135
是有多 早	135135
是有希望 的	1000000
是朋友 的	642857
是朋友 吗	357142
是来 找	204545
是来 搞笑	204545
是来 给	136363
是来 了	113636
是来 拉	113636
是极好 的	1000000
是正常 的	1000000
是正确 的	1000000
是死 的	782608
是死 了	217391
是死的 可	1000000
是每天 都	1000000
是永远 不会	409090
是永远 的	363636
是永远 都	227272
是没 谁	176470
是没 办法	169934
是没 人	98039
是没 钱	91503
是没 时间	78431
是没 看	52287
是没 看到	52287
是没 见	52287
是没有 的	500000
是没有 时间	250000
是没有 职业道德	250000
是没谁 了	1000000
是爱 你	600000
是爱 我	188235
是爱 上	82352
是爱 的	70588
是爱 吃	58823
是爱你 的	1000000
是特别 的	1000000
是用 的	366666
是用 什么	350000
是用 了	166666
是用 手机	116666
是用心 的	1000000
是用心的 我	1000000
是的 呢	280898
是的 是	243445
是的 我	76154
是的 没错	31210
是的 了	27465
是的 吧	27465
是的 你	24968
是看 了	473684
是看 你	315789
是看 的	210526
是真 爱	754385
是真 不	87719
是真 没	46783
是真 好	40935
是真 好看	40935
是真 能	29239
是真心 的	1000000
是真正 的	1000000
是真爱 了	466666
是真的 吗	134099
是真的 好	114942
是真的 不	72796
是真的 好看	57471
是真的 想	57471
是真的 么	45977
是真的 喜欢	38314
是站 在	555555
是站 着	444444
是第一次 见	450000
是第一次 来	300000
是第一次 见到	250000
是给 你	489795
是给 我	346938
是给 自己	163265
是美好 的	1000000
是羡慕 嫉妒	1000000
是老 了	500000
是老 司机	500000
是肯定 的	1000000
是自己 的	438016
是自己 做	181818
是自己 去	74380
是自己 买	66115
是自己 写	57851
是自己 想	49586
是自己 给	49586
是自己 一个	41322
是自己做 的	1000000
是自由 的	315789
是蓝色 的	1000000
是被 你	460000
是被 人	220000
是被 我	200000
是被 自己	120000
是要 去	108695
是要 把	72463
是要 有	61594
是要 我	57971
是要 怎样	50724
是要 笑	50724
是要 给	47101
是要 做	39855
是觉得 我	478260
是觉得 你	304347
是认真 的	1000000
是认真的 吗	1000000
是让 我	524590
是让 你	344262
是让 人	131147
是说 我	419540
是说 你	344827
是说 的	63218
是说 给	40229
是说 说	40229
是说 他	34482
是说 你们	28735
是说 那个	28735
是谁 了	128205
是谁 的	118589
是谁 吗	64102
是谁 我	57692
是谁 呢	54487
是谁 你	44871
是谁 在	32051
是跟 我	581395
是跟 你	418604
是路 人	1000000
是过 了	625000
是过 农历	375000
是还 没	780487
是还 没有	219512
是这 样子	629629
是这 两天	185185
是这 几天	185185
是这个 意思	328358
是这个 样子	328358
是这个 世界	89552
是这个 人	89552
是这个 吗	89552
是这个 状态	74626
是这么 想	507246
是这么 说	268115
是这么 觉得	123188
是这么 认为	65217
是这么 过来	36231
是这么想 的	1000000
是这么说 的	1000000
是这样 的	671462
是这样 过年	64748
是这样 想	59952
是这样 吗	47961
是这样 吧	21582
是这样 了	16786
是这样 没错	14388
是这样想 的	1000000
是这样的 人	368421
是这样的 吗	315789
是这样过年 的	1000000
是那 是	1000000
是那样 的	1000000
是问 你	714285
是问 我	285714
是雪亮 的	1000000
是非常 可爱	291666
是非常 喜欢	250000
是非常 非常	250000
是非常 好看	208333
是革命 的	1000000
是革命的 本钱	1000000
是骗人 的	1000000
是黑 的	1000000
是黑色 的	1000000
显得 我	237500
显得 你	175000
显得 头	87500
显得 脸	87500
显得 更	75000
显得 自己	75000
显得 太	62500
显示 的	600000
显示 不	233333
显示 你	166666
晒黑 了	1000000
晓得 你	371428
晓得 我	200000
晓得 了	148571
晓得 是	68571
晓得 不	34285
晓得 为	34285
晓得 咋个	28571
晚上 好	100
晚上 见	90
晚上 回家	80
晚上 休息	70
晚上不 睡觉	743589
晚上不 吃饭	256410
晚上吃 了	444444
晚上吃 的	370370
晚上吃 什么	185185
晚上好 宝贝	156250
晚上我 去	333333
晚上我 要	333333
晚上我 都	333333
晚上的 看	444444
晚上的 不	277777
晚上的 你	277777
晚上给 你	1000000
晚安 了	218836
晚安 好	174515
晚安 晚安	105263
晚安 么	69252
晚安 我	55401
晚安 吧	47091
晚安 亲爱	24930
晚安么 么	1000000
晚点 了	457142
晚点 再	228571
晚点 的	171428
晚点 我	142857
晚睡 早起	377777
晚睡 了	266666
晚睡 的	244444
晚睡 晚起	111111
晚餐 愉快	852941
晚餐 愉悦	147058
晚饭 吃	300000
晚饭 了	157142
晚饭 都	128571
晚饭 后	100000
晚饭 不吃	85714
晚饭 就	85714
晚饭 少	71428
晚饭 没	71428
普通 的	937500
普通 朋友	62500
景色 好	400000
景色 真	300000
智商 也	113207
智商 不够	106918
智商 低	100628
智商 的	100628
智商 高	75471
智商 不	69182
智商 太	69182
智商 是	62893
智齿 了	368421
智齿 长	368421
智齿 的	263157
暂时 不	243750
暂时 还	225000
暂时 没有	175000
暂时 没	131250
暂时 的	118750
暂时 不会	37500
暂时 是	37500
暂时 不想	31250
暂时还 没	727272
暂时还 没有	272727
暑假 去	94240
暑假 的	89005
暑假 了	83769
暑假 见	68062
暑假 都	68062
暑假 不	57591
暑假 在	57591
暑假 有	52356
暖和 了	415584
暖和 点	259740
暖和 的	181818
暖和 暖和	64935
暖气 的	369565
暖气 吗	282608
暖气 了	195652
暗恋 我	355555
暗恋 你	255555
暗恋 的	144444
暗恋 了	88888
暗恋 对象	88888
暗示 我	571428
暗示 你	428571
暴露 了	567164
暴露 年龄	119402
暴露 自己	97014
暴露 我	82089
暴露 你	59701
暴露 本性	37313
暴露 的	37313
更 多	144790
更 美	60893
更 喜欢	50969
更 健康	30672
更 有	30672
更 爱	28867
更 大	27965
更 不	23004
更不 开心	352941
更不 知道	352941
更不 喜欢	294117
更加 努力	272727
更加 的	181818
更加 珍惜	159090
更加 美好	159090
更加 有	113636
更加 爱	113636
更厉害 了	727272
更厉害 的	272727
更喜欢 你	560000
更喜欢 吃	240000
更喜欢 我	200000
更多 的	801369
更多 人	95890
更多 了	68493
更多 想	34246
更多的 人	533333
更多的 是	355555
更多的 音乐作品	111111
更大 的	636363
更大 了	363636
更好 的	530201
更好 看	257270
更好 了	89485
更好 一些	20134
更好 吗	20134
更好 一点	17897
更好 地	17897
更好的 人	323529
更好的 自己	308823
更好的 舞台	117647
更好的 办法	88235
更好的 生活	88235
更好的 你	73529
更好看 的	550000
更好看 了	450000
更新 版本	100
更新 配置	90
更新 内容	80
更新 完成	70
更新可爱 没	1000000
更新可爱没 人	1000000
更爱 你	758620
更爱 自己	241379
更美 了	642857
曾 有	272727
曾 爱	272727
曾 在	227272
曾 老师	227272
曾经 的	323529
曾经 以为	117647
曾经 有	102941
曾经 我	95588
曾经 在	73529
曾经 是	73529
曾经 也	66176
曾经 拥有	51470
最 爱	156647
最 喜欢	133236
最 重要	102601
最 多	60115
最 可爱	36705
最 好吃	33236
最 讨厌	31791
最 好看	29768
最丑 的	1000000
最主要 的	700000
最主要 是	300000
最佳 代言人	522727
最佳 代言	318181
最佳 损友	159090
最便宜 的	1000000
最初 的	1000000
最厉害 了	500000
最厉害 的	500000
最可怕 的	1000000
最可爱 的	619047
最可爱 了	380952
最后 确认	100
最后 完成	90
最后 检查	80
最后 保存	70
最后一句 话	760000
最后一句 是	240000
最后一天 了	1000000
最后一张 图	642857
最后一张 是	357142
最喜欢 的	485943
最喜欢 你	96385
最喜欢 吃	96385
最喜欢 谁	84337
最喜欢 了	60240
最喜欢 看	56224
最喜欢 这	56224
最喜欢 小	24096
最喜欢的 人	347826
最喜欢的 就是	217391
最喜欢的 是	217391
最喜欢的 还是	217391
最基本 的	1000000
最多 的	682352
最多 只能	94117
最多 了	82352
最多 是	82352
最多 就是	58823
最多的 就是	454545
最多的 送	318181
最多的 是	227272
最大 的	1000000
最大的 心愿	285714
最大的 乐趣	238095
最大的 愿望	238095
最大的 问题	238095
最好 的	605678
最好 了	97791
最好 是	78864
最好 不要	55205
最好 别	26813
最好 还是	25236
最好 听	20504
最好 用	15772
最好吃 了	507462
最好吃 的	492537
最好的 朋友	202127
最好的 爱情	159574
最好的 自己	159574
最好的 选择	106382
最好的 方式	74468
最好的 方法	74468
最好的 我们	63829
最好的 办法	53191
最好看 的	625000
最好看 了	375000
最小 的	1000000
最幸福 的	791666
最幸福 了	208333
最开心 的	807692
最开心 了	192307
最强 的	538461
最强 大脑	461538
最怕 的	1000000
最惨 的	1000000
最想 去	382352
最想 看	235294
最想 做	205882
最想 吃	176470
最新 的	1000000
最早 的	722222
最早 也	277777
最深 的	1000000
最漂亮 的	1000000
最爱 的	548042
最爱 你	195729
最爱 吃	117437
最爱 我	67615
最爱 了	49822
最爱你 了	551724
最爱你 的	448275
最爱的 人	489795
最爱的 两个	163265
最爱的 是	122448
最爱的 还是	122448
最爱的 那个	102040
最终 还是	727272
最终 都	272727
最美 的	701357
最美 应该	72398
最美 了	67873
最美 没	49773
最美 不过	31674
最美 你	31674
最美 最美	22624
最美丽 的	1000000
最美好 的	547169
最美好 人生	452830
最美好人生 晚安	1000000
最美应该 没	1000000
最美应该没 人	1000000
最美的 不是	233333
最美的 云彩	233333
最美的 时候	200000
最美的 你	166666
最美的 时光	166666
最舒服 的	1000000
最讨厌 的	454545
最讨厌 了	181818
最讨厌 这种	136363
最讨厌 你	113636
最讨厌 吃	113636
最起码 的	722222
最起码 要	277777
最近 怎么样	100
最近 有空	90
最近 比较	80
最近 需要	70
最近一直 在	1000000
最近也 是	454545
最近也 在	272727
最近也 想	113636
最近在 看	388888
最近在 忙	333333
最近在 干嘛	277777
最近好 吗	694444
最近好 忙	305555
最近很 忙	500000
最近很 爱	285714
最近很 喜欢	214285
最近忙 不	550000
最近忙 什么	450000
最近怎么 了	1000000
最近我 也	714285
最近我 在	285714
最近看 了	666666
最近看 的	333333
最近过 得	647058
最近过 的	352941
最近都 在	300000
最近都 是	228571
最近都 没	171428
最近都 不	157142
最近都 有	71428
最近都 没有	71428
最重要 的	916167
最重要 是	47904
最重要 了	35928
最重要的 是	738095
最重要的 就是	154761
最重要的 还是	107142
最长 的	1000000
最难 的	1000000
最高 的	573770
最高 境界	278688
最高 气温	147540
月 了	141858
月 的	102897
月 就	60939
月 没	46953
月 都	37962
月 前	33966
月 才	31968
月亮 和	318181
月亮 是	227272
月亮 消灭	227272
月亮 的	227272
月份 的	255813
月份 去	186046
月份 才	162790
月份 吧	139534
月份 就	139534
月份 还	116279
月底 去	301587
月底 吧	222222
月底 就	174603
月底 了	142857
月底 才	79365
月底 要	79365
有 时间	100
有 问题	90
有 需要	80
有 机会	70
有一个 人	307086
有一个 我	78740
有一个 小	70866
有一个 朋友	70866
有一个 好	62992
有一个 大胆	55118
有一个 你	47244
有一天 你	344262
有一天 我	311475
有一天 会	262295
有一天 晚上	81967
有一次 在	562500
有一次 我	437500
有一点 必须	705882
有一点 可怕	294117
有一种 菌子	333333
有一种 这辈子	333333
有一种 爱情	194444
有一种 想	138888
有不 一样	400000
有不 开心	320000
有不 有	280000
有不同 的	1000000
有个 好	145593
有个 朋友	130268
有个 小	57471
有个 问题	57471
有个 大	42145
有个 东西	38314
有个 会	38314
有个 女	38314
有了 新	265306
有了 吗	122448
有了 新欢	102040
有了 就	91836
有了 你	71428
有了 女朋友	61224
有了 我	61224
有事 没	275862
有事 的	172413
有事 做	120689
有事 就	103448
有事 找	103448
有事 要	86206
有些 人	437185
有些 事	173366
有些 东西	95477
有些 事情	87939
有些 地方	40201
有些 时候	32663
有些 话	30150
有些 不	27638
有些人 就是	296296
有些人 是	259259
有些人 的	259259
有些人 说	185185
有人 说	167235
有人 要	81911
有人 在	60295
有人 来	42093
有人 喜欢	34129
有人 跟	32992
有人 给	30716
有人 想	25028
有人和 我	666666
有人和 你	333333
有人给 我	578947
有人给 你	421052
有人要 吗	1000000
有人说 我	404255
有人说 你	234042
有人说 他	127659
有人说 是	106382
有人跟 我	655172
有人跟 你	344827
有什么 好	149210
有什么 用	116212
有什么 关系	104734
有什么 办法	57388
有什么 不	41606
有什么 区别	41606
有什么 好玩	40172
有什么 事	38737
有什么好 的	772727
有什么好 办法	227272
有什么好吃 的	1000000
有什么好玩 的	1000000
有什么好看 的	1000000
有你 的	322683
有你 在	79872
有你 这样	63897
有你 真	60702
有你 就	57507
有你 这	57507
有你 这么	57507
有你们 的	1000000
有你真 好	1000000
有你这样 的	1000000
有关 的	1000000
有关系 吗	785714
有关系 的	214285
有兴趣 吗	500000
有兴趣 不	272727
有兴趣 了	227272
有内涵 的	1000000
有几个 人	708333
有几个 是	291666
有力气 减肥	1000000
有原因 的	1000000
有可能 是	445652
有可能 的	206521
有可能 会	97826
有可能 去	65217
有可能 要	65217
有可能 还	65217
有吃 的	1000000
有各 的	1000000
有名 的	1000000
有听 完	600000
有味道 的	611111
有味道 了	388888
有啊 有	541666
有啊 我	250000
有啊 你	208333
有喜欢 的	1000000
有喜欢的 人	1000000
有多 大	183823
有多 的	125000
有多 好	102941
有多 爱	91911
有多 高	66176
有多 无聊	58823
有多 美	44117
有多 远	33088
有多久 不能	541666
有多久 没	458333
有多少 人	757142
有多少 钱	142857
有多少 个	100000
有大 把	1000000
有太 多	1000000
有夫妻 相	1000000
有女朋友 了	582089
有女朋友 的	194029
有女朋友 吗	149253
有女朋友 就	74626
有她 的	1000000
有好 的	414285
有好 报	157142
有好 心情	142857
有好 结果	142857
有好 几次	71428
有好 多种	71428
有好吃 的	1000000
有好多 人	647058
有好多 好吃	352941
有好看 的	1000000
有孩子 了	1000000
有实力 的	1000000
有家庭 的	1000000
有家庭的 男人	1000000
有对象 了	603773
有对象 的	207547
有对象 吗	94339
有对象 没	94339
有小 情绪	642857
有小 仙女	357142
有希望 的	805555
有希望 了	194444
有希望的 一代	1000000
有很 多种	588235
有很 好	411764
有很多 人	616666
有很多 的	116666
有很多 都	100000
有很多 不	83333
有很多 无辜	83333
有心 了	666666
有心 就	333333
有必要 的	434782
有必要 吗	347826
有必要 这样	217391
有想 吃	206896
有想 我	206896
有意义 的	846153
有意义 吗	153846
有意思 的	396039
有意思 吗	306930
有意思 了	148514
有意思 么	59405
有意见 了	263157
有意见 吗	263157
有感情 的	687500
有感情 吗	312500
有感觉 了	344827
有感觉 的	344827
有我 的	342465
有我 在	157534
有我 有	75342
有我 这么	68493
有我 呢	61643
有我 也	54794
有我 就	54794
有我 喜欢	41095
有才 了	596491
有才 的	210526
有才 有	105263
有推荐 的	736842
有推荐 吗	263157
有故事 的	800000
有故事 吗	107692
有故事 你	92307
有故事的 人	1000000
有效 的	600000
有效 吗	233333
有效果 吗	500000
有效果 的	500000
有敬业 吗	736842
有敬业 可以	263157
有文化 的	739130
有文化 有	260869
有新 的	1000000
有时 也	327272
有时 会	218181
有时 感觉	163636
有时 我	109090
有时 就是	90909
有时 是	90909
有时候 也	150000
有时候 会	110714
有时候 我	107142
有时候 还	92857
有时候 就	57142
有时候 真的	57142
有时候 就是	50000
有时候 觉得	42857
有时间 去	137614
有时间 就	137614
有时间 可以	103975
有时间 了	73394
有时间 来	70336
有时间 我	48929
有时间 的	48929
有时间 约	48929
有暖气 吗	533333
有暖气 的	466666
有更 多	1000000
有更多 的	1000000
有更好 的	1000000
有最 美好	1000000
有最美好 人生	1000000
有朋友 说	687500
有朋友 在	312500
有本事 你	770833
有本事 来	125000
有本事 别	104166
有机会 的	156171
有机会 一定	118387
有机会 去	115869
有机会 一起	95717
有机会 再	93198
有机会 可以	45340
有机会 来	45340
有机会 我	37783
有机会一定 要	611111
有机会一定 去	388888
有机会再 去	600000
有机会再 来	400000
有梦想 的	478260
有梦想 谁	304347
有梦想 就	217391
有毒 吧	655172
有毒 的	344827
有气质 的	586206
有气质 了	413793
有没有 人	151219
有没有 想	68292
有没有 什么	45528
有没有 去	42276
有没有 好	30894
有没有 被	29268
有没有 吃	24390
有没有人 说	257142
有没有人 要	228571
有没有人 和	200000
有没有人 跟	171428
有没有人 知道	142857
有没有想 我	482758
有活动 吗	642857
有活动 就	357142
有点 不	82229
有点 小	67595
有点 多	50871
有点 大	39721
有点 远	39024
有点 想	35540
有点 难	24390
有点 长	20209
有点不 太	426229
有点不 舒服	114754
有点不 一样	98360
有点不 习惯	98360
有点不 适应	98360
有点不 像	81967
有点不 明白	81967
有点不太 对头	1000000
有点小 激动	1000000
有点想 你	380952
有点想 去	380952
有点想 吃	238095
有点过 了	1000000
有点过分 了	1000000
有爱 的	596774
有爱 了	274193
有用 的	500000
有用 么	147058
有用 了	88235
有用 没	88235
有用 的话	88235
有男朋友 了	619047
有男朋友 的	238095
有男朋友 吗	142857
有的 人	286163
有的 时候	213836
有的 有	75471
有的 吧	56603
有的 吃	50314
有的 地方	31446
有的 没	31446
有的是 机会	588235
有的是 时间	411764
有眼光 的	1000000
有眼光的 人	1000000
有种 想	317073
有种 东西	195121
有种 莫名	170731
有种 被	170731
有种 感觉	146341
有空 来	139534
有空 就	93023
有空 去	86046
有空 我	58139
有空 一起	53488
有空 可以	44186
有空 的	44186
有空 再	37209
有经验 了	571428
有经验 的	428571
有缘 再见	411764
有缘 看到	235294
有缘 的	147058
有自己 的	1000000
有说 我	227272
有谁 知道	571428
有谁 能	428571
有趣 的	950980
有趣 了	49019
有趣的 灵魂	473684
有趣的 人	350877
有趣的 事	87719
有趣的 话题	87719
有跟 你	588235
有跟 我	411764
有这 一天	200000
有这 想法	200000
有这 本书	171428
有这 功夫	142857
有这 回事	142857
有这 打算	142857
有这个 想法	428571
有这个 可能	214285
有这个 人	178571
有这个 打算	178571
有这么 多	428571
有这么 可爱	75630
有这么 一个	67226
有这么 大	67226
有这么 好	67226
有这么 好看	58823
有这么 一天	50420
有这么 个	50420
有这么多 人	588235
有这么多 的	411764
有这样 的	1000000
有这种 感觉	837837
有这种 情况	162162
有道理 的	384615
有道理 了	250000
有道理 有	96153
有那么 多	434343
有那么 几天	80808
有那么 大	80808
有那么 一天	65656
有那么 好	55555
有那么 夸张	50505
有那么 容易	50505
有那么 快	45454
有那么多 人	666666
有那么多 的	333333
有钱 的	194117
有钱 了	161764
有钱 真	102941
有钱 就	85294
有钱 没	44117
有钱 任性	41176
有钱 就是	41176
有钱人 的	461538
有钱人 就是	153846
有钱人 都	128205
有钱真 好	1000000
有问题 了	196721
有问题 吧	180327
有问题 吗	163934
有问题 的	163934
有问题 就	81967
有需要 的	625000
有需要 吗	375000
有魅力 的	642857
有魅力 了	357142
朋友 的	101449
朋友 都	67887
朋友 们	58733
朋友 吧	57971
朋友 说	57208
朋友 了	49580
朋友 也	40427
朋友 吗	37376
朋友圈 的	175675
朋友圈 发	162162
朋友圈 了	148648
朋友圈 都	148648
朋友圈 也	121621
朋友圈 不	81081
朋友圈 我	81081
朋友圈 是	81081
朋友说 我	526315
朋友说 吃	473684
朋友都 说	272727
朋友都 在	242424
朋友都 不	151515
朋友都 没有	151515
服务 已经	100
服务 启动	90
服务 状态	80
服务 正常	70
服气 的	533333
服气 了	233333
服气 服气	233333
望 着	785714
望 你	214285
朝 天	275862
朝 你	206896
朝 下	172413
朝 我	172413
朝 花	172413
期待 你	169333
期待 期待	101333
期待 的	74666
期待 着	53333
期待 了	49333
期待 下	29333
期待 我	26666
期待你 的	922077
期待你 更	77922
期待称职 代言人	1000000
期末 了	533333
期末 作业	466666
朦胧 美	529411
朦胧 的	470588
未 见	278688
未 到	213114
未 删减	180327
未 动	98360
未必 是	684210
未必 你	315789
未来 的	580000
未来 可	110000
未来 是	60000
未来 会	50000
未来 在	35000
未来 我	35000
未来 有	30000
未来 了	25000
未来的 日子	379310
未来的 你	241379
未来的 路	206896
未来的 人	172413
本 宝宝	172661
本 想	129496
本 就	107913
本 的	107913
本 王	86330
本 是	79136
本 以为	64748
本 姑娘	50359
本书 杨	457142
本书 了	200000
本书 的	200000
本事 你	672727
本事 了	127272
本事 来	109090
本事 别	90909
本人 了	250000
本人 吗	137500
本人 也	112500
本人 的	112500
本人 好看	62500
本人 已	62500
本人 是	62500
本命 是	736842
本命 英雄	263157
本地 文件	100
本地 服务	90
本地 设置	80
本地 处理	70
本来 就	351097
本来 就是	169278
本来 想	115987
本来 是	77586
本来 也	52507
本来 还	40752
本来 我	30564
本来 打算	21159
本来也 想	340909
本来也 不	272727
本来也 是	250000
本来也 没	136363
本来就 不	257281
本来就 有	97087
本来就 没	87378
本来就 不是	53398
本来就 没有	43689
本来就 长	38834
本来就 美	33980
本来就很 美	1000000
本来就是 个	200000
本来就是 一个	171428
本来就是 你	171428
本来就是 我	142857
本来想 说	339622
本来想 买	207547
本来想 去	207547
本来想 叫	132075
本来想 给	113207
本来我 也	500000
本来我 是	500000
本来是 小事	531250
本来是 想	250000
本来是 要	218750
本来还 想	657894
本来还 打算	184210
本来还 说	157894
本质 上	333333
本质 是	333333
本质 的	333333
本身 就	397260
本身 就是	273972
本身 也	136986
本身 不	95890
本身 的	95890
机会 的	115492
机会 了	92957
机会 去	87323
机会 一定	69014
机会 再	59154
机会 一起	56338
机会 来	40845
机会 可以	29577
机会一定 要	621621
机会一定 去	378378
机会再 去	619047
机会再 来	380952
机器人 吗	833333
机场 的	177419
机场 了	161290
机场 呢	129032
机场 等	112903
机场 有	96774
机场 大巴	80645
机场 接	80645
机场 里	80645
机智 的	446808
机智 如	351063
机智 了	138297
机智如 我	562500
机智如 你	437500
机灵 懂事	1000000
机灵懂事 乖巧	1000000
机灵懂事乖巧 的	1000000
机票 都	282051
机票 了	230769
机票 钱	205128
机票 买	153846
机票 的	128205
杀青 了	666666
杀青 快乐	333333
杠杠 的	1000000
条 路	194690
条 的	101769
条 裙子	79646
条 裤子	70796
条 了	66371
条 我	53097
条 是	53097
条 汉子	53097
条件 的	421052
条件 都	315789
条件 好	263157
来 了	164593
来 的	92097
来 吧	57280
来 找	51910
来 着	36695
来 我	35442
来 个	18795
来上海 了	500000
来上海 我	250000
来上海 看	250000
来不 来	925000
来不 起	75000
来不及 了	842105
来不及 挥手	157894
来了 我	158249
来了 就	148148
来了 吗	107744
来了 来	97643
来了 你	70707
来了 么	47138
来了 不	33670
来你 来	727272
来你 就	272727
来到 了	325581
来到 你	279069
来到 我	209302
来到 王者	186046
来北京 了	411764
来北京 吗	235294
来北京 我	176470
来北京 的	176470
来吃 吧	281250
来吃 我	218750
来吃 来	156250
来吃 的	156250
来吧 来	833333
来吧 我	166666
来告诉 你	625000
来告诉 我	375000
来和 我	818181
来和 你	181818
来啊 来	701298
来啊 我	168831
来啊 互相	129870
来大姨妈 了	500000
来大姨妈 什么	500000
来安慰 我	600000
来安慰 你	400000
来就 好	517241
来就 来	275862
来带 我	705882
来带 你	294117
来得及 吗	576923
来得及 看	307692
来得及 不	115384
来快 来	1000000
来我 这	160714
来我 给	107142
来我 就	89285
来我 这里	80357
来我 大	75892
来我 的	71428
来我 床上	62500
来我 请	62500
来我们 学校	297619
来我们 宿舍	154761
来我们 这里	130952
来我们 一起	119047
来我们 家	95238
来我们 公司	71428
来我们 这	71428
来我们 这边	59523
来我家 吧	475000
来我家 吃	325000
来我家 吃饭	200000
来我给 你	1000000
来打 我	585365
来打 你	146341
来打 酱油	146341
来打 个	121951
来找 我	776515
来找 你	193181
来找 我们	18939
来找 你们	11363
来找你 的	562500
来找你 了	437500
来找我 吧	246913
来找我 了	123456
来找我 吗	98765
来找我 我	86419
来找我 玩吧	86419
来找我 玩儿	74074
来找我 的	61728
来接 我	784810
来接 你	215189
来深圳 了	642857
来深圳 找	357142
来源 说明	100
来源 已经	90
来源 明确	80
来源 信息	70
来爱 我	705882
来爱 你	294117
来的 时候	172661
来的 我	129496
来的 祝福	79136
来的 太	71942
来的 自信	57553
来的 总会	39568
来的 更	39568
来的我 但是	1000000
来看 你	417021
来看 我	387234
来看 了	55319
来看 的	46808
来看 下	25531
来看 流星雨	25531
来看 你们	21276
来看 她	21276
来看你 了	629629
来看你 的	370370
来看看 我	485714
来看看 你	371428
来看看 我们	142857
来着 的	478260
来着 以前	260869
来着 呢	260869
来给 我	485148
来给 你	435643
来给 你们	79207
来自 星星	409090
来自 一个	340909
来自 于	136363
来自 广州	113636
来自星星 的	1000000
来自星星的 你	1000000
来见 我	815789
来见 你	184210
来让 我	1000000
来说 是	196078
来说 最	130718
来说 说	124183
来说 就是	78431
来说 还是	65359
来说 都	65359
来说 太	52287
来说最 重要	1000000
来说最重要 的	1000000
来请 我	560000
来请 你	440000
来跟 我	666666
来跟 你	216666
来跟 我们	116666
来那么 多	1000000
杨 老师	531250
杨 的	250000
杨 总	218750
杭州 的	258278
杭州 了	205298
杭州 找	79470
杭州 吗	52980
杭州 下雪	39735
杭州 也	39735
杭州 到	39735
杯子 好	368421
杯子 里	368421
杯子 的	263157
极 有	400000
极 高	350000
极 美	250000
极好 的	1000000
极限 挑战	655172
极限 了	344827
果断 的	296296
果断 去	259259
果断 放弃	259259
果断 回家	185185
果然 是	478260
果然 还是	90909
果然 不	83003
果然 都	67193
果然 有	51383
果然 好	43478
果然 我	43478
果然不 一样	666666
果然不 爱	333333
果然都 会	571428
果然都 是	428571
某个 人	1000000
某些 人	1000000
某人 的	347826
某人 说	217391
某人 还	173913
某人 是	152173
某人 又	108695
柜子 里	687500
柜子 上	312500
标准 的	414634
标准 是	170731
标准 来	146341
标准 身材	146341
标准 体重	121951
标点 输入	100
标点 正常	90
标点 提交	80
标点 符号	70
校区 的	411764
校区 了	294117
样品 已经	100
样品 寄出	90
样品 确认	80
样品 收到	70
样子 的	221789
样子 了	147859
样子 我	62256
样子 吗	50583
样子 就	50583
样子 好	38910
样子 太	35019
根据 你	550000
根据 自己	450000
根本 不	210743
根本 就	183884
根本 没	177685
根本 没有	92975
根本 不是	45454
根本 停不下来	45454
根本 不用	30991
根本 不能	28925
根本不 知道	368421
根本不 可能	263157
根本不 了解	184210
根本不 需要	184210
根本就 不	403508
根本就 没	298245
根本就 没有	175438
根本就 不是	122807
根本没 人	714285
根本没 时间	285714
桂林 的	571428
桂林 米粉	428571
桌子 上	807017
桌子 好	105263
桌子 的	87719
梦想 是	288732
梦想 的	225352
梦想 就是	112676
梦想 还是	70422
梦想 吧	49295
梦想 就	49295
梦想 谁	49295
梦想 了	42253
梦见 你	452054
梦见 我	198630
梦见 自己	95890
梦见 了	68493
梦见 谁	54794
梦见 什么	41095
梦见 他	41095
梦见你 了	1000000
梦醒 时分	592592
梦醒 了	407407
检查 一下	100
检查 结果	90
检查 配置	80
检查 文件	70
棉袄 了	409090
棉袄 吗	318181
棉袄 的	272727
棒棒 的	882352
椅子 上	1000000
楼上 的	760000
楼上 是	240000
楼下 的	857142
楼下 就	142857
榜首 或者	1000000
榜首或者 第二	1000000
榴莲 的	352941
榴莲 披萨	215686
榴莲 干	196078
榴莲 了	117647
模仿 我	642857
模仿 的	357142
模式 了	1000000
模特 的	304347
模特 了	260869
模特 吗	217391
模特 是	217391
模糊 了	529411
模糊 的	470588
樱花 也	352941
樱花 开	352941
樱花 了	294117
次 了	219101
次 的	140449
次 打	112359
次 大学	89887
次 我	84269
次 吧	67415
次 不	56179
次 元	50561
次打 次	1000000
欢乐 的	350877
欢乐 多	192982
欢乐 了	140350
欢乐 喜剧	140350
欢迎 你	413398
欢迎 来	171568
欢迎 欢迎	102941
欢迎 回来	68627
欢迎 回家	49019
欢迎 加入	27777
欢迎 来到	27777
欢迎 再	21241
欢迎你 来	666666
欢迎来 北京	333333
欢迎来 我们	333333
欢迎来 重庆	333333
欣慰 的	571428
欣慰 了	428571
欣赏 你	344827
欣赏 不	149425
欣赏 的	149425
欣赏 下	80459
欣赏 了	80459
欣赏 水平	80459
欣赏 他	57471
欣赏 美景	57471
欺负 我	328903
欺负 你	262458
欺负 了	132890
欺负 人	109634
欺负 的	66445
欺负 他	33222
欺负 人家	26578
欺负 我们	23255
欺负你 了	1000000
欺骗 我	372093
欺骗 自己	348837
欺骗 了	279069
歇歇 吧	533333
歇歇 了	466666
歌手 的	384615
歌手 吃饭	230769
歌手 类	192307
歌手 都	192307
歌词 写	162790
歌词 接龙	162790
歌词 而已	162790
歌词 是	139534
歌词 了	116279
歌词 的	116279
正 能量	451882
正 脸	173640
正 准备	98326
正 想	69037
正 的	54393
正 因为	27196
正 打算	25104
正 正	23012
正义 的	687500
正义 了	312500
正在 处理	100
正在 准备	90
正在 检查	80
正在 输入	70
正好 我	272727
正好 在	227272
正好 可以	102272
正好 是	90909
正好 赶上	90909
正好 也	79545
正好 有	79545
正好 失业	56818
正宗 的	657894
正宗 西安	342105
正常 输入	100
正常 使用	90
正常 提交	80
正常 显示	70
正式 的	388888
正式 上班	166666
正式 开始	166666
正式 上课	138888
正式 放假	138888
正想 说	500000
正想 问	500000
正是 我	681818
正是 因为	318181
正确 的	716417
正确 答案	194029
正确 打开方式	89552
正经 的	628571
正经 了	228571
正经 点	142857
正能量 的	617021
正能量 了	148936
正能量 满满	127659
正能量 呢	106382
此刻 我	625000
此刻 的	375000
步入 老年	642857
步入 社会	357142
武林 外传	1000000
武汉 的	331034
武汉 了	220689
武汉 也	41379
武汉 吃	41379
武汉 有	41379
武汉 来	41379
武汉 到	34482
死 了	509669
死 我	173184
死 你	85088
死 的	61022
死 人	22776
死 在	18908
死 吧	11173
死了 你	194174
死了 我	165048
死了 吧	106796
死了 都	77669
死了 吗	67961
死了 就	58252
死了 没	58252
死人 了	545454
死人 的	454545
死你 了	1000000
死得 快	1000000
死我 了	937716
死我 吗	27681
死我 吧	17301
死的 可	326923
死的 早	230769
死的 心	192307
死的 快	153846
死的 时候	96153
死的可 人	1000000
残忍 了	458333
残忍 的	375000
残酷 的	1000000
段 感情	380000
段 的	200000
段 日子	120000
段 时光	100000
段 老师	100000
段 话	100000
段子 手	830769
段子 的	92307
段子 我	76923
段时间 就	222222
段时间 了	166666
段时间 是	166666
段时间 都	166666
段时间 没	138888
段时间 要	138888
每 一天	380457
每 一个	222453
每 一次	87318
每 到	49896
每 条	35343
每 一张	27027
每 一位	20790
每一个 人	678571
每一个 都	321428
每一天 都	1000000
每个 人	741996
每个 月	120527
每个 地方	39548
每个 阶段	18832
每个 都	16949
每个 周末	15065
每个 女孩子	9416
每个 字	9416
每个人 都	777003
每个人 的	195121
每个人 有	27874
每个人都 有	503144
每个人都 是	125786
每个人都 会	88050
每个人都 能	88050
每个人都 不	50314
每个人都 可以	37735
每个人都 喜欢	37735
每个人都 要	37735
每个月 都	500000
每个月 总	321428
每个月 的	178571
每周 都	685714
每天 都	551005
每天 吃	33764
每天 的	30172
每天 早上	27298
每天 在	22988
每天 看	18678
每天 不	15086
每天 开心	15086
每天晚上 都	1000000
每天都 是	167293
每天都 在	161654
每天都 要	110902
每天都 有	99624
每天都 能	48872
每天都 开心	35714
每天都 想	30075
每年 都	792452
每年 的	113207
每年 有	47169
每年 过年	47169
每年都 会	224489
每年都 是	224489
每年都 有	204081
每年都 要	142857
每年都 去	102040
每年都 能	102040
每晚 都	1000000
每次 都	455434
每次 看	68478
每次 看到	65217
每次 我	57608
每次 去	53260
每次 吃	31521
每次 你	19565
每次我 都	1000000
每次看 你	657142
每次看 完	171428
每次看 都	171428
每次看到 你	1000000
每次都 是	368888
每次都 要	146666
每次都 会	62222
每次都 在	53333
每次都 能	48888
每次都 不	44444
每次都 说	44444
每次都 被	40000
比 我	289310
比 你	236045
比 心	30645
比 我们	26267
比 他	25902
比 以前	22984
比 你好	17147
比 你们	12769
比什么 都	1000000
比他 高	275862
比他 大	241379
比他 好	241379
比他 好看	241379
比你 大	159292
比你 还	132743
比你 高	91445
比你 好看	82595
比你 的	76696
比你 小	70796
比你 多	67846
比你 更	50147
比你好 点	500000
比你好 的	500000
比如 我	737500
比如 你	262500
比心 心	611111
比心 比	388888
比我 还	257383
比我 大	109704
比我 小	90717
比我 的	69620
比我 好	63291
比我 高	63291
比我 早	42194
比我 更	42194
比我们 多	333333
比我们 更	333333
比我们 还	333333
比我还 多	450000
比我还 厉害	300000
比我还 早	250000
比谁 都	1000000
比赛 了	162790
比赛 的	162790
比赛 吗	85271
比赛 加油	77519
比赛 是	69767
比赛 就	54263
比赛 没	54263
比较 方便	100
比较 简单	90
比较 稳定	80
比较 合适	70
比较不 方便	1000000
比较不方便 了	1000000
比较喜欢 吃	352941
比较喜欢 的	352941
比较喜欢 你	294117
比较好 的	521739
比较好 吧	260869
毕业 了	382198
毕业 快乐	125654
毕业 的	107329
毕业 后	51047
毕业 就	36649
毕业 旅行	34031
毕业 以后	23560
毕业 一年	20942
毕业了 吗	265625
毕业了 吧	187500
毕业了 么	140625
毕业了 就	93750
毕业了 我	78125
毕业的 时候	720000
毕业的 人	280000
毕竟 我	222222
毕竟 是	222222
毕竟 你	117647
毕竟 都	47930
毕竟 不是	41394
毕竟 我们	41394
毕竟 还是	32679
毕竟 他	26143
毕竟我 是	758620
毕竟我 也	241379
毕竟是 个	562500
毕竟是 我	437500
毕竟都 是	1000000
毛毛 的	458333
毛毛 你	333333
毛毛 了	208333
毛病 的	225000
毛病 吧	125000
毛病 了	100000
毛病 都	100000
毛病 没有	75000
毛病 就是	62500
毛线 关系	178571
毛线 的	178571
毛衣 了	297872
毛衣 好看	127659
毛衣 的	127659
毛衣 都	127659
毛衣 和	106382
毛衣 外套	106382
毛钱 关系	611111
毛钱 的	388888
毫无 压力	1000000
气 的	263456
气 了	184135
气 人	113314
气 我	82152
气 得	56657
气 到	39660
气 你	33994
气人 了	650000
气人 的	350000
气死 了	879518
气死 你	120481
气质 的	442622
气质 了	278688
气质 不	81967
气质 都	81967
水 里	141711
水 的	112299
水 了	109625
水 是	53475
水 都	50802
水 多	40106
水印 的	852941
水印 图	147058
水土不服 就	1000000
水平 的	236842
水平 了	144736
水平 不	105263
水平 也	105263
水平 还	105263
水平 太	92105
水果 的	274509
水果 都	235294
水果 吃	215686
水果 好	137254
永远 是	135135
永远 都	106606
永远 年轻	91591
永远 不	76576
永远 爱	73573
永远 支持	66066
永远 不会	61561
永远 的	58558
永远年轻 的	1000000
永远年轻的 五月天	1000000
永远支持 你	1000000
永远是 我	500000
永远是 你	250000
永远是 最	250000
永远爱 你	1000000
永远都 不	360000
永远都 在	360000
永远都 不会	280000
求婚 的	687500
求婚 了	312500
求求 你	681159
求求 我	130434
求求 你们	115942
求求 了	72463
求求你 别	600000
求求你 了	400000
汉子 的	511627
汉子 也	162790
汉子 了	139534
江南 四季如春	666666
江南 的	333333
江苏 卫视	500000
江苏 的	333333
江苏 人	166666
汤圆 吃	500000
汤圆 的	272727
汤圆 了	227272
沈阳 的	705882
沈阳 了	294117
沉默 了	666666
沉默 的	333333
没 人	53150
没 办法	30786
没 见	29900
没 看	29801
没 了	27929
没 钱	27781
没 问题	25269
没 看到	25072
没中 过奖	535714
没买 到	500000
没买 呢	100000
没买 东西	55555
没买 的	55555
没了 我	285714
没了 吧	200000
没了 吗	171428
没了 你	142857
没事 没事	192799
没事 的	186991
没事 了	119628
没事 就	96399
没事 吧	73170
没事 我	66202
没事 做	51103
没事 你	37166
没事儿 就	285714
没事儿 了	238095
没事儿 吧	238095
没事儿 没事儿	238095
没事就 好	869565
没事就 去	130434
没事的 时候	1000000
没人 要	133898
没人 反驳	98305
没人 给	47457
没人 爱	38983
没人 说	38983
没人 看	37288
没人 知道	37288
没人 跟	35593
没人反对 吧	1000000
没人反驳 吧	1000000
没人理 你	631578
没人理 我	368421
没人给 我	736842
没人给 你	263157
没人要 了	233333
没人要 吗	200000
没人要 我	200000
没人要 的	166666
没人跟 我	619047
没人跟 你	380952
没什么 好	147651
没什么 用	93959
没什么 事	87248
没什么 感觉	63758
没什么 人	53691
没什么 可	46979
没什么 不好	43624
没什么 大不了	43624
没你 的	250000
没你 那么	237500
没你 好看	150000
没你 可爱	87500
没你 大	75000
没你 早	75000
没你 这么	62500
没你 高	62500
没信号 的	1000000
没信号的 我	1000000
没做 完	386363
没做 什么	159090
没做 的	113636
没关注 我	413793
没关注 你	379310
没关系 的	423913
没关系 你	184782
没关系 我	119565
没关系 吧	86956
没关系 反正	54347
没兴趣 了	666666
没兴趣 的	333333
没写 完	760000
没准备 好	1000000
没几个 人	1000000
没几天 就	571428
没几天 了	428571
没到 呢	384615
没到 家	184615
没到 你	76923
没到 我	76923
没到 时间	76923
没到 那个	76923
没办法 了	420634
没办法 的	134920
没办法 我	95238
没去 看	164179
没去 成	156716
没去 了	149253
没去 上课	104477
没去 吃	97014
没去 呢	67164
没去 上班	44776
没去过 呢	571428
没去过 的	250000
没去过 重庆	178571
没反应 过来	1000000
没发 了	277777
没发现 我	416666
没发现 你	270833
没发现 有	145833
没叫 你	571428
没叫 我	428571
没吃 到	255813
没吃 完	174418
没吃 了	116279
没吃 的	81395
没吃 早餐	58139
没吃 好	52325
没吃 东西	46511
没听 你	97345
没听 出来	61946
没告诉 我	652173
没告诉 你	347826
没和 你	447368
没和 我	394736
没和 他	157894
没回 我	750000
没回 学校	250000
没回去 呢	411764
没回去 了	294117
没回家 了	268292
没回家 吗	243902
没回家 呢	170731
没回家 的	121951
没回来 吗	322580
没回来 呢	225806
没回来 了	161290
没在 一起	354838
没在 怕	258064
没在 学校	225806
没在 我	161290
没地方 住	360000
没地方 去	360000
没地方 放	280000
没多 大	1000000
没好 呢	238095
没定 呢	1000000
没希望 了	1000000
没带 我	333333
没带 手机	259259
没带 眼镜	222222
没带 钱	185185
没开 的	368421
没开 空调	263157
没开始 呢	388888
没开始 就	333333
没开始 看	277777
没得 吃	185483
没得 问题	104838
没得 事	96774
没得 了	80645
没得 你	80645
没得 钱	64516
没得 我	56451
没心没肺 的	1000000
没必要 去	388888
没必要 这样	333333
没必要 那么	277777
没怎么 变	207547
没怎么 用	150943
没怎么 看	132075
没怎么 吃	113207
没怎么 听	113207
没怎么 在	94339
没怎么 见	94339
没想 好	476190
没想 起来	114285
没想 明白	66666
没想到 你	429824
没想到 这么	140350
没想到 我	105263
没想到 是	96491
没想到 今天	70175
没想到 会	61403
没想到 这个	43859
没想到你 居然	352941
没想到你 还	352941
没想到你 也	294117
没意思 了	722222
没感觉 到	645161
没感觉 了	193548
没戏 了	1000000
没我 的	612903
没我 高	225806
没我 在	161290
没打 完	315789
没找 我	483870
没找 着	322580
没找 你	193548
没找到 你	421052
没找到 呢	315789
没找到 工作	263157
没把 你	636363
没把 我	363636
没收 到	897959
没收 了	102040
没文化 真	576923
没文化 的	423076
没文化真 可怕	1000000
没时间 去	385416
没时间 了	197916
没时间 看	187500
没时间 的	83333
没有 问题	100
没有 关系	90
没有 收到	80
没有 找到	70
没有一个 人	1000000
没有了 吧	500000
没有了 我	500000
没有人 反对	173913
没有人 会	159420
没有人 黑	144927
没有人 能	101449
没有人 一起	86956
没有人 可以	86956
没有人 的	86956
没有人 知道	86956
没有什么 是	261904
没有什么 事	190476
没有什么 用	166666
没有什么 比	142857
没有什么 关系	119047
没有什么 好	119047
没有任何 要求	461538
没有任何 问题	307692
没有任何 立场	230769
没有你 的	454545
没有你 想	127272
没有你 那么	127272
没有你 了	109090
没有你 美	90909
没有你 说	90909
没有吃 的	162162
没有吃 到	135135
没有喜欢 的	1000000
没有喜欢的 人	1000000
没有在 一起	1000000
没有城管 城市	1000000
没有城管城市 还	1000000
没有我 的	625000
没有我 你	125000
没有我 在	125000
没有我 还	125000
没有然后 了	1000000
没有爱 了	687500
没有用 的	384615
没有的 事	1000000
没有看 出来	500000
没有看 完	500000
没有看到 你	576923
没有看到 我	423076
没有给 我	633333
没有给 你	366666
没有说 你	473684
没有那么 多	1000000
没机会 了	860465
没机会 去	139534
没来 吗	156250
没来 就	156250
没来 找	156250
没毛病 了	217391
没法 比	163265
没法 接	132653
没法 看	132653
没法 出门	71428
没法 了	61224
没法 去	61224
没法 吃	61224
没注意 到	630434
没注意 看	152173
没洗 了	357142
没爱 了	500000
没用 的	432835
没用 了	246268
没用 完	74626
没用 我	59701
没电 了	1000000
没看 出来	390041
没看 完	174273
没看 我	95435
没看 呢	78838
没看 你	70539
没看 了	53941
没看 明白	37344
没看出来 是	533333
没看出来 你	466666
没看到 你	500000
没看到 我	200000
没看到 呢	60000
没看到 有	40000
没看到 这	40000
没看到 什么	33333
没看见 你	518072
没看见 我	180722
没看见 吗	72289
没看过 你	400000
没看过 的	350000
没看过 了	250000
没空 去	500000
没空 了	250000
没穿 裤子	741935
没穿 秋裤	258064
没素质 的	642857
没素质 了	357142
没结婚 的	571428
没结婚 呢	428571
没给 我	527472
没给 你	417582
没给 她	54945
没见 你	188866
没见 了	55666
没见 我	35785
没见 着	27833
没见 他	9940
没见 的	9940
没见到 你	675675
没见到 我	189189
没见过 你	411764
没见过 这么	117647
没见过 我	107843
没见过 呢	98039
没见过 的	88235
没见过 了	58823
没见过 吧	49019
没让 你	718750
没让 我	281250
没说 你	250000
没说 我	119047
没说 要	71428
没说 是	65476
没说 什么	59523
没说 清楚	47619
没谁 了	1000000
没跟 我	600000
没跟 你	400000
没过 的	450000
没过 完	250000
没这么 多	272727
没这么 快	272727
没这么 说	227272
没这么 高	227272
没遇到 你	172413
没遇到 对	172413
没那么 多	233576
没那么 好	131386
没那么 喜欢	116788
没那么 大	94890
没那么 夸张	94890
没那么 快	87591
没那么 容易	80291
没那么 简单	80291
没钱 了	276595
没钱 没	127659
没钱 的	117021
没钱 就	101063
没钱 吃饭	69148
没钱 还	47872
没钱 去	42553
没钱没 钱	600000
没钱没 时间	400000
没错 了	237442
没错 没错	232876
没错 我	105022
没错 就是	77625
没错 的	77625
没错 是	59360
没错 吧	41095
没问 我	409090
没问 你	318181
没问题 的	524390
没问题 了	109756
没问题 吧	97560
没问题 我	60975
河南 的	687500
河南 也	156250
河南 郑州	156250
河里 了	642857
河里 的	357142
治愈 系	324324
治愈 了	243243
治愈 的	162162
治愈 一切	135135
治愈 我	135135
治疗 了	476190
治疗 失眠	285714
治疗 的	238095
泡汤 了	1000000
泡面 了	228571
泡面 的	200000
泡面 吃	142857
泡面 吗	142857
泡面 吧	142857
泡面 和	142857
注定 了	343750
注定 是	250000
注定 要	218750
注定 孤独	187500
注意 身体	313620
注意 保暖	121863
注意 休息	94982
注意 到	85125
注意 点	63620
注意 的	32258
注意 你	31362
注意 了	30465
注意你 的	1000000
注意到 了	666666
注意到 你	166666
注意到 我	166666
泰国 的	535714
泰国 了	250000
洋气 的	697674
洋气 了	186046
洗头 了	365853
洗头 的	268292
洗头 吗	243902
洗头 不	121951
洗完 头	361111
洗完 脸	277777
洗完 了	222222
洗完 衣服	138888
洗澡 的	322580
洗澡 了	185483
洗澡 吗	88709
洗澡 去	80645
洗澡 那么	72580
洗澡 都	72580
洗澡 后	48387
洗澡 洗头	48387
洗脑 了	1000000
洛阳 了	500000
洛阳 的	500000
活动 吗	156862
活动 了	137254
活动 的	137254
活动 都	84967
活动 活动	78431
活动 就	65359
活动 我	65359
活泼 的	625000
活泼 了	375000
活着 的	166666
活着 就	141666
活着 回来	116666
活着 呢	75000
活着 就是	75000
活着 吗	66666
活着 吧	66666
活该 你	592592
活该 单身	222222
活该 被	185185
活跃 的	571428
活跃 了	428571
活过来 了	1000000
派 来	465116
派 的	255813
派 你	162790
派 我	116279
流口水 了	1000000
流泪 了	500000
流泪 的	500000
流量 珍惜	296296
流量 了	160493
流量 的	160493
流量 之	98765
流量 上	74074
流量 明星	74074
流量 看	61728
测试 已经	100
测试 完成	90
测试 结果	80
测试 通过	70
济南 的	479166
济南 了	291666
济南 吧	125000
浑身 难受	476190
浑身 都	285714
浑身 不	238095
浙江 卫视	692307
浙江 的	307692
浪漫 的	671641
浪漫 了	194029
浪费 了	336492
浪费 这些	165876
浪费 我	123222
浪费 钱	85308
浪费 生命	56872
浪费 的	47393
浪费 你	33175
浪费这些 照片	1000000
浮夸 的	631578
浮夸 了	368421
海南 的	413793
海南 了	241379
海南 人	172413
海绵 宝宝	1000000
海边 的	785714
海边 了	214285
消化 了	705882
消化 的	294117
消失 了	681159
消失 的	231884
消失 在	86956
消息 已经	100
消息 收到	90
消息 通知	80
消息 记录	70
涨价 了	1000000
淑女 这么	413793
淑女 的	310344
淑女 了	275862
淘汰 了	687500
淘汰 的	312500
深 了	309734
深 的	292035
深 大	97345
深 得	79646
深 有	44247
深 都	44247
深刻 的	871794
深刻 体会	128205
深圳 的	240506
深圳 了	227848
深圳 找	75949
深圳 吗	69620
深圳 呢	56962
深圳 吧	44303
深圳 有	44303
深夜 放毒	459770
深夜 食堂	172413
深夜 发	103448
深夜 的	80459
深夜 诱惑	68965
深夜 拉	57471
深夜 痛哭	57471
深奥 的	642857
深奥 了	357142
深度 的	666666
深度 睡眠	333333
深情 的	476190
深情 永不	285714
深情 地	238095
深深 的	780487
深深 我	85365
深深 雨蒙蒙	73170
深深 吃饭	60975
混乱 的	571428
混乱 了	428571
清 了	538461
清 的	205128
清 你	128205
清 吧	128205
清新 的	531914
清新 脱俗	276595
清新 了	191489
清楚 了	258064
清楚 的	180645
清楚 呢	70967
清楚 我	64516
清楚 自己	51612
清楚 再	45161
清楚 吧	38709
清淡 的	567567
清淡 点	243243
清淡 了	189189
清醒 了	349206
清醒 的	285714
清醒 一点	269841
清醒 点	95238
温差 大	750000
温差 太	250000
温度 了	187500
温度 高	187500
温度 低	156250
温度 太	156250
温度 怎么样	156250
温度 还	156250
温暖 的	659420
温暖 了	130434
温暖 你	94202
温暖 如初	43478
温暖 和	36231
温暖 我	36231
温暖的 人	411764
温暖的 家	294117
温暖的 怀抱	294117
温柔 的	480519
温柔 了	103896
温柔 点	84415
温柔 对待	71428
温柔 以待	64935
温柔 一点	51948
温柔 吗	51948
温馨 的	736842
游戏 的	167664
游戏 了	101796
游戏 里	101796
游戏 是	83832
游戏 都	65868
游戏 我	53892
游戏 体验	41916
游泳 了	289156
游泳 的	192771
游泳 去	96385
游泳 吧	84337
游泳 吗	72289
游泳 健身	60240
游说 我	1000000
湖 人	689655
湖 大	310344
湖北 的	700000
湖北 人	300000
湖畔 的	1000000
溜达 溜达	480769
溜达 了	346153
溜达 一圈	173076
滋润 的	377777
滋润 了	288888
满屏 的	700000
满屏 都	300000
满意 的	442307
满意 了	307692
满意 吗	250000
满满 都	400000
满满的 一天	270270
满满的 都	270270
满满的 回忆	189189
满满的 正	135135
满满的 祝福	135135
满脑子 都	1000000
满脑子都 是	1000000
满血 复活	1000000
满足 你	316546
满足 了	287769
满足 的	115107
满足 我	93525
满足 不了	50359
满足 吧	43165
满足 自己	43165
滤镜 的	413793
滤镜 了	206896
滤镜 吗	206896
滤镜 就	172413
漂亮 的	429616
漂亮 了	155393
漂亮 吗	32906
漂亮 我	27422
漂亮 姐姐	21937
漂亮 多	18281
漂亮 呢	16453
漂亮的 妹子	259259
漂亮的 女	185185
漂亮的 姐姐	185185
漂亮的 字	185185
演出 的	705882
演出 来	294117
演员 的	383333
演员 都	183333
演员 了	150000
演员 演技	100000
演员 类	100000
演员 和	83333
演唱会 了	234042
演唱会 要	156028
演唱会 的	141843
演唱会 门票	63829
演唱会 你	56737
演唱会 我	56737
演唱会 吗	49645
演唱会了 我	1000000
演唱会了我 可以	1000000
演技 好	181102
演技 真的	102362
演技 的	86614
演技 也	70866
演技 还是	70866
演技 都	62992
演技 不好	55118
演技 在线	55118
漫画 的	387096
漫画 里	290322
漫画 了	161290
漫长 的	1000000
潇洒 了	358974
潇洒 的	307692
潇洒 呢	64102
潘玮柏 我	588235
潘玮柏 的	411764
潮汕 话	625000
潮汕 的	375000
澡堂子 爆满	818181
澡堂子 洗澡	181818
激动 的	311627
激动 了	274418
激动 死	69767
激动 呢	51162
激动 得	46511
激动 到	32558
激动 就	32558
火车 上	619834
火车 了	107438
火车 去	66115
火车 的	57851
火车 就	41322
火车 晚点	41322
火锅 的	134020
火锅 吧	103092
火锅 吃	92783
火锅 吗	72164
火锅 好	72164
火锅 是	72164
火锅 都	72164
火锅 了	61855
火鸡 面	1000000
灰色 的	1000000
灵魂 的	464285
灵魂 伴侣	178571
灵魂 摆渡	178571
灵魂 歌手	178571
灿烂 的	1000000
炫耀 一下	500000
炫耀 的	500000
点 了	92028
点 的	72637
点 就	38781
点 个	38473
点 多	36011
点 吧	35087
点 好	31394
点了 吗	303797
点了 个	215189
点了 么	164556
点了 没	151898
点了 我	88607
点了 还	75949
点什么 好	428571
点什么 呢	333333
点什么 吗	238095
点儿 了	289473
点儿 吧	236842
点儿 好	184210
点儿 都	157894
点儿 就	131578
点别的 什么	1000000
点吃 的	1000000
点名 了	791666
点名 的	208333
点多 就	484848
点多 了	333333
点多 才	181818
点好 的	750000
点好吃 的	1000000
点就 好	807692
点就好 了	1000000
点开 看	600000
点开 大	400000
点心 吧	1000000
点我 就	368421
点我 也	315789
点我 都	315789
点的 地方	384615
点的 外卖	230769
点的 时候	192307
点的 照片	192307
点给 我	615384
点给 你	384615
点还 不	375000
点还 在	312500
点还 没	312500
点都 不	705882
点都 没	294117
烦恼 的	368421
烦恼 了	315789
烦恼 都	157894
烦死 了	879629
烦死 我	74074
烦死 你	46296
烦躁 的	571428
烧烤 的	379310
烧烤 了	344827
热 的	208839
热 了	205524
热 死	137016
热 吗	57458
热 不	44198
热 到	34254
热 得	26519
热不 热	1000000
热巴 的	375000
热巴 是	312500
热巴 老师	312500
热情 的	548387
热情 了	451612
热死 了	700000
热死 人	144444
热死 你	100000
热死 我	55555
热水 了	350000
热水 的	350000
热爱 的	400000
热爱 演戏	350000
热爱 音乐	250000
热的 天	489361
热的 时候	234042
热的 睡不着	127659
热门 了	687500
热门 第一	312500
热闹 的	428571
热闹 了	357142
然后 再	100
然后 我们	90
然后 可以	80
然后 检查	70
然后你 就	681818
然后你 有	159090
然后你 的	159090
然后再 去	642857
然后再 看	357142
然后就 没有	261904
然后就 没	214285
然后就 被	190476
然后就 一直	166666
然后就 会	166666
然后我 就	595238
然后我 也	119047
然后我 说	107142
然后我 到	59523
然后我 在	59523
然后我 还	59523
然而 我	470802
然而 并	186131
然而 你	160583
然而 现在	51094
然而 还是	36496
然而 还	29197
然而 我们	25547
然而 他	21897
然而并 没有	738095
然而并 不是	142857
然而并 不	119047
然而我 还	228571
然而我 并	171428
然而我 是	171428
然而我 不	142857
然而我 在	142857
然而我 的	142857
照片 了	86956
照片 都	86956
照片 里	63858
照片 的	57065
照片 是	51630
照片 就	42119
照片 我	40760
照片 给	39402
照片给 我	650000
照片给 你	350000
照片都 是	1000000
照片里 的	1000000
照相 的	600000
照相 了	233333
照相 技术	166666
照顾 好	536821
照顾 自己	253875
照顾 你	46511
照顾 我	40697
照顾 的	23255
照顾 他	15503
照顾 下	13565
照顾 她	11627
照顾好 自己	979591
照顾好 你	20408
照顾好自己 吧	192307
照顾自己 的	315789
熊猫 了	444444
熊猫 吗	277777
熊猫 是	277777
熟悉 的	829787
熟悉 了	85106
熟悉的 面孔	450000
熟悉的 人	300000
熟悉的 味道	250000
熬夜 了	273195
熬夜 的	159793
熬夜 不好	61855
熬夜 看	61855
熬夜 就	56701
熬夜 对	46391
熬夜 伤身	41237
熬过 这	684210
熬过 了	315789
熬过去 了	375000
熬过去 的	333333
熬过去 就	291666
爆炸 了	821428
爆炸 吧	178571
爆粗 口	1000000
爬山 了	666666
爬山 的	333333
爱 你	326624
爱 我	107674
爱 的	93110
爱 吃	64146
爱 上	47782
爱 了	35018
爱 他	22091
爱 自己	15873
爱一个 人	1000000
爱上 了	442708
爱上 我	328125
爱上 他	67708
爱上 一个	62500
爱上 的	36458
爱上 谁	36458
爱上 别人	26041
爱上我 了	687500
爱上我 的	312500
爱不 起	518518
爱不 完	481481
爱不爱 我	625000
爱不爱 你	375000
爱他 的	571428
爱他 了	428571
爱你 的	371335
爱你 爱	174267
爱你 了	151465
爱你 么	55374
爱你 我	32573
爱你 一万年	29315
爱你 你	27687
爱你么 么	1000000
爱你爱 你	1000000
爱你的 人	633333
爱你的 形状	311111
爱你的 你	55555
爱吃 的	566666
爱吃 东西	66666
爱吃 这个	66666
爱吃 什么	55555
爱吃 榴莲	55555
爱吃 这些	55555
爱吃 香菜	55555
爱国 和	192660
爱国 富强	183486
爱国 或	100917
爱国 可以	82568
爱国 吗	64220
爱国 敬业	64220
爱国 友善	55045
爱国 和谐	55045
爱国和 富强	352941
爱国和 敬业	352941
爱国和 友善	294117
爱很 爱	1000000
爱心 的	1000000
爱情 的	223214
爱情 了	129464
爱情 是	111607
爱情 不是	53571
爱情 也	49107
爱情 公寓	44642
爱情 不	35714
爱惜 自己	625000
爱惜 身体	375000
爱我 了	397260
爱我 的	263698
爱我 就	68493
爱我 你	51369
爱我 么	44520
爱我 吧	34246
爱我 不	27397
爱我 可是	27397
爱我的 人	705882
爱我的 你	294117
爱死 你	675000
爱死 了	325000
爱死你 了	1000000
爱的 人	508695
爱的 是	100000
爱的 深沉	73913
爱的 那个	52173
爱的 太	43478
爱的 两个	34782
爱的 你	30434
爱的 供养	30434
爱看 你	562500
爱看 的	437500
爱着 你	761904
爱着 的	238095
爱笑 的	1000000
爱而 不得	1000000
爱过 我	392857
爱过 你	357142
爱过 的	250000
父母 的	280991
父母 也	123966
父母 不	90909
父母 都	90909
父母 在	82644
父母 给	74380
父母 不是	49586
父母 了	41322
父爱 如	1000000
父爱如 山	1000000
爷们 真	1000000
爷爷 家	625000
爷爷 的	375000
爸妈 说	170454
爸妈 都	170454
爸妈 也	147727
爸妈 不	125000
爸妈 去	102272
爸妈 在	79545
爸妈 知道	79545
爸妈 来	68181
版本 已经	100
版本 更新	90
版本 发布	80
版本 信息	70
牌子 的	746376
牌子 吗	72463
牌子 都	57971
牌子 了	36231
牙齿 好	333333
牙齿 不好	250000
牙齿 是	208333
牙齿 都	208333
牛奶 也	250000
牛奶 和	250000
牛奶 的	250000
物流 已经	100
物流 安排	90
物流 信息	80
物流 状态	70
物质 的	571428
物质 上	428571
特别 注意	100
特别 适合	90
特别 需要	80
特别 感谢	70
特别喜欢 你	413793
特别喜欢 吃	155172
特别喜欢 他	120689
特别喜欢 那个	120689
特别喜欢 的	103448
特别喜欢 她	86206
特别喜欢你 你	642857
特别喜欢你 的	357142
特别好 的	620689
特别好 用	379310
特别想 吃	285714
特别想 去	228571
特别想 你	200000
特别想 看	142857
特别想 问	142857
特别美 加油	1000000
特意 去	428571
特意 买	333333
特意 看	238095
特殊 的	392857
特殊 情况	250000
特殊 时期	160714
特殊 服务	107142
特殊 日子	89285
特色 的	1000000
牺牲 了	466666
牺牲 自己	300000
牺牲 的	233333
犀利 的	280000
犀利 了	240000
犒劳 自己	409090
犒劳 你	363636
犒劳 一下	227272
状态 已经	100
状态 正常	90
状态 显示	80
状态 更新	70
犹豫 了	625000
犹豫 要	375000
狗子 你	303030
狗子 了	242424
狗子 是	242424
狗子 的	212121
狗狗 的	204545
狗狗 好	147727
狗狗 也	113636
狗狗 是	113636
狗狗 了	90909
狗狗 都	90909
狗狗 吗	68181
狗狗 叫	56818
狠狠 的	636363
狠狠 地	363636
独一无二 的	1000000
独特 的	1000000
猜猜 我	1000000
猝死 了	600000
猝死 吧	400000
猥琐 的	475409
猥琐 了	229508
猥琐 发育	163934
猥琐 大叔	131147
猪猪 女孩	1000000
王 总	269841
王 的	253968
王 是	174603
王 老	126984
王 瑞昌	95238
王 还	79365
王者 荣耀	635036
王者 农药	109489
王者 的	94890
王者 了	87591
王者 峡谷	36496
王者 归来	36496
玩儿 的	341176
玩儿 了	247058
玩儿 去	105882
玩儿 吧	94117
玩游戏 的	377777
玩游戏 了	288888
玩游戏 吧	111111
玩游戏 都	111111
玩玩 吧	434782
玩玩 的	347826
玩玩 就	217391
玩笑 而已	421052
玩笑 开	315789
玩笑 的	263157
玩耍 了	674698
玩耍 吗	108433
玩耍 吧	84337
玩耍 的	60240
环境 好	311475
环境 下	196721
环境 不错	147540
环境 太	131147
环境 不同	98360
现在 可以	100
现在 开始	90
现在 需要	80
现在 已经	70
现在不 知道	411764
现在不 在	392156
现在不 喜欢	98039
现在不 都	98039
现在也 是	335766
现在也 没	160583
现在也 在	131386
现在也 不	124087
现在也 可以	58394
现在也 喜欢	58394
现在也 就	43795
现在做 什么	529411
现在做 的	470588
现在又 有	285714
现在又 在	238095
现在又 开始	238095
现在又 要	238095
现在发 网上	1000000
现在发网上 事情	1000000
现在只 想	1000000
现在在 哪	346938
现在在 哪里	173469
现在在 吃	61224
现在在 哪儿	56122
现在在 看	56122
现在在 做	51020
现在在 学校	45918
现在在 北京	40816
现在在哪 呢	571428
现在在哪 上班	428571
现在好 了	490909
现在好 点	290909
现在好 想	218181
现在好多 了	1000000
现在就 在	350427
现在就 想	188034
现在就 去	145299
现在就 开始	94017
现在就 可以	51282
现在就 有	51282
现在就 不	42735
现在已经 是	277777
现在已经 在	240740
现在已经 不	185185
现在已经 好	111111
现在已经 开始	92592
现在已经 没有	92592
现在想 起来	444444
现在想 吃	277777
现在想 看	277777
现在我 也	183333
现在我 的	166666
现在我 都	166666
现在我 是	150000
现在我 还	133333
现在我 已经	116666
现在我 在	83333
现在才 知道	322916
现在才 看到	239583
现在才 发现	145833
现在才 开始	72916
现在才 下班	62500
现在才 回	52083
现在才 看	52083
现在才 起床	52083
现在是 在	220588
现在是 什么	147058
现在是 我	132352
现在是 有	102941
现在是 个	88235
现在是 流量	88235
现在是 他	73529
现在是 做	73529
现在正在 吃	1000000
现在没 看	258064
现在没 在	225806
现在没 了	193548
现在没 人	161290
现在没 钱	161290
现在用 的	1000000
现在的 我	193181
现在的 你	187500
现在的 生活	119318
现在的 人	96590
现在的 状态	85227
现在的 所有	73863
现在的 心情	56818
现在的 年轻人	45454
现在知道 了	1000000
现在还 没	349295
现在还 在	323943
现在还 没有	92957
现在还 不	84507
现在还 能	45070
现在还 不能	25352
现在还 可以	16901
现在还有 吗	375000
现在还有 人	312500
现在还有 谁家	312500
现在都 是	209205
现在都 没	192468
现在都 不	163179
现在都 不敢	92050
现在都 没有	71129
现在都 在	66945
现在都 还	58577
现在都 要	29288
现场 的	361904
现场 吗	180952
现场 了	114285
现场 买	95238
现场 看	95238
现场 有	57142
现场 见	47619
现实 的	296774
现实 中	270967
现实 就是	64516
现实 是	64516
现实 了	58064
现实 吧	51612
现实 点	51612
现实生活 中	1000000
现成 的	1000000
玻璃 上	642857
玻璃 的	357142
珍惜 你	103585
珍惜 流量	95617
珍惜 现在	95617
珍惜 吧	91633
珍惜 的	87649
珍惜 我	79681
珍惜 眼前	67729
珍惜 当下	51792
珍惜流量 珍惜	1000000
珍爱 生命	1000000
珍贵 的	1000000
珍贵的 回忆	891304
珍贵的 东西	108695
珍贵的回忆 感谢	1000000
珠海 的	578947
珠海 了	421052
班长 你	533333
班长 的	466666
球迷 的	687500
理想 的	474576
理想 是	186440
理想 型	118644
理想 和	84745
理智 的	738095
理智 追星	142857
理智 一点	119047
理由 吗	169811
理由 是	169811
理由 的	169811
理由 不	150943
理由 我	132075
理由 了	113207
理解 的	188365
理解 你	185595
理解 了	85872
理解 我	80332
理解 不了	72022
理解 为	58171
理解 成	38781
理解 理解	38781
理解你 的	1000000
理论 上	750000
理论 结合	250000
瑟瑟 发抖	1000000
甚 是	623188
甚 好	289855
甚 了	86956
甚是 想念	1000000
甚至 会	433962
甚至 是	132075
甚至 还	113207
甚至 连	113207
甚至 都	113207
甚至 不	94339
甜蜜 的	720930
甜蜜 了	162790
生 快	261798
生 了	108637
生 孩子	93499
生 的	90828
生 个	69456
生 一个	42742
生 完	37399
生 无可	28495
生个 孩子	555555
生个 女儿	444444
生了 孩子	642857
生了 吗	357142
生产 已经	100
生产 安排	90
生产 开始	80
生产 完成	70
生命 的	298969
生命 中	144329
生命 在	144329
生命 在于	103092
生命 里	103092
生命 都	92783
生命 也	61855
生命 远离	51546
生孩子 的	709677
生孩子 了	290322
生完 孩子	523809
生完 宝宝	476190
生快 生	735849
生快生 快	1000000
生日 了	190635
生日 的	120401
生日 吗	93645
生日 呢	73578
生日 祝福	73578
生日 是	66889
生日 都	53511
生日 我	46822
生日快乐 我	85365
生日快乐 小	73170
生日快乐 吧	52845
生日快乐 生日快乐	52845
生日快乐 么	36585
生日快乐 了	36585
生日快乐 你	36585
生来 好动	1000000
生气 了	481481
生气 的	162037
生气 不	60185
生气 就	50925
生气 你	32407
生气 呢	32407
生气 气	32407
生活 的	121904
生活 好	47619
生活 了	45714
生活 中	44761
生活 在	41904
生活 就是	34285
生活 就	26666
生活中 的	1000000
生活就 好	562500
生活就 会	437500
生活的 人	304347
生活的 地方	260869
生活的 全部	217391
生活还是 要	642857
生病 了	803797
生病 的	113924
生病 都	31645
生病了 吗	600000
生长 的	285714
生长 了	238095
生长 吧	238095
生长 得	238095
用 的	211370
用 了	121381
用 什么	42553
用 吗	41506
用 你	27903
用 我	27903
用 完	25810
用了 一年	333333
用了 什么	250000
用了 一次	208333
用了 多久	208333
用你 的	1000000
用完 了	1000000
用心 的	540229
用心 了	172413
用心 去	80459
用心 感受	80459
用心 做	68965
用心 把	57471
用心的 我	1000000
用我 的	1000000
用来 睡觉	600000
用来 做	400000
用的 是	282722
用的 什么	246073
用的 手机	73298
用的 好	68062
用的 就是	62827
用的 时候	47120
用的 红糖	31413
用的 这个	31413
用自己 的	1000000
由 心	352941
由 我	264705
由 来	205882
由 你	176470
申请 了	531250
申请 的	468750
电 了	504273
电 的	111111
电 也	68376
电 都	68376
电 是	59829
电 蚊香	59829
电 你	42735
电 吗	42735
电影 的	139072
电影 了	132450
电影 都	59602
电影 吗	50772
电影 里	46357
电影 看	41942
电影 不	37527
电影院 看	675675
电影院 的	189189
电影院 都	135135
电脑 已经	100
电脑 打开	90
电脑 设置	80
电脑 正常	70
电视 上	353535
电视 看	161616
电视 里	111111
电视 都	80808
电视 有	70707
电视 的	70707
电视 了	50505
电视上 看到	571428
电视上 看	428571
电视剧 里	208333
电视剧 了	180555
电视剧 的	152777
电视剧 也	97222
电视剧 我	97222
电视剧 都	83333
电视剧 里面	69444
电话 联系	100
电话 确认	90
电话 号码	80
电话 会议	70
男人 的	180722
男人 都	115662
男人 了	74698
男人 和	60240
男人 是	57831
男人 不	40963
男人 就	36144
男人和 前任	1000000
男人都 是	1000000
男友 力	645161
男友 的	193548
男友 带	161290
男女 主	363636
男女 主角	242424
男女 都	212121
男女 不	181818
男孩 了	542857
男孩 女孩	314285
男孩 的	142857
男孩子 都	388888
男孩子 的	333333
男孩子 了	277777
男朋友 了	130952
男朋友 的	125850
男朋友 吗	62925
男朋友 是	59523
男朋友 在	44217
男朋友 都	39115
男朋友 也	34013
男朋友了 吗	1000000
男生 都	165467
男生 的	140287
男生 吗	75539
男生 不	46762
男生 会	43165
男生 是	43165
男生 真的	43165
男生都 是	363636
男生都 不	318181
男生都 喜欢	318181
画画 的	636363
画画 了	181818
画画 吗	181818
画面 太	560000
画面 就	240000
画面 了	200000
界面 已经	100
界面 显示	90
界面 打开	80
界面 设置	70
留下 的	500000
留下 了	312500
留下 你	187500
留意 一下	636363
留意 下	363636
留点 面子	666666
留点 口	333333
留给 我	402777
留给 你	375000
留给 大家	125000
留给 自己	97222
留言 了	714285
留言 的	285714
番茄 炒蛋	352941
番茄 鸡蛋	352941
番茄 的	294117
疯狂 的	285714
疯狂 打	277310
疯狂 为	184873
疯狂 打电话	168067
疯狂 了	42016
疯狂 爱	42016
疯狂为 你	1000000
疯狂为你 打	1000000
痘痘 了	285714
痘痘 好	250000
痘痘 的	250000
痘痘 都	214285
痛苦 的	470930
痛苦 了	290697
痛苦 地	63953
痛苦 你	29069
痛苦 吗	29069
痛苦 死	29069
瘦下来 的	562500
瘦下来 了	437500
瘦成 一道	727272
瘦成 这样	272727
瘦成一道 闪电	1000000
瘦成一道闪电 的	1000000
白 的	248945
白 了	164556
白 又	48523
白 貌美	37974
白 衣服	31645
白 是	27426
白 不	23206
白夜 追凶	516129
白天 不	122807
白天 的	122807
白天 都	105263
白天 也	96491
白天 就	87719
白天 有	78947
白天 去	70175
白天 没	70175
白色 的	810526
白色 衣服	73684
白色 恋人	63157
白色 是	52631
百度 一下	287878
百度 了	204545
百度 下	113636
百度 的	106060
百度 地图	83333
百度 百科	75757
百度 上	53030
百度 去	37878
的 人	50686
的 时候	39982
的 是	25900
的 我	22147
的 好	14933
的 吗	13576
的 都	12688
的一 比	666666
的一 看	333333
的一个 人	684210
的一个 小	140350
的一个 大	87719
的一个 活动	87719
的一件 事	791666
的一件 事情	208333
的一句 话	1000000
的一天 又	285714
的一天 开始	250000
的一天 新	250000
的一天 了	214285
的一定 要	600000
的一定 是	400000
的一年 里	333333
的一年 要	259259
的一年 新	222222
的一年 也	185185
的一手 好	1000000
的一点 都	1000000
的不 一样	109467
的不 知道	91715
的不 多	88757
的不 对	88757
的不 去	76923
的不 来	62130
的不 睡觉	53254
的不 开心	47337
的不是 我	358974
的不是 你	192307
的不是 一个	102564
的不是 下雨天	89743
的不是 人	64102
的不是 吗	64102
的不行 了	767441
的不行 不行	116279
的不要 不要	862745
的不要 太	137254
的不错 吧	300000
的世界 里	350000
的世界 不	200000
的世界 我	200000
的世界 你	125000
的东西 都	257261
的东西 了	112033
的东西 不	58091
的东西 太	53941
的东西 就	53941
的东西 我	53941
的东西 也	49792
的两个 人	730769
的两个 人儿	269230
的为什么 是	708333
的为什么 要	291666
的为什么是 我	1000000
的么 么	1000000
的也 是	408817
的也 不	78156
的也 有	60120
的也 就	46092
的也 太	44088
的也 没	42084
的也 好看	32064
的也是 我	419354
的也是 你	354838
的书 都	256410
的书 了	153846
的书 我	153846
的书 是	128205
的书 还	128205
的了 吗	241935
的了 吧	193548
的了 你	161290
的了 我	129032
的了 么	96774
的了 那种	80645
的事 了	237547
的事 就	61302
的事 都	61302
的事 你	57471
的事 吧	57471
的事 就是	53639
的事 是	53639
的事儿 了	611111
的事情 了	136690
的事情 想	93525
的事情 你	79136
的事情 都	79136
的事情 出现	64748
的事情 发生	64748
的事情 就	64748
的事情 就是	57553
的五月天 哥哥	1000000
的五月天哥哥 们	1000000
的人 都	115463
的人 了	64329
的人 是	44948
的人 不	35051
的人 也	26804
的人 在	25154
的人 就	23505
的人不 多	666666
的人不 喜欢	333333
的人也 是	523809
的人也 会	238095
的人也 能	238095
的人以后 会	1000000
的人在 一起	1000000
的人多 了	807692
的人多 吗	192307
的人太 多	844444
的人太 少	155555
的人才 会	636363
的人才 能	204545
的人才 是	159090
的人是 你	313725
的人是 我	313725
的人是 谁	274509
的人是 不	98039
的人生 不	266666
的人生 就是	166666
的人生 是	166666
的人生 还有	166666
的人都 是	245033
的人都 有	112582
的人都 会	105960
的人都 没有	99337
的人都 不	92715
的人都 在	72847
的人都 能	72847
的人都 不会	46357
的什么 都	192307
的什么 时候	173076
的什么 牌子	134615
的什么 专业	96153
的什么 了	96153
的什么 工作	96153
的他 也	600000
的他 是	400000
的会 的	694444
的会 不会	152777
的会 是	83333
的会 有	69444
的低调 呢	1000000
的你 也	89795
的你 的	83673
的你 是	77551
的你 要	59183
的你 都	51020
的你 就	42857
的你 不	40816
的你 了	38775
的你也 是	666666
的你也 要	333333
的倒 是	1000000
的做 了	533333
的做 的	466666
的像 个	451612
的像 条	322580
的像 你	225806
的全 是	1000000
的减肥 呢	750000
的减肥 计划	250000
的到 了	294117
的到 的	294117
的前提 下	533333
的前提 是	466666
的动 次	391304
的动 图	347826
的动 吗	260869
的原因 吧	355932
的原因 吗	169491
的原因 是	135593
的原因 就是	118644
的原因 之一	84745
的去 了	722222
的去 上班	277777
的又 不是	444444
的又 是	370370
的又 不	185185
的只有 我	666666
的只有 你	333333
的可 人	472222
的可 真	361111
的可 多	166666
的可人 是	1000000
的可以 的	588235
的可以 去	205882
的可以 吗	205882
的可能 是	687500
的可能 会	312500
的吃 的	600000
的吃 了	275000
的吃 吃	125000
的同学 之后	444444
的同学 都	333333
的同学 们	222222
的名字 叫	276595
的名字 了	148936
的名字 就	148936
的名字 是	148936
的名字 都	148936
的吗 我	736842
的吗 你	263157
的吧 我	578947
的吧 你	421052
的告诉 你	781250
的告诉 我	218750
的味道 了	625000
的味道 就	375000
的和 你	730769
的和 我	269230
的啊 我	400000
的啊 你	333333
的啊 哈哈	155555
的回忆 感谢	1000000
的回忆感谢 永远	1000000
的在 一起	272727
的在 哪里	181818
的在 哪	127272
的在 等	109090
的在 说	109090
的在 这里	109090
的在 这	90909
的地方 都	125523
的地方 了	96234
的地方 是	75313
的地方 也	66945
的地方 就	62761
的地方 就是	62761
的地方 我	50209
的声音 了	500000
的声音 也	333333
的声音 你	166666
的多 了	451612
的多 的	274193
的多 好	193548
的多 吗	80645
的大 长	233644
的大 眼睛	196261
的大 脸	149532
的大 姐姐	74766
的大 宝贝	56074
的大 美	56074
的大 吗	46728
的大 实话	46728
的大家 今晚	590909
的大家 都	409090
的天 哪	263157
的天 你	157894
的天 我	122807
的天 这么	61403
的天 太	52631
的天 还	52631
的太 多	433333
的太 快	155555
的太 对	100000
的太 少	77777
的太 早	74074
的太 深	33333
的太 好	25925
的太 远	25925
的太多 了	1000000
的太对 了	1000000
的太快 了	739130
的太快 就	260869
的头像 是	486486
的头像 好	216216
的头像 和	162162
的头像 当然	135135
的头发 也	409090
的头发 都	318181
的头发 是	272727
的女 的	535714
的女 主	303571
的女 汉子	160714
的女人 在	533333
的女人 就是	466666
的女生 都	576923
的女生 在	230769
的女生 吗	192307
的好 的	342741
的好 吗	100806
的好 吧	77956
的好 朋友	73924
的好 么	49731
的好 早	41666
的好 快	40322
的好 有	33602
的好像 你	350877
的好像 我	263157
的好像 是	210526
的好像 也	87719
的好像 你们	87719
的好吃 的	833333
的好吃 吗	166666
的好多 了	625000
的好多 人	375000
的好好 的	1000000
的好有 道理	1000000
的好看 的	652173
的字 是	272727
的字 都	272727
的字 了	227272
的字 好	227272
的孩子 都	191176
的孩子 们	147058
的孩子 了	102941
的孩子 对付	102941
的孩子 是	88235
的孩子 也	73529
的孩子 有	73529
的对 的	413793
的对 不	163793
的对 吧	155172
的对 我	86206
的对 吗	51724
的对 她	43103
的对不 对	1000000
的小 哥哥	284482
的小 仙女	209770
的小 眼神	45977
的小 心脏	37356
的小 鲜肉	37356
的小 公举	28735
的小 美好	28735
的小伙伴 们	733333
的小伙伴 都	266666
的小心 心	1000000
的少 了	1000000
的少女 心	1000000
的就 好	239669
的就 不	90909
的就 会	66115
的就 没	61983
的就 晒干	49586
的就 不是	37190
的就 不会	33057
的就好 了	1000000
的就是 你	379679
的就是 我	171122
的就是 这个	85561
的就是 这	69518
的就是 不	58823
的就是 这种	58823
的就是 他	53475
的就是 这样	37433
的工作 是	256410
的工作 就是	179487
的工作 吗	153846
的工作 了	128205
的工作 好	128205
的差不多 了	1000000
的年纪 了	1000000
的应该 是	632653
的应该 都	142857
的应该 会	122448
的应该 也	102040
的开心 就	294117
的开心 点	235294
的开心 吗	176470
的开心 吧	147058
的很 好	288590
的很 对	124161
的很 有	114093
的很 开心	60402
的很 好看	36912
的很 厉害	30201
的很 呢	30201
的很有 道理	1000000
的微笑 感动	705882
的微笑 才	294117
的心 都	248322
的心 在	208053
的心 了	73825
的心 的	73825
的心 是	60402
的心 也	53691
的心 还	46979
的心在 我	611111
的心在 你	388888
的心情 了	312500
的心情 都	218750
的心情 吗	156250
的心情 就	156250
的心情 是	156250
的心都 有	1000000
的怎么 了	307692
的怎么 都	269230
的怎么 会	230769
的怎么 还	192307
的怎么样 了	684210
的情况 下	1000000
的想 吃	350000
的想 我	350000
的想 你	300000
的意义 是	625000
的意义 在	375000
的意思 是	704000
的意思 吗	64000
的意思 就是	64000
的意思 我	28000
的意思 么	24000
的意思 不是	20000
的意思 了	20000
的意思是 我	459459
的意思是 你	405405
的意思是 说	135135
的感觉 了	159340
的感觉 是	120879
的感觉 就是	82417
的感觉 也	76923
的感觉 好	65934
的感觉 吗	60439
的愿望 是	458333
的愿望 就是	333333
的愿望 都	208333
的我 都	126378
的我 也	105173
的我 就	45801
的我 的	43256
的我 不	40712
的我 是	28837
的我 还	28837
的我 但是	26293
的我也 不	309523
的我也 想	285714
的我也 会	166666
的我也 是	119047
的我也 要	119047
的我们 都	722222
的我们 是	277777
的我但是 是	1000000
的我都 不	161764
的我都 不想	161764
的我都 想	161764
的我都 不好意思	147058
的我都 喜欢	117647
的我都 没	102941
的我都 不敢	73529
的我都 要	73529
的所有 东西	1000000
的手 是	280000
的手 都	280000
的手 不	240000
的手 信	200000
的手机 都	235294
的手机 了	176470
的手机 在	147058
的手机 好	147058
的手机 是	147058
的手机 被	147058
的才 是	575000
的才 叫	125000
的才 会	75000
的才 有	75000
的才 好吃	62500
的找 我	642857
的找 不到	357142
的把 我	631578
的把 你	368421
的新 作品	562500
的新 衣服	437500
的方式 不	705882
的日子 里	233009
的日子 了	165048
的日子 也	77669
的日子 都	77669
的日子 好	67961
的日子 就	58252
的日子 不	48543
的时候 我	102014
的时候 就	91298
的时候 你	48864
的时候 也	45006
的时候 都	40291
的时候 是	30432
的时候 还	29147
的时候 不	21431
的时候也 是	365853
的时候也 会	219512
的时候也 没	146341
的时候也 不能	121951
的时候你 还	323529
的时候你 就	264705
的时候你 都	264705
的时候你 不	147058
的时候到 了	1000000
的时候就 在	157142
的时候就 会	142857
的时候就 知道	142857
的时候就 有	128571
的时候就 不	100000
的时候就 觉得	100000
的时候就 想	85714
的时候就 开始	71428
的时候我 就	310344
的时候我 也	163793
的时候我 还	163793
的时候我 都	155172
的时候我 在	60344
的时候我 是	51724
的时候我 说	51724
的时候我 没	43103
的时候给 你	555555
的时候给 我	444444
的时候还 没	476190
的时候还 在	285714
的时候还 能	238095
的时候都 是	571428
的时候都 要	250000
的时候都 不	178571
的时间 都	243902
的时间 不	97560
的时间 了	89430
的时间 是	81300
的时间 也	73170
的时间 长	73170
的时间 里	65040
的时间 太	56910
的是 的	162969
的是 你	154436
的是 什么	126279
的是 我	114334
的是 谁	52047
的是 他	29863
的是 哪	17918
的是 吧	15358
的是你 的	339622
的是你 吧	245283
的是你 自己	226415
的是你 吗	94339
的是你 而	94339
的是我 的	714285
的是我 吗	285714
的更 多	392156
的更 快	235294
的更 好吃	137254
的更 猛烈	137254
的更 美	98039
的最 爱	650793
的最 多	158730
的最 有	55555
的最 喜欢	47619
的最 重要	47619
的最 讨厌	39682
的最后 一天	342857
的最后 一个	257142
的最后 一句	257142
的最后 一次	142857
的有 吗	264285
的有 的	207142
的有 道理	178571
的有 多	107142
的有 什么	57142
的有 多少	57142
的有 几个	50000
的有 个	42857
的有点 多	523809
的有点 早	238095
的有点 道理	238095
的朋友 们	344086
的朋友 都	258064
的朋友 也	129032
的朋友 了	75268
的朋友 吗	75268
的朋友 我	64516
的朋友 吧	53763
的机会 都	687500
的机器人 吗	1000000
的来 了	271186
的来 聊聊	237288
的来 报道	152542
的来 着	152542
的来 吧	101694
的来 找	84745
的来说 最	1000000
的来说最 重要	1000000
的样子 了	172043
的样子 吗	96774
的样子 就	86021
的样子 我	86021
的样子 特别	75268
的样子 吧	64516
的样子 太	64516
的梦想 是	676470
的梦想 就是	323529
的正 能量	1000000
的每 一天	552631
的每 一个	315789
的每 一次	131578
的每个 人	1000000
的比 我	626666
的比 你	226666
的比 他	80000
的比 这个	66666
的比我 好	411764
的比我 多	294117
的比我 的	294117
的比较 多	410256
的比较 好	333333
的比较 快	128205
的比较 早	128205
的没 问题	237288
的没 毛病	186440
的没 人	152542
的没 的	152542
的没 得	101694
的没 一个	84745
的没 那么	84745
的照片 都	230769
的照片 了	153846
的照片 吗	85470
的照片 呢	85470
的照片 好	68376
的照片 就	68376
的照片 也	59829
的爱 你	519230
的爱 是	134615
的爱 着	134615
的爱 上	115384
的爱 我	96153
的特别 好	451612
的特别 多	193548
的特别 快	193548
的特别 是	161290
的状态 吧	533333
的状态 就是	466666
的猪猪 女孩	1000000
的玩耍 了	1000000
的生日 祝福	458333
的生日 了	333333
的生日 是	208333
的生活 方式	131386
的生活 就	94890
的生活 了	87591
的生活 太	65693
的生活 好	65693
的生活 是	65693
的生活 中	58394
的电影 了	450000
的电影 是	300000
的电影 都	250000
的男人 和	454545
的男人 都	318181
的男人 是	227272
的男人和 前任	1000000
的男生 吗	518518
的男生 都	481481
的看 你	318181
的看 了	272727
的看 完	272727
的看 的	136363
的看着 你	1000000
的真 好	396039
的真 爱	138613
的真 早	123762
的真 快	99009
的真 好看	69306
的真 多	44554
的真 美	39603
的真 对	34653
的真的 是	343750
的真的 好	187500
的眼睛 是	750000
的眼睛 里	250000
的眼睛是 雪亮	1000000
的确 是	441176
的确 不	73529
的确 不错	66176
的确 有	51470
的确 没	44117
的确 要	36764
的笑 了	600000
的笑 点	257142
的笑 死	142857
的第一 反应	791666
的第一 感觉	208333
的等 我	346938
的等 你	326530
的等 着	326530
的给 我	543209
的给 你	395061
的给 自己	61728
的继续 大步	1000000
的继续大步 向前	1000000
的美 图	588235
的老 阿姨	303030
的老 司机	272727
的老 女人	272727
的老 学姐	151515
的肯定 是	1000000
的胸口 说	1000000
的脑海 里	1000000
的脸 是	188405
的脸 都	159420
的脸 呢	144927
的脸 了	130434
的脸 怎么	130434
的脸 好	101449
的脸 也	72463
的脸 吗	72463
的良心 不会	1000000
的节奏 吗	284403
的节奏 么	192660
的节奏 了	146788
的衣服 都	363636
的衣服 了	218181
的衣服 吗	145454
的衣服 也	90909
的衣服 你	90909
的要 的	354430
的要 不	177215
的要 不要	151898
的要 吗	101265
的要 走	88607
的要 个	63291
的要 有	63291
的让 我	436363
的让 人	345454
的让 你	218181
的话 我	180023
的话 就	159117
的话 可以	68524
的话 你	41811
的话 也	37166
的话 会	33681
的话 要	27874
的话 是	25551
的话就 去	478260
的话就 不要	304347
的话就 会	217391
的话我 就	324675
的话我 也	181818
的话我 可以	103896
的话我 肯定	90909
的话我 觉得	77922
的话我 还	77922
的话我 都	77922
的话我 估计	64935
的说 一句	158536
的说 了	158536
的说 的	146341
的说 你	121951
的说 我	121951
的说 是	121951
的说 出来	85365
的说 说	85365
的走 了	555555
的走 下去	444444
的跟 你	404255
的跟 我	404255
的跟 真的	191489
的路 人	382352
的路 还	176470
的路 了	147058
的路 吗	147058
的路 要	147058
的路上 了	513513
的路上 都	270270
的路上 越走越远	216216
的还 没	214285
的还 在	147959
的还 不错	76530
的还 不	66326
的还 没有	51020
的还 不够	45918
的还 多	45918
的还是 你	206896
的还是 要	189655
的还是 女	155172
的还是 我	120689
的还是 自己	103448
的还是 没	86206
的这 是	375000
的这 条	196428
的这 两个	125000
的这 只	107142
的这 几天	89285
的这个 是	419354
的这个 时候	387096
的这个 人	193548
的这么 多	235294
的这么 好	215686
的这么 早	176470
的这么 好看	137254
的这么 快	137254
的这么 美	98039
的道路 上	1000000
的那 一天	135802
的那 张	135802
的那 家	123456
的那 一个	98765
的那 是	98765
的那 只	92592
的那 一瞬间	49382
的那 我	49382
的那个 人	461038
的那个 是	168831
的那个 我	64935
的那个 吗	58441
的那个 女生	58441
的那个 小	45454
的那个 他	38961
的那个 就是	38961
的那么 好看	211267
的那么 多	140845
的那么 好	126760
的那么 深	126760
的那么 认真	112676
的那么 快	98591
的那么 早	98591
的那么 简单	84507
的那些 人	500000
的那些 话	500000
的那种 感觉	333333
的那种 吗	250000
的那种 人	222222
的那种 我	194444
的都 是	463414
的都 不	60445
的都 对	44538
的都 会	37115
的都 有	30752
的都 没	28632
的都 没有	24390
的都是 你	250000
的都是 我	176470
的都是 什么	147058
的都是 好	132352
的都是 小	132352
的都是 真	88235
的都是 实话	73529
的重点 是	620689
的重点 在	206896
的重点 不	172413
的钱 都	391304
的钱 是	144927
的钱 还	130434
的钱 了	101449
的钱 我	86956
的钱 多	72463
的钱 的	72463
的长 头发	352941
的长 的	352941
的长 了	294117
的问 一句	575000
的问 一下	162500
的问 下	112500
的问 我	87500
的问 你	62500
的问题 了	219512
的问题 是	146341
的问题 吗	134146
的问题 吧	121951
的问题 除非	97560
的问题 就是	73170
的问题 呢	60975
的青春 不	500000
的风格 了	357142
的鸟儿 有	1000000
皮肤 好	190909
皮肤 好好	118181
皮肤 也	54545
皮肤 都	50000
皮肤 就	45454
皮肤 真	45454
皮肤 不好	40909
盒子 里	500000
盒子 的	291666
盒子 都	208333
盗墓 笔记	1000000
盛世 美颜	1000000
目前 还	296511
目前 是	116279
目前 没有	81395
目前 的	81395
目前 也	58139
目前 没	58139
目前 不	40697
目前 在	40697
目前还 没	500000
目前还 没有	321428
目前还 在	178571
目标 是	500000
目标 了	225000
目标 的	150000
目标 就	125000
目测 你	736842
目测 要	263157
目的 是	413043
目的 就是	239130
目的 的	130434
目的 不是	108695
目的 达到	108695
盯上 了	1000000
直 的	289156
直 发	265060
直 了	216867
直 女	84337
直 走	84337
直 不	60240
直接 输入	100
直接 使用	90
直接 提交	80
直接 选择	70
直接把 你	533333
直接把 我	466666
直播 的	243386
直播 了	169312
直播 吃	89947
直播 吗	68783
直播 吧	63492
直播 看	52910
直播 入口	37037
直视 的	526315
直视 了	473684
直觉 告诉	1000000
直觉告诉 我	1000000
直觉告诉我 两个	1000000
相 了	225806
相 中	193548
相 不	96774
相 由	96774
相互 的	423076
相互 喜欢	384615
相互 关注	192307
相亲 了	309278
相亲 的	175257
相亲 对象	164948
相亲 去	92783
相亲 吗	72164
相亲 成功	61855
相亲 吧	51546
相似 的	1000000
相信 你	324894
相信 我	225035
相信 自己	120956
相信 爱情	57665
相信 他	35161
相信 的	23909
相信 了	19690
相信 你们	19690
相信你 的	287234
相信你 会	127659
相信你 可以	127659
相信你 是	106382
相信你 了	85106
相信你 能	74468
相信你 自己	74468
相信你 不会	63829
相信我 的	631578
相信我 最	368421
相信爱情 了	1000000
相信自己 是	500000
相信自己 的	500000
相关 的	695652
相关 部门	304347
相同 的	1000000
相对 于	600000
相对 的	400000
相当 的	407407
相当 有	222222
相当 不错	203703
相当 好	166666
相机 的	380000
相机 里	180000
相机 好	160000
相机 吗	140000
相爱 的	327272
相爱 吧	236363
相爱 相	236363
相爱 了	109090
相爱 容易	90909
相遇 的	722222
相遇 都	277777
省 了	312925
省 的	265306
省 着	95238
省 点	68027
省 省	61224
省 电	54421
省 下	40816
省 下来	34013
眉毛 的	206896
眉毛 是	172413
眉毛 了	103448
眉毛 好	103448
眉毛 怎么	91954
眉毛 都	80459
眉毛 也	68965
眉毛 不	57471
看 一下	100
看 起来	90
看 到了	80
看 这个	70
看上 了	600000
看上 我	200000
看上 的	200000
看上去 就	472222
看上去 好	222222
看上去就 得	1000000
看上去就得 有	1000000
看不 进去	389830
看不 太	271186
看不 明白	152542
看不 进	101694
看不 大	84745
看不下去 了	1000000
看不出来 你	257142
看不出来 了	228571
看不出来 么	171428
看不出来 的	142857
看不到 你	278106
看不到 我	254437
看不到 了	136094
看不到 的	106508
看不到 脸	59171
看不到 吗	47337
看不到 他	29585
看不到你 了	565217
看不到你 的	434782
看不懂 了	256756
看不懂 的	256756
看不懂 你	162162
看不懂 吗	81081
看不懂 我	81081
看不懂 这	67567
看不见 我	279069
看不见 的	186046
看不见 了	174418
看不见 你	174418
看不见 看不见	69767
看不见 脸	58139
看不起 你	517241
看不起 我	482758
看也 是	647058
看也 不	352941
看书 的	313559
看书 了	211864
看书 看	101694
看书 去	84745
看书 吧	76271
看书 就	67796
看书 呢	59322
看了 你	99866
看了 一遍	49267
看了 下	49267
看了 看	47936
看了 一下	45272
看了 一眼	39946
看了 吗	33288
看了 一集	26631
看了你 的	729729
看了你 一眼	135135
看了你 这	135135
看什么 时候	243243
看什么 都	243243
看什么 书	216216
看什么 电影	162162
看什么 看	135135
看他 的	729729
看他 一眼	135135
看他 是	135135
看你 的	213800
看你 发	39592
看你 是	38461
看你 这	38461
看你 这么	33936
看你 也	26018
看你 说	26018
看你 在	24886
看你们 的	687500
看你们 了	312500
看你的 照片	523809
看你的 了	238095
看你的 时间	238095
看出 我	384615
看出 了	211538
看出 你	192307
看出 是	115384
看出 他	96153
看出来 了	635135
看出来 的	139639
看出来 是	94594
看出来 你	63063
看出来 我	45045
看出来 这	22522
看到 你	229332
看到 了	221093
看到 我	76627
看到 的	68662
看到 这	32683
看到 这个	26915
看到 他	23070
看到不少 美景	1000000
看到不少美景 谢谢你们	1000000
看到了 我	265822
看到了 你	246835
看到了 什么	126582
看到了 一个	56962
看到了 吗	50632
看到了 没	50632
看到了 哈哈	37974
看到了 的	37974
看到了我 的	1000000
看到他 的	500000
看到他 了	291666
看到他 就	208333
看到你 了	310513
看到你 的	298288
看到你 发	56234
看到你 说	51344
看到你 在	48899
看到你 这	46454
看到你 就	44009
看到你 我	36674
看到你们 的	458333
看到你们 都	291666
看到你们 在	250000
看到好多 人	1000000
看到我 的	465648
看到我 了	312977
看到我 就	91603
看到我 吗	45801
看到我 有	45801
看到我 看到	38167
看到的 是	473684
看到的 都	280701
看到的 时候	157894
看到的 只是	87719
看到的都 是	1000000
看到这 条	630434
看到这 张	217391
看到这 段	152173
看在 你	1000000
看多 了	1000000
看多了 吧	642857
看多了 就	357142
看她 的	1000000
看好 你	610294
看好 了	139705
看好 多	66176
看好 声音	51470
看好 我	51470
看好 吗	44117
看好 的	36764
看完 了	522427
看完 电影	60686
看完 你	50131
看完 我	47493
看完 就	44854
看完 的	44854
看完 之后	39577
看完 这个	34300
看就 知道	470588
看就 不	156862
看就 好	156862
看就 能	117647
看就 看	98039
看开 了	571428
看开 点	428571
看得 我	777777
看得 多	74074
看得 上	61728
看得起 我	647058
看得起 你	352941
看成 了	875000
看成 你	125000
看我 的	292682
看我 看	69105
看我 多	65040
看我 不	44715
看我 说	44715
看我 吃	40650
看我 是	36585
看我 头像	32520
看我看 我	1000000
看把 你	730769
看把 我	269230
看是 什么	500000
看是 你	500000
看来 你	322744
看来 我	207115
看来 是	108005
看来 还是	35578
看来 我们	29224
看来 不是	20330
看来 有	19059
看来 这	19059
看来你 是	248062
看来你 也	178294
看来你 的	93023
看来你 还是	77519
看来你 对	69767
看来你 得	54263
看来你 不	46511
看来我 要	246376
看来我 也	188405
看来我 是	173913
看来我 的	159420
看来我 得	144927
看来我 还是	86956
看来是 我	562500
看来是 真的	437500
看样子 是	705882
看样子 你	294117
看清楚 了	428571
看清楚 再	333333
看清楚 我	238095
看演唱会 的	562500
看演唱会 了	437500
看电影 了	428571
看电影 的	207792
看电影 吗	116883
看电影 去	64935
看电视 的	303030
看电视 了	272727
看电视 呢	242424
看电视 吧	181818
看的 我	139880
看的 时候	139880
看的 是	116071
看的 好	50595
看的 不	44642
看的 人	38690
看的 出来	38690
看的 都	38690
看直播 了	500000
看直播 的	500000
看看 这个	100
看看 效果	90
看看 情况	80
看看 文件	70
看看你 的	677966
看看你 自己	203389
看看你 会	118644
看看我 的	1000000
看看有 多少	555555
看看有 什么	444444
看看能 不能	1000000
看着 你	160000
看着 就	95000
看着 好	81250
看着 我	70000
看着 都	46250
看着 他	35000
看着 不	33750
看着你 的	1000000
看着办 吧	1000000
看着就 好	275862
看着就 想	241379
看着就 好吃	172413
看着我 吃	533333
看着我 的	466666
看破 不	1000000
看破不 说破	1000000
看穿 了	1000000
看能 不能	1000000
看脸 的	761904
看脸 还是	238095
看自己 的	1000000
看见 你	343822
看见 了	235431
看见 我	114219
看见 的	40792
看见 你们	23310
看见 这个	22144
看见了 我	500000
看见了 你	272727
看见了 就	227272
看见你 了	576576
看见你 的	216216
看见你 发	81081
看见你 就	72072
看见你 我	54054
看见我 了	551724
看见我 的	241379
看见我 就	206896
看谁 都	666666
看谁 的	333333
看起来 好	224489
看起来 不错	81632
看起来 像	68027
看起来 就	68027
看起来 还	44217
看起来 也	34013
看起来 比	34013
看起来好 好吃	1000000
看起来很 好	375000
看起来很 好吃	312500
看起来很 有	312500
看越 好看	642857
看越 喜欢	357142
看过 了	281588
看过 的	140794
看过 你	79422
看过 他	46931
看过 没	46931
看过 书	39711
看过 吗	39711
看过 这个	39711
看这种 东西	571428
看这种 题材	428571
看透 了	722222
看透 不	277777
看都 是	540540
看都 不	162162
看都 觉得	162162
看都 没	135135
真 好	211836
真 爱	78720
真 好看	62440
真 没	34284
真 美	31603
真 有	31220
真 不	30262
真 想	27389
真不 多	291666
真不 明白	250000
真不 认识	250000
真不 清楚	208333
真不是 一般	411764
真不是 你	294117
真不是 我	294117
真不知道 你	400000
真不知道 该	400000
真人 比	304347
真人 了	260869
真人 更	217391
真人 的	217391
真会 说话	800000
真会 聊天	200000
真假 的	562500
真好 我	202380
真好 真	71428
真好 用	59523
真实 的	796116
真实 了	106796
真实 不	48543
真实 身高	48543
真实的 自己	647058
真实的 我	352941
真心 的	203389
真心 觉得	145278
真心 不	130750
真心 不错	62953
真心 喜欢	50847
真心 希望	50847
真心 不想	33898
真心 好	31476
真心不 容易	428571
真心不 喜欢	333333
真心不 适合	238095
真想 给	295454
真想 知道	250000
真想 去	227272
真想 吃	113636
真想 把	113636
真挚 的	1000000
真是 的	142663
真是 个	92391
真是 好	46195
真是 越来越	38043
真是 不	32608
真是 我	29891
真是 有	27173
真是 没	27173
真是太 可爱	588235
真是太 美	411764
真有 你们	400000
真有 才	140000
真有 眼光	140000
真有 几个	120000
真有 可能	100000
真有 这么	100000
真有你们 的	1000000
真正 的	811320
真正 喜欢	47169
真正 爱	37735
真正 意义	28301
真正 是	28301
真正 在	23584
真正 需要	23584
真正的 勇士	296296
真正的 朋友	296296
真正的 快乐	222222
真正的 幸福	185185
真没 看	237288
真没 注意	152542
真没 素质	152542
真没 见	152542
真没 看过	118644
真没 觉得	101694
真没 想	84745
真爱 了	235294
真爱 的	164705
真爱 吗	105882
真爱 你	82352
真爱 是	70588
真爱 么	58823
真的 是	183944
真的 好	86615
真的 吗	48438
真的 不	42402
真的 太	32593
真的 有	23690
真的 要	23690
真的不 知道	375000
真的不 适合	95588
真的不 多	66176
真的不 喜欢	58823
真的不 容易	58823
真的不 爱	58823
真的不 去	44117
真的不 回来	44117
真的会 加	277777
真的会 变	277777
真的假 的	1000000
真的太 好看	213114
真的太 美	180327
真的太 可爱	147540
真的太 厉害	131147
真的太 喜欢	114754
真的太 多	114754
真的太 难	98360
真的好 吗	187500
真的好 想	95588
真的好 喜欢	88235
真的好 美	80882
真的好 么	66176
真的好 可爱	66176
真的好 难	58823
真的好 漂亮	44117
真的很 好看	98173
真的很 好	89041
真的很 想	82191
真的很 美	77625
真的很 喜欢	73059
真的很 重要	47945
真的很 好吃	41095
真的很 难	41095
真的想 你	411764
真的想 去	294117
真的想 知道	294117
真的是 这样	124401
真的是 太	100478
真的是 我	50239
真的是 好	45454
真的是 不	43062
真的是 个	38277
真的是 要	38277
真的是这样 过年	843750
真的是这样 吗	156250
真的特别 美	620689
真的特别 难过	206896
真的特别 喜欢	172413
真的特别美 加油	1000000
真的老 了	1000000
真的要 去	434782
真的要 好好	304347
真的要 来	260869
真的让 人	541666
真的让 我	250000
真的让 人家	208333
真的都 是	1000000
真相 了	610169
真相 的	220338
真相 只有	84745
真相 是	84745
真羡慕 你	505882
真羡慕 你们	258823
真羡慕 那些	176470
真羡慕 有	58823
真羡慕那些 喜欢	666666
真羡慕那些 特别	333333
真诚 的	1000000
眼中 的	687500
眼中 你	156250
眼中 是	156250
眼光 的	428571
眼光 好	250000
眼光 不错	125000
眼光 高	107142
眼光 和	89285
眼光的 人	1000000
眼前 的	588235
眼前 人	411764
眼泪 了	254901
眼泪 就	254901
眼泪 都	196078
眼泪 的	176470
眼泪 掉下来	117647
眼熟 我	500000
眼熟 你	267857
眼熟 了	125000
眼熟 的	107142
眼睛 都	107407
眼睛 是	68518
眼睛 好	66666
眼睛 里	59259
眼睛 大	57407
眼睛 的	50000
眼睛 怎么	38888
眼睛 小	35185
眼睛好 大	1000000
眼睛是 雪亮	1000000
眼睛是雪亮 的	1000000
眼睛里 有	642857
眼睛里 都	357142
眼瞎 了	1000000
眼神 好	209302
眼神 不好	174418
眼神 里	116279
眼神 就	81395
眼神 是	81395
眼神 真	81395
眼神 你	58139
眼花 了	1000000
眼里 只有	311926
眼里 的	165137
眼里 没有	100917
眼里 你	91743
眼里 是	91743
眼里 有	91743
眼里 都	91743
眼里 就是	55045
眼镜 好看	228070
眼镜 了	175438
眼镜 的	157894
眼镜 也	122807
眼镜 好	105263
眼镜 儿	87719
着 你	133999
着 呢	83806
着 我	82670
着 吧	39972
着 了	37020
着 的	31342
着 就	27481
着 吃	24301
着也 要	473684
着也 不	263157
着也 中	263157
着你 的	455882
着你 呢	166666
着你 了	88235
着你 回来	68627
着你 来	53921
着你 一起	44117
着你 就	34313
着你 去	29411
着凉 了	793103
着凉 的	206896
着吃 了	642857
着吃 着	357142
着就 好	411764
着就 不	294117
着屏幕 都	1000000
着急 了	500000
着急 的	296296
着急 不	111111
着我 的	417475
着我 了	97087
着我 去	97087
着我 我	67961
着我 来	67961
着我 吧	58252
着我 都	58252
着看 你	440000
着看 了	280000
着看 完	280000
着自己 的	473684
着自己 喜欢	263157
着自己 把	263157
着说话 不	1000000
着说话不 腰疼	1000000
着走 着	1000000
睡一觉 就	558823
睡一觉 起来	264705
睡一觉 吧	176470
睡不着 了	534090
睡不着 的	136363
睡不着 就	45454
睡不着 我	34090
睡不着 吗	22727
睡不着 吧	18939
睡不着 白天	18939
睡懒觉 了	500000
睡懒觉 的	500000
睡眠 质量	465517
睡眠 不好	224137
睡眠 好	137931
睡眠 的	86206
睡着 了	810958
睡着 的	104109
睡着 就	30136
睡着 吗	19178
睡着 又	13698
睡着了 就	705882
睡着了 吗	294117
睡觉 了	280487
睡觉 的	133333
睡觉 吧	110569
睡觉 去	82926
睡觉 睡觉	27642
睡觉 前	26829
睡觉 都	23577
睡觉了 晚安	300000
睡觉了 吗	275000
睡觉了 么	125000
睡觉了 吧	125000
睡觉去 了	673913
睡觉去 吧	326086
睡觉的 时候	600000
睡觉的 人	220000
睡觉的 时间	180000
睡醒 了	859504
睡醒 的	82644
睡醒 就	57851
睫毛 好	413793
睫毛 长	241379
睫毛 了	172413
睫毛 太	172413
瞎说 什么	722222
瞎说 的	166666
瞎说 大	111111
瞎说什么 大	1000000
瞎说什么大 实话	1000000
瞬间 就	382978
瞬间 觉得	382978
瞬间 感觉	127659
瞬间 的	106382
矛盾 的	615384
矛盾 了	192307
矜持 点	687500
矜持 的	312500
知 了	348837
知 我	209302
知 你	186046
知 是	116279
知名 的	1000000
知识 了	510204
知识 的	163265
知识 改变命运	122448
知识 和	102040
知识 渊博	102040
知足 吧	561403
知足 了	438596
知道 了	100
知道 这个	90
知道 怎么	80
知道 原因	70
知道不 可能	571428
知道不 知道	428571
知道为什么 总	260000
知道为什么 我	260000
知道为什么 那么	140000
知道为什么 会	120000
知道为什么 吗	120000
知道为什么 就是	100000
知道了 你	200000
知道了 什么	169230
知道了 谢谢	138461
知道了 我	92307
知道了 么	76923
知道了 吗	76923
知道了 吧	76923
知道什么 时候	547008
知道什么 是	170940
知道什么 叫	153846
知道什么 原因	42735
知道什么 情况	42735
知道什么 牌子	42735
知道什么时候 能	684210
知道什么时候 才能	315789
知道他 的	312500
知道他 在	250000
知道他 是	250000
知道他 有	187500
知道会 不会	1000000
知道你 是	211129
知道你 在	98199
知道你 的	70376
知道你 会	62193
知道你 想	45826
知道你 说	45826
知道你 要	37643
知道你 爱	31096
知道你在 说	518518
知道你在 哪里	296296
知道你在 想	185185
知道你想 说	684210
知道你想 我	315789
知道你是 谁	666666
知道你是 在	181818
知道你是 爱	151515
知道你说 的	1000000
知道去 哪	545454
知道去 哪里	454545
知道哪里 有	666666
知道哪里 来	333333
知道在 哪	518518
知道在 哪里	314814
知道在 哪儿	166666
知道就 好	875000
知道就 不	125000
知道怎么 说	205479
知道怎么 了	191780
知道怎么 用	164383
知道怎么 去	136986
知道怎么 就	95890
知道怎么 做	68493
知道怎么 回	68493
知道怎么 能	68493
知道我 是	231308
知道我 的	116822
知道我 在	74766
知道我 喜欢	42056
知道我 有	37383
知道我 也	32710
知道我 想	32710
知道我 没	30373
知道我是 谁	1000000
知道我的 杂货铺	642857
知道我的 存在	357142
知道是 什么	259259
知道是 谁	246913
知道是 你	185185
知道是 我	98765
知道是 哪	67901
知道是 哪个	61728
知道是 怎么	43209
知道是 在	37037
知道有 多	306122
知道有 个	265306
知道有 什么	224489
知道有 多少	204081
知道的 太	450000
知道的 多	120000
知道的 人	100000
知道的 还	100000
知道的 我	70000
知道的 是	60000
知道的太 多	1000000
知道能 不能	1000000
知道自己 是	269841
知道自己 在	158730
知道自己 的	142857
知道自己 有	95238
知道自己 该	95238
知道自己 做	79365
知道自己 喜不喜欢	79365
知道自己 想要	79365
知道要 不要	411764
知道要 去	294117
知道要 怎么	294117
知道该 怎么	482142
知道该 说	285714
知道该 怎么办	232142
知道说 什么	1000000
知道说什么 好	666666
知道说什么 了	333333
知道谁 是	458333
知道谁 更	333333
知道谁 会	208333
知道这 是	1000000
矫情 了	564102
矫情 的	435897
短信 了	419354
短信 你	193548
短信 我	193548
短发 的	153846
短发 好看	146853
短发 了	125874
短发 也	104895
短发 好	104895
短发 就	69930
短发 都	55944
短发 会	48951
短暂 的	1000000
短袖 了	492063
短袖 短裤	301587
短袖 的	206349
短裤 的	571428
短裤 了	428571
研究 研究	275362
研究 了	231884
研究 一下	173913
研究 下	144927
研究 的	101449
砥砺 前行	1000000
破产 了	590909
破产 姐妹	409090
确定 你	270042
确定 不是	143459
确定 是	139240
确定 了	101265
确定 我	80168
确定 要	63291
确定 的	59071
确定 呢	42194
确实 是	254304
确实 不	88741
确实 有	55629
确实 不错	45033
确实 好	45033
确实 有点	42384
确实 也	25165
确实是 这样	371428
确实是 个	342857
确实是 的	142857
确认 一下	100
确认 时间	90
确认 方案	80
确认 订单	70
确认过 眼神	1000000
碰到 你	237113
碰到 了	216494
碰到 我	123711
碰到 的	113402
碰到 个	103092
碰到 一个	61855
碰到 这种	51546
碳酸 饮料	1000000
礼拜 就	322580
礼拜 的	290322
礼拜 了	225806
礼拜 吧	161290
礼物 了	109289
礼物 的	103825
礼物 呢	87431
礼物 就	76502
礼物 吗	71038
礼物 给	71038
礼物 自取	65573
礼貌 的	785714
礼貌 都	214285
社交 恐惧症	320000
社交 状态	240000
社交 软件	240000
社交 媒体	200000
社会 人	286624
社会 的	121019
社会 社会	121019
社会 我	101910
社会 上	89171
社会 了	82802
社会 实践	50955
社会 是	44585
社长 你	500000
社长 什么	250000
社长 的	250000
祖国 的	1000000
祖国的 花朵	615384
祖国的 江南	384615
祝你们 幸福	1000000
祝福 你	401840
祝福 祝福	107361
祝福 我	95092
祝福 你们	64417
祝福 的	36809
祝福 吧	30674
祝福 了	27607
祝福 他们	27607
祝贺 你	689655
祝贺 祝贺	310344
神 的	132616
神 了	118279
神 你	64516
神 我	60931
神 是	50179
神 一样	46594
神 好	43010
神奇 的	686746
神奇 了	132530
神奇 宝贝	72289
神马 都	366666
神马 意思	177777
神马 时候	155555
神马 情况	122222
神马 了	66666
神马 东西	55555
神马 是	55555
祸害 别人	391304
祸害 了	347826
祸害 人间	260869
福州 了	307692
福州 的	230769
福州 吗	192307
离婚 了	657894
离婚 的	210526
离开 了	313901
离开 我	183856
离开 的	170403
离开 你	139013
离开 家	67264
离开 这个	40358
离开 我们	35874
离开的 也	352941
离开的 时候	352941
离开的 人	294117
私人 空间	272727
私人 飞机	272727
私人 定制	227272
私人 的	227272
私密 的	1000000
私聊 我	437500
私聊 吧	218750
私聊 你	187500
私聊 给	156250
秋天 的	534482
秋天 了	327586
秋天 来	137931
秋裤 了	333333
秋裤 的	200000
秋裤 吗	166666
秋裤 是	100000
秋裤 都	100000
种 的	376237
种 了	277227
种 享受	59405
种 方式	59405
种 类型	59405
种 太阳	49504
科学 的	500000
科学 真	156250
科普 一下	730769
科普 了	269230
积极 的	714285
积极 打败	285714
积累 的	600000
积累 经验	400000
称 了	425000
称 体重	175000
称 称	150000
称 一下	125000
称 我	125000
称职 代言人	750000
称职 的	250000
移动 电源	521739
移动 的	478260
稀罕 你	684210
稀罕 了	315789
程度 了	666666
程度 呢	333333
稍后 回复	100
稍后 处理	90
稍后 确认	80
稍后 再说	70
稍微 调整	100
稍微 修改	90
稍微 等一下	80
稍微 休息	70
稍微提一 提	1000000
稍等 一下	100
稍等 片刻	90
稍等 我	80
稍等 我们	70
稳住 我们	687500
稳住 稳住	312500
稳定 的	526315
稳定 了	289473
稳定 工作	184210
究竟 是	848484
究竟 有	151515
空巢 老人	1000000
空格 提交	100
空格 正常	90
空格 输入	80
空格 按键	70
空气 好	225225
空气 刘海	207207
空气 太	108108
空气 不好	90090
空气 净化器	72072
空气 都	72072
空气 也	54054
空虚 寂寞	500000
空虚 了	307692
空虚 的	192307
空调 的	251851
空调 了	133333
空调 吗	103703
空调 开	103703
空调 都	103703
空调 呢	66666
空调 房里	59259
空间 的	333333
空间 里	291666
空间 太小	145833
空间 了	125000
空间 还	104166
穿 的	128571
穿 了	110714
穿 上	52777
穿 点	48015
穿 短袖	40873
穿 什么	32936
穿 秋裤	32539
穿 裙子	28571
穿上 了	861111
穿上 的	138888
穿不 上	407407
穿不 进去	259259
穿了 一件	411764
穿了 个	294117
穿了 我	294117
穿什么 都	565217
穿什么 衣服	434782
穿厚 点	1000000
穿点 衣服	645161
穿点 别	193548
穿的 衣服	221052
穿的 是	126315
穿的 什么	115789
穿的 多	73684
穿的 太	73684
穿的 好	73684
穿的 少	73684
穿的 好看	63157
穿着 短袖	181818
穿着 比	159090
穿着 睡衣	159090
穿着 会	136363
穿着 羽绒服	136363
穿着 不	113636
穿着 衣服	113636
穿短袖 了	612903
穿短袖 的	387096
穿秋裤 了	482758
穿秋裤 吗	275862
穿秋裤 的	241379
穿羽绒服 了	578947
穿羽绒服 的	421052
穿衣服 的	523809
穿衣服 了	238095
穿裙子 了	750000
穿裙子 的	250000
穿越 了	702702
穿越 的	162162
穿越 到	135135
穿过 的	600000
穿过 你	400000
穿这么 少	611111
穿这么 多	388888
穿那么 多	500000
穿那么 少	500000
突然 觉得	140350
突然 发现	102923
突然 想	102923
突然 就	85380
突然 想到	56140
突然 想起	52631
突然 好	39766
突然 感觉	33918
突然发现 你	500000
突然发现 我	500000
突然好 想	1000000
突然想 起来	707317
突然想 吃	146341
突然想 问	146341
突然觉得 你	333333
突然觉得 我	238095
突然觉得 自己	142857
突然觉得 好	111111
突然觉得 这	79365
窗口 已经	100
窗口 打开	90
窗口 显示	80
窗口 关闭	70
立马 就	708333
立马 去	291666
站 在	333333
站 着	219653
站 起来	152215
站 的	84778
站 了	55876
站 出来	50096
站 到	21194
站 就	21194
站在 你	409090
站在 一起	272727
站在 那里	181818
站在 我	136363
站着 说话	656250
站着 的	343750
站着说话 不	1000000
站起来 的	750000
站起来 了	250000
竟 无言以对	750000
竟 有	134615
竟 无法	115384
竟然 还	120481
竟然 不	113597
竟然 是	79173
竟然 有	61962
竟然 没有	48192
竟然 也	43029
竟然 没	41308
竟然 还有	39586
竟然不 知道	1000000
竟然还 没	500000
竟然还 在	194444
竟然还 会	166666
竟然还 不	138888
童年 的	666666
童年 回忆	333333
童话 里	642857
童话 镇	357142
端午 快乐	769230
端午 安康	230769
端午节 快乐	871794
端午节 安康	128205
笑 死	307029
笑 了	133952
笑 的	96816
笑 出	51724
笑 点	51061
笑 起来	45092
笑 我	35145
笑 着	33819
笑不 出来	700000
笑不 露齿	300000
笑出 声	718750
笑出 了	281250
笑出了 声	1000000
笑出声 了	500000
笑出声 来	500000
笑死 我	642045
笑死 了	340909
笑死 你	17045
笑死我 了	1000000
笑点 低	1000000
笑的 人	205128
笑的 时候	205128
笑的 女孩	179487
笑的 我	153846
笑的 眼睛	128205
笑笑 不	1000000
笑笑不 说话	1000000
笑而 不语	1000000
笑话 我	295454
笑话 你	159090
笑话 吧	159090
笑话 吗	136363
笑话 的	136363
笑话 了	113636
符合 你	440000
符合 我	340000
符合 的	120000
符合 你们	100000
第一 反应	302325
第一 时间	200000
第一 是	74418
第一 的	65116
第一 感觉	60465
第一 学历	46511
第一 了	37209
第一 我	37209
第一个 是	272727
第一个 就	136363
第一个 说	136363
第一个 人	113636
第一个 字	113636
第一个 月	113636
第一个 给	113636
第一件 事	1000000
第一反应 是	540000
第一反应 就是	320000
第一反应 也	140000
第一句 话	1000000
第一天 就	500000
第一天 上班	210526
第一天 的	157894
第一天 认识	131578
第一张 图	363636
第一张 是	272727
第一张 照片	204545
第一张 的	159090
第一次 见	143434
第一次 看到	96969
第一次 去	76767
第一次 看	68686
第一次 听说	58585
第一次 吃	48484
第一次 来	48484
第一次 见到	40404
第一次见 你	523809
第一次见 呢	238095
第一次见 这么	238095
第一眼 就	459459
第一眼 看成	243243
第一眼 我	162162
第一眼 看到	135135
第二 高	375000
第二 大	312500
第二 是	312500
第二天 就	486486
第二天 早上	202702
第二天 去	81081
第二天 我	81081
第二天 的	81081
第二天 了	67567
第二张 是	642857
第二张 照片	357142
第二次 了	388888
第二次 就	333333
第二次 来	277777
第五 张	1000000
笼子 里	520000
笼子 各种	480000
等 你	291963
等 我	226706
等 着	176386
等 了	34139
等 下	22759
等 的	15825
等 会	15113
等 他	14935
等下 我	444444
等下 就	296296
等下 一个	259259
等不及 了	1000000
等两分钟 怎么	1000000
等两分钟怎么 了	1000000
等了 好久	446153
等了 你	123076
等了 这么	92307
等了 一个	76923
等了 一天	76923
等了 多久	76923
等于 没	571428
等于 说	250000
等于 多少	178571
等会 就	571428
等会 再	428571
等你 回来	340322
等你 来	141935
等你 的	90322
等你 好消息	33870
等你 有	29032
等你 了	24193
等你 等	24193
等你 呢	22580
等你回来 我	222222
等你回来 了	200000
等你回来 再	200000
等你回来 一起	133333
等你回来 呢	133333
等你回来 我们	111111
等你等 你	666666
等你等 的	333333
等到 你	426573
等到 了	167832
等到 我	97902
等到 现在	83916
等到 起	62937
等到 他	48951
等到 花儿	41958
等到 什么	34965
等待 你	200000
等待 着	150000
等待 下	133333
等待 我	133333
等待 中	116666
等待 的	100000
等待 吧	83333
等待 是	83333
等我 回去	164075
等我 回来	127806
等我 去	91537
等我 时间	39723
等我 的	36269
等我 回家	34542
等我 有	29360
等我 来	29360
等有 时间	583333
等有 机会	416666
等的 好	454545
等的 我	318181
等的 就是	227272
等着 你	425149
等着 我	191616
等着 吧	103792
等着 呢	57884
等着 看	53892
等着 他	19960
等着 吃	19960
等着 你们	17964
等着你 的	354838
等着你 呢	338709
等着你 回来	193548
等着你 来	112903
等等 我	350000
等等 吧	337500
等等 看	112500
等等 的	75000
等等 就	62500
等等 都	62500
答对 了	1000000
答应 我	310344
答应 你	287356
答应 了	252873
答应 的	80459
答应 吗	68965
答案 的	288888
答案 了	266666
答案 是	177777
答案 都	155555
答案 么	111111
答辩 完	611111
答辩 了	388888
签名 的	375000
签名 了	187500
签名 吗	166666
签名 吧	125000
简单 的	605809
简单 点	95435
简单 了	74688
简单 粗暴	74688
简单 就	37344
简单 又	33195
简单 直接	20746
简直 是	264483
简直 了	166246
简直 就是	133501
简直 太	110831
简直 不能	70528
简直 要	52896
简直 不	35264
简直 不要	27707
算了 我	488372
算了 一下	139534
算了 你	139534
算了 不	116279
算了 还是	116279
算了算 了	1000000
算是 吧	714285
算是 个	142857
算是 有	142857
管 你	226006
管 我	160990
管 他	123839
管 的	102167
管 得	52631
管 它	43343
管 了	34055
管 别人	34055
管他 呢	476190
管他 是	285714
管他 的	238095
管你 屁事	520000
管你 什么	280000
管你 叫	200000
管好 自己	720000
管好 你	280000
管用 的	571428
管用 吗	428571
箱子 里	642857
箱子 了	357142
米 有	375939
米 的	165413
米 米	67669
米 们	60150
米 了	52631
米 国	52631
米 清明上河图	45112
类 的	800000
类 还是	109090
类 我	90909
类似 的	729729
类似 于	270270
类型 的	1000000
粉红色 的	1000000
粉色 的	895833
粉色 衣服	104166
粽子 了	419354
粽子 吃	354838
精彩 的	851851
精神 了	296296
精神 上	175925
精神 的	111111
精神 好	83333
精神 头	74074
精神 层面	64814
精神 不好	46296
精致 的	675675
精致 了	216216
精致 女孩	108108
精致的 猪猪	1000000
系 的	217054
系 你	170542
系 好	93023
系 我	85271
系 都	46511
系列 的	1000000
系统 设置	100
系统 版本	90
系统 已经	80
系统 正常	70
素质 的	325842
素质 了	134831
素质 低	112359
素质 高	101123
素质 低下	78651
素质 都	78651
素质 真	56179
素质 这么	56179
紧张 的	303370
紧张 了	247191
紧张 吗	89887
紧张 到	78651
紧张 不	67415
紧张 就	56179
紧张 是	56179
紫色 的	1000000
累坏 了	1000000
累死 了	763005
累死 我	161849
累死 你	46242
累死 的	28901
累死我 了	1000000
纠结 了	275555
纠结 要	137777
纠结 的	128888
纠结 中	84444
纠结 死	53333
纠结 买	40000
纠结 什么	35555
纠结要 不要	1000000
红 的	256544
红 了	227748
红 米	60209
红 书	44502
红 裙子	44502
红 你	28795
红 吗	28795
红海 行动	1000000
红糖 水	736842
红糖 是	263157
红红火火 恍恍惚惚	1000000
红色 的	688073
红色 号	146788
红色 好看	64220
红色 了	55045
红色 衣服	45871
约 我	123603
约 约	109636
约 你	103351
约 起来	99860
约 了	71927
约 吗	55167
约 不	47486
约 起	45391
约不 约	1000000
约个 时间	1000000
约会 了	250000
约会 去	223684
约会 的	157894
约会 吧	118421
约会 吗	92105
约你 一起	380952
约你 去	333333
约你 你	285714
约好 了	772727
约好 的	227272
约我 吃饭	294117
约我 约	294117
约起来 吧	428571
级别 的	1000000
纯洁 的	1000000
纯粹 的	733333
纯粹 是	266666
纹身 了	500000
纹身 的	500000
组团 去	1000000
组织 的	500000
组织 了	156250
组织 去	140625
组织 一下	109375
组织 好	93750
绅士 所	1000000
绅士所 为	1000000
终于 可以	91954
终于 等到	81736
终于 有	70242
终于 找到	66411
终于 要	62579
终于 知道	47254
终于 看到	45977
终于 回来	33205
终于分手 了	1000000
终于回来 了	1000000
终于找到 你	636363
终于找到 了	363636
终于来 了	1000000
终于知道 你	666666
终于知道 了	333333
终于等到 你	734693
终于等到 了	265306
终究 还是	518518
终究 是	481481
终老 了	611111
终老 的	388888
经典 的	567567
经典 了	297297
经历 了	394736
经历 的	96491
经历 多	26315
经历 一次	21929
经历 不	21929
经历 太	21929
经历 都	21929
经历了 什么	1000000
经常 去	110609
经常 会	101580
经常 在	60948
经常 吃	54176
经常 被	45146
经常 来	42889
经常 说	40632
经常 看	38374
经常会 想	1000000
经济 条件	400000
经济 实惠	350000
经济 的	250000
经过 我	368421
经过 了	315789
经过 的	315789
经验 的	347826
经验 了	326086
经验 告诉	173913
结冰 了	1000000
结婚 了	463356
结婚 的	132387
结婚 吧	63829
结婚 呢	28368
结婚 我	23640
结婚 你	20094
结婚 吗	18912
结婚了 吗	344827
结婚了 吧	91954
结婚了 就	91954
结婚了 我	91954
结婚了 没	68965
结婚了 你	57471
结婚了 的	57471
结婚的 时候	1000000
结局 是	344827
结局 了	241379
结局 的	189655
结局 我	120689
结局 太	103448
结束 了	704861
结束 的	166666
结束 后	59027
结束 就	34722
结束了 吗	647058
结果 已经	100
结果 出来	90
结果 显示	80
结果 正常	70
给 你	388742
给 我	326693
给 他	31957
给 自己	26277
给 力	22463
给 她	17970
给 了	16529
给 你们	14664
给不 给	1000000
给个 建议	500000
给个 机会	500000
给了 我	500000
给了 你	365853
给了 他	73170
给了 她	60975
给人 一种	333333
给人 感觉	333333
给人 的	333333
给他 买	298387
给他 吃	112903
给他 说	96774
给他 做	80645
给他 了	72580
给他 打电话	72580
给他 的	72580
给他 看	64516
给他买 了	1000000
给你 看	72605
给你 买	67706
给你 吃	56124
给你 说	53897
给你 一个	46770
给你 带	44097
给你 打电话	43652
给你 的	41425
给你一个 么	352941
给你一个 拥抱	352941
给你一个 家	294117
给你个 机会	368421
给你个 拥抱	315789
给你个 眼神	315789
给你买 个	382352
给你买 了	264705
给你买 好吃	176470
给你买 的	176470
给你介绍 个	550000
给你介绍 一个	450000
给你们 看	285714
给你们 更好	190476
给你们 吃	142857
给你们 带	142857
给你们 做	119047
给你们 直播	119047
给你发 个	307692
给你发 的	269230
给你发 了	230769
给你发 照片	192307
给你吃 了	300000
给你吃 的	250000
给你带 高粱	320000
给你带 个	280000
给你带 好吃	200000
给你带 点	200000
给你打电话 的	291666
给你打电话 了	250000
给你打电话 你	250000
给你打电话 吧	208333
给你来 个	578947
给你来 一段	421052
给你点 个	714285
给你点 了	285714
给你看 的	296296
给你看 了	259259
给你看 我	259259
给你给 你	1000000
给你说 了	285714
给你说 我	285714
给你说 的	166666
给你说 说	119047
给别人 看	571428
给别人 讲	428571
给力 了	417910
给力 的	283582
给她 买	261904
给她 吃	238095
给她 看	214285
给她 的	142857
给她 说	142857
给它 吃	1000000
给您 带来	652173
给您 拜年	347826
给我 说	73514
给我 的	62940
给我 买	60422
给我 带	48338
给我 吃	46324
给我 来	39778
给我 介绍	35246
给我 看	35246
给我买 个	279069
给我买 的	255813
给我买 了	209302
给我买 吃	139534
给我买 一个	116279
给我介绍 个	388888
给我介绍 一个	305555
给我介绍 对象	166666
给我介绍 吗	138888
给我们 看	425000
给我们 带来	175000
给我们 吃	150000
给我们 的	125000
给我们 看看	125000
给我发 的	250000
给我发 个	218750
给我发 信息	187500
给我发 消息	187500
给我发 了	156250
给我带 礼物	256410
给我带 点	230769
给我带 好吃	205128
给我带 个	179487
给我带 一个	128205
给我打 个	363636
给我打 钱	363636
给我来 一打	375000
给我来 个	250000
给我来 一个	218750
给我来 点	156250
给我的 感觉	666666
给我的 面膜	333333
给我说 说	410256
给我说 了	179487
给我说 你	128205
给我说 的	128205
给自己 买	175438
给自己 的	149122
给自己 加	140350
给自己 一个	122807
给自己 太	96491
给自己 找	96491
给自己 放	70175
给自己 吃	52631
给谁 看	647058
给谁 了	352941
给钱 的	428571
给钱 就	333333
给钱 了	238095
绝不 姑息	444444
绝不 是	277777
绝不 认输	277777
绝交 了	424242
绝交 的	303030
绝交 吧	272727
绝对 是	269754
绝对 不	136239
绝对 的	98092
绝对 不会	81743
绝对 没有	79019
绝对 不是	73569
绝对 有	43596
绝对 不能	38147
绝望 了	360000
绝望 的	173333
绝望 吗	66666
继续 输入	100
继续 处理	90
继续 检查	80
继续 使用	70
继续努力 也	631578
继续努力 的	368421
继续大步 向前	1000000
继续大步向前 爱	1000000
绿色 的	928571
绿色 是	71428
缘分 吧	173333
缘分 了	133333
缘分 到	93333
缘分 没	80000
缘分 缘分	80000
缘分 未	66666
缺钱 吗	352941
缺钱 了	294117
网上 买	267281
网上 看	124423
网上 有	101382
网上 的	87557
网上 事情	78341
网上 说	78341
网上 看到	55299
网上 都	50691
网上买 的	781250
网上买 了	218750
网上看 了	571428
网上看 的	428571
网恋 吗	767441
网恋 了	116279
网恋 的	116279
网瘾 少女	695652
网瘾 少年	304347
网络 连接	100
网络 已经	90
网络 正常	80
网络 状态	70
羊肉 泡馍	750000
羊肉 火锅	250000
美 了	216586
美 人	98012
美 图	54146
美 白	49348
美 到	38382
美 得	35640
美 你	34955
美丽 的	866396
美丽 了	48582
美丽 又	36437
美丽 人生	24291
美丽的 姑娘	309523
美丽的 意外	285714
美丽的 地方	166666
美丽的 人	119047
美丽的 花	119047
美了 吧	535714
美了 美	250000
美了 我	214285
美人 更	533333
美加油啊 会	1000000
美味 的	760000
美味 了	240000
美好 的	758928
美好 了	71428
美好 人生	62500
美好 美	33482
美好 吗	15625
美好 吧	15625
美好 也	11160
美好人生 晚安	1000000
美好的 一天	281481
美好的 回忆	133333
美好的 事情	111111
美好的 东西	103703
美好的 时光	66666
美好的 未来	59259
美好的 事	51851
美好的 祝福	51851
美少女 战士	807692
美少女 的	192307
美景 谢谢你们	1000000
美术 生	739130
美术 的	260869
美死 了	1000000
美白 精华	454545
美白 了	318181
美白 的	227272
美的 人	230769
美的 眼睛	142857
美的 地方	120879
美的 我	87912
美的 不要	65934
美的 你	65934
美的 花	65934
美美 的	1000000
美美的 你	409090
美美的 照片	363636
美美的 我	227272
美颜 相机	472222
美颜 的	138888
美颜 效果	125000
美颜 盛世	111111
美颜 了	83333
美颜 吗	69444
美食 的	278688
美食 节目	163934
美食 不可	147540
美食 了	147540
美食 我	81967
美食 都	81967
羞涩 的	578947
羞涩 了	421052
羡慕 你	227164
羡慕 嫉妒	181890
羡慕 你们	75456
羡慕 了	57188
羡慕 我	53216
羡慕 的	46068
羡慕 有	30976
羡慕你 的	388888
羡慕你 有	194444
羡慕你 了	74074
羡慕你 这种	74074
羡慕你 呢	55555
羡慕你 能	46296
羡慕你 这么	46296
羡慕你们 可以	250000
羡慕你们 有	250000
羡慕你们 还	250000
羡慕你们 这些	250000
羡慕死 了	1000000
羡慕那些 喜欢	666666
羡慕那些 特别	333333
群众 的	1000000
羽绒服 了	230769
羽绒服 的	153846
羽绒服 都	138461
羽绒服 呢	123076
羽绒服 和	107692
羽绒服 也	76923
羽绒服 吗	76923
翻牌 了	736842
翻牌 的	263157
翻译 的	586206
翻译 一下	206896
老 了	320933
老 是	132408
老 司机	77553
老 的	43505
老 阿姨	35308
老 女人	23329
老 去	22068
老 样子	20807
老乡 好	347826
老乡 见	260869
老了 一岁	230769
老了 老	219780
老了 就	120879
老了 也	98901
老了 以后	65934
老了 好多	54945
老了 很多	54945
老公 的	189781
老公 了	76642
老公 我	69343
老公 是	62043
老公 也	54744
老公 说	51094
老公 吗	43795
老公 在	40145
老司机 带	657142
老司机 的	171428
老司机 结伴	171428
老司机带 带	736842
老司机带 我	263157
老大 的	321428
老大 了	267857
老大 你	196428
老大 是	107142
老大 给	107142
老婆 的	117073
老婆 了	92682
老婆 你	78048
老婆 我	63414
老婆 在	53658
老婆 是	48780
老婆 好	43902
老婆 对	43902
老子 的	196721
老子 就是	147540
老子 就	114754
老子 是	114754
老子 现在	98360
老子 不	81967
老子 在	81967
老子 没	81967
老实 说	275862
老实 交代	258620
老实 的	189655
老实 了	172413
老实 点	103448
老家 的	400000
老家 是	257142
老家 呢	200000
老家 也	142857
老师 的	99276
老师 你	55842
老师 说	50672
老师 了	42399
老师 好	42399
老师 也	35160
老师 都	32057
老师 是	31023
老是 说	375000
老是 不	312500
老是 看到	312500
老板 说	172222
老板 问	111111
老板 的	105555
老板 是	83333
老板 了	77777
老板 不	61111
老板 你	55555
老板 都	55555
老板问 我	1000000
老板问我 刘海	1000000
老爸 老妈	647058
老爸 的	352941
考上 了	702702
考上 的	162162
考上 研究生	135135
考完试 了	545454
考完试 就	272727
考完试 再	181818
考研 的	220000
考研 了	200000
考研 吗	140000
考研 加油	130000
考研 吧	50000
考研 呢	50000
考研 成功	50000
考虑 考虑	156250
考虑 下	136718
考虑 的	121093
考虑 要	101562
考虑 到	82031
考虑 了	54687
考虑 这个	46875
考虑要 不要	1000000
考试 了	271468
考试 的	113573
考试 加油	55401
考试 顺利	47091
考试 吗	44321
考试 呢	38781
考试 都	38781
考验 你	473684
考验 人	263157
考验 我	263157
而 不是	234848
而 我	187878
而 不	69696
而 你	62121
而 不语	51515
而 来	37878
而 不得	31818
而 去	28787
而不是 在	230769
而不是 一个	192307
而不是 为了	192307
而不是 我	192307
而不是 社会	192307
而且 可以	100
而且 还有	90
而且 需要	80
而且 比较	70
而且我 还	253731
而且我 觉得	208955
而且我 真的	149253
而且我 也	134328
而且我 是	89552
而且我 现在	89552
而且我 发现	74626
而已 你	159090
而已 吧	159090
而已 我	136363
而已 哈哈	113636
而我 却	297297
而我 还	216216
而我 是	189189
而我 的	162162
而我 在	135135
而是 你	588235
而是 他	264705
而是 我	147058
耐心 等待	500000
耐心 的	229166
耐心 等	145833
耐心 等等	125000
耗时 比较	100
耗时 很短	90
耗时 正常	80
耗时 记录	70
耳朵 是	169491
耳朵 都	152542
耳朵 上	135593
耳朵 的	135593
耳朵 好	118644
耳朵 有	118644
耳朵 会	84745
耳朵 里	84745
耳机 了	321428
耳机 听	285714
耳机 听歌	214285
耳机 是	178571
耳洞 了	650000
耳洞 的	350000
耽误 了	500000
耽误 你	305555
耽误 我	194444
聊天 了	242424
聊天 的	230303
聊天 吗	103030
聊天 呢	66666
聊天 么	54545
聊天 吧	54545
聊天 背景	48484
聊着 聊着	631578
聊着 就	368421
聊聊 就	473684
聊聊 了	210526
聊聊 人生	184210
聊聊 作曲	131578
聊聊就 知道	1000000
职业 是	666666
职业 学院	333333
联想 已经	100
联想 关闭	90
联想 设置	80
联想 候选	70
联系 一下	100
联系 客户	90
联系 我们	80
联系 对方	70
联系方式 吗	600000
联系方式 给	400000
联通 的	1000000
聪明 的	454545
聪明 了	201298
聪明 吗	45454
聪明 呢	45454
聪明 吧	38961
聪明 又	32467
聪明 可爱	32467
肌肉 了	526315
肌肉 的	473684
肚子 里	226666
肚子 上	177777
肚子 好	106666
肚子 了	80000
肚子 还	62222
肚子 都	53333
肚子 的	48888
肚子 不	44444
肚子上 的	1000000
肚子饿 了	1000000
肤浅 的	1000000
肯定 是	215561
肯定 会	93750
肯定 的	61224
肯定 有	54209
肯定 要	52295
肯定 不	45280
肯定 没	35076
肯定 也	31887
肯定会 有	375000
肯定会 的	333333
肯定会 去	291666
肯定是 你	295454
肯定是 有	159090
肯定是 我	147727
肯定是 想	102272
肯定是 不	79545
肯定是 个	79545
肯定是 故意	68181
肯定是 的	68181
肯定有 的	391304
肯定有 她	347826
肯定比 你	565217
肯定比 我	434782
肯定没 问题	650000
肯定没 你	350000
胃口 好	394736
胃口 大	157894
胃口 就	157894
胃口 没	157894
胃口 了	131578
胆子 大	452380
胆子 小	238095
胆子 好	190476
胆子 也	119047
背后 的	697674
背后 有	162790
背后 是	139534
背影 好	250000
背影 就	250000
背影 都	250000
背景 是	500000
背景 的	500000
背景音乐 是	1000000
背着 我	779411
背着 你	147058
背着 小	73529
胖子 的	361904
胖子 是	95238
胖子 你	76190
胖子 也	66666
胖子 了	57142
胖子 吗	57142
胖子 呢	47619
胳膊 上	523809
胳膊 了	238095
胳膊 和	238095
胸口 说	1000000
能 不能	114273
能 吃	48093
能 看到	32809
能 说	30426
能 有	29444
能 看	25238
能 不	21592
能 把	20891
能不能 给	96676
能不能 别	63444
能不能 好好	60422
能不能 愉快	54380
能不能 把	54380
能不能 有点	48338
能不能 说	48338
能不能 让	45317
能不能愉快 的	705882
能不能愉快 地	294117
能不能给 我	1000000
能买 到	865384
能买 的	134615
能做 的	439024
能做 什么	341463
能做 朋友	219512
能力 的	310810
能力 有限	297297
能力 强	162162
能力 了	94594
能力 是	67567
能力 都	67567
能去 哪	444444
能去 你	277777
能去 看	277777
能吃 的	251655
能吃 吗	165562
能吃 到	132450
能吃 是	86092
能吃 了	72847
能吃 能	72847
能吃 么	59602
能告诉 我	901960
能告诉 你	98039
能告诉我 怎么	366666
能告诉我 这	266666
能告诉我 你	200000
能告诉我 吗	166666
能和 你	767441
能和 我	232558
能回去 吗	1000000
能在 一起	736842
能在 北京	263157
能带 我	642857
能带 你	357142
能找到 你	588235
能找到 我	411764
能把 我	440000
能把 你	400000
能把 人	160000
能有 什么	247191
能有 多	157303
能有 个	146067
能有 你	89887
能有 好	67415
能有 我	67415
能有 一个	56179
能有 机会	56179
能看 出来	600000
能看 的	152941
能看 了	94117
能看 完	82352
能看 吗	70588
能看到 你	562500
能看到 我	171875
能看到 他	93750
能看到 的	93750
能看到 就	78125
能看见 你	650000
能看见 我	350000
能穿 的	666666
能穿 上	333333
能给 我	560975
能给 你	341463
能给 个	97560
能被 你	1000000
能见到 你	684210
能见到 我	315789
能让 我	395348
能让 你	360465
能让 人	104651
能让 自己	81395
能让 你们	58139
能说 我	446808
能说 什么	425531
能说 你	74468
能说 点	53191
能跟 你	1000000
能过 的	600000
能过 得	400000
能送 我	700000
能送 你	300000
能量 的	440476
能量 爆棚	178571
能量 了	107142
能量 满满	107142
能量 呢	71428
能问 一个	387096
能问 一下	322580
能问 下	290322
脆弱 的	735294
脆弱 了	264705
脏话 了	705882
脏话 吗	294117
脑子 是	170731
脑子 有	164634
脑子 的	115853
脑子 不好	79268
脑子 都	79268
脑子 没	73170
脑子 进水	60975
脑子是 个	1000000
脑子是个 好	1000000
脑海 里	1000000
脑袋 里	352941
脑袋 上	294117
脑袋 都	205882
脑袋 不好	147058
脖子 上	489795
脖子 的	122448
脖子 以下	102040
脖子 了	81632
脖子 好	51020
脖子 是	51020
脖子 里	51020
脖子 长	51020
脱发 了	368421
脱发 吗	368421
脱发 的	263157
脸 大	100000
脸 都	72950
脸 了	58196
脸 的	57377
脸 好	47540
脸 是	41803
脸 小	40163
脸 不	32786
脸上 的	410256
脸上 有	145299
脸上 长	94017
脸上 贴金	68376
脸上 也	59829
脸上 了	59829
脸上 痘痘	59829
脸上 都	59829
脸大 的	533333
脸大 了	466666
脸太 大	1000000
脸好 大	705882
脸好 小	294117
脸看上去 就	1000000
脸看上去就 得	1000000
脸红 的	687500
脸红 了	312500
脾气 不好	241379
脾气 了	189655
脾气 大	120689
脾气 太	120689
脾气 的	120689
脾气 都	120689
脾气 也	86206
腿短 的	500000
腿短 而已	500000
膨胀 了	766666
膨胀 的	233333
自 在	352201
自 黑	333333
自 认为	88050
自 以为	81761
自 会	56603
自 媒体	56603
自 提	31446
自从 我	404255
自从 你	148936
自从 有	127659
自从 上班	106382
自从 关注	106382
自从 看	106382
自信 的	505154
自信 了	175257
自信 点	113402
自信 是	61855
自信 一点	51546
自信的 微笑	1000000
自信的微笑 感动	1000000
自动 回复	413793
自动 屏蔽	206896
自动 的	206896
自动 发	172413
自卑 了	588235
自卑 的	411764
自在 人心	375000
自在 了	312500
自在 的	312500
自家 的	1000000
自己 处理	100
自己 选择	90
自己 检查	80
自己 决定	70
自己一个 人	1000000
自己不 喜欢	305555
自己不 知道	305555
自己不 给	250000
自己不 觉得	138888
自己也 是	258620
自己也 不	224137
自己也 会	120689
自己也 可以	120689
自己也 有	103448
自己也 能	86206
自己也 说	86206
自己买 的	614035
自己买 了	263157
自己买 个	122807
自己做 的	918604
自己做 了	81395
自己写 的	1000000
自己去 看	280701
自己去 买	245614
自己去 的	228070
自己去 找	140350
自己去 吧	105263
自己吃 了	280000
自己吃 的	280000
自己吃 吧	240000
自己喜欢 的	943925
自己喜欢 就	56074
自己喜欢的 事	333333
自己喜欢的 事情	235294
自己喜欢的 人	215686
自己喜欢的 工作	117647
自己喜欢的 东西	98039
自己好 点	408163
自己好 一点	265306
自己好 吗	204081
自己好 了	122448
自己就 好	1000000
自己开心 就	538461
自己开心 最	230769
自己开心 的	230769
自己想 做	868421
自己想做 的	1000000
自己想要 的	857142
自己想要 什么	142857
自己想要的 生活	533333
自己想要的 样子	466666
自己找 的	562500
自己找 个	437500
自己是 个	700000
自己是 一个	150000
自己是 什么	150000
自己的 生活	67542
自己的 内心	45028
自己的 人	39399
自己的 想法	37523
自己的 心	35647
自己的 身体	35647
自己的 事	33771
自己的 孩子	30018
自己看 的	1000000
自己给 自己	821428
自己给 的	178571
自己说 的	788461
自己说 的话	115384
自己过 得	400000
自己过 好	350000
自己过 的	250000
自己都 不	432432
自己都 没	175675
自己都 觉得	135135
自己都 没有	108108
自己都 说	81081
自己都 是	67567
自己都不 知道	687500
自己都不 信	312500
自带 的	688524
自带 所有	196721
自带 相机	114754
自恋 了	457142
自恋 的	400000
自愿 的	1000000
自我 了	318181
自我 的	250000
自我 反省	204545
自我 保护	113636
自我 修养	113636
自我感觉 太	550000
自我感觉 良好	450000
自然 就	281879
自然 的	221476
自然 会	134228
自然 是	73825
自然 好	53691
自然 点	46979
自然 了	40268
自然 流露	40268
自由 的	222222
自由 了	96296
自由 是	51851
自由 活动	44444
自由行 吗	368421
自由行 的	368421
自由行 还是	263157
自私 的	1000000
自行车 了	360000
自行车 的	240000
自行车 去	200000
自行车 还	200000
臭美 的	555555
臭美 了	444444
至于 么	526315
至于 吗	473684
至今 还	300000
至今 没	200000
至今 没有	175000
至今 都	175000
至今 不	150000
至少 我	202127
至少 有	90425
至少 你	69148
至少 是	69148
至少 可以	63829
至少 要	58510
至少 也	47872
至少 会	47872
舍不得 了	173913
舍不得 我	159420
舍不得 花	159420
舍不得 的	130434
舍不得 买	72463
舍不得 吃	72463
舍不得 离开	72463
舍友 的	281250
舍友 都	281250
舍友 说	250000
舍友 也	187500
舍得 我	219512
舍得 让	170731
舍得 吗	146341
舍得 走	146341
舒服 的	304761
舒服 了	233333
舒服 吗	85714
舒服 点	57142
舒服 就	52380
舒服 多	38095
舒服 我	33333
舞台 上	764705
舞台 王者	235294
良好 的	466666
良心 不会	547619
良心 的	285714
良心 了	166666
艰苦 的	1000000
艰难 的	681818
艰难 了	204545
艺术 的	333333
艺术 生	313725
艺术 气息	137254
艺术 献身	117647
艺术 学院	98039
节奏 吗	221428
节奏 了	164285
节奏 么	157142
节奏 大师	42857
节奏 吧	35714
节奏 是	35714
节目 里	150000
节目 了	121428
节目 的	114285
节目 都	78571
节目 吗	64285
节目 呢	57142
节目 看	50000
芒果 台	516129
芒果 的	322580
芒果 干	161290
芝士 蛋糕	642857
芝士 的	357142
花 了	323731
花 的	119341
花 开	96021
花 不	27434
花 在	27434
花 时间	21947
花 你	20576
花了 吗	546875
花了 多少	218750
花了 一块钱	140625
花了 我	93750
花儿 都	409090
花儿 与	363636
花儿 一样	227272
花开 的	416666
花开 了	291666
花开 月	291666
花痴 了	576923
花痴 的	230769
花花 的	666666
花花 你	333333
花钱 的	487179
花钱 了	128205
花钱 就是	128205
花钱 都	128205
苍老 了	307692
苍蝇 不	600000
苍蝇 馆子	400000
苏州 了	380952
苏州 的	380952
若 是	280000
若 安好	213333
若 只	160000
若 在	106666
若 你	93333
若 有	80000
若 不是	66666
英语 的	131868
英语 不好	120879
英语 好	98901
英语 了	87912
英语 作业	76923
英语 作文	65934
英语 我	65934
英语 是	65934
英雄 联盟	647058
英雄 都	352941
苹果 的	211538
苹果 手机	192307
苹果 了	76923
苹果 自带	76923
苹果 是	67307
苹果 不	57692
苹果 和	57692
范围 已经	100
范围 确认	90
范围 如下	80
范围 明确	70
茶 的	371428
茶 也	228571
茶 了	200000
荣幸 和	538461
荣幸 了	192307
莫名 的	804878
莫名 想	97560
莫名 觉得	97560
莫名其妙 的	702127
莫名其妙 就	148936
莫名其妙 涌出来	148936
莫名的 喜感	388888
莫名的 开心	333333
莫名的 尴尬	277777
莫非 你	675000
莫非 是	325000
菌子 不要	500000
菌子 吃	500000
营养 的	526315
营养 跟不上	184210
营养 又	131578
营销 号	1000000
落后 了	647058
落后 的	352941
落地 了	409090
落地 成	363636
落地 的	227272
蓝色 的	793103
蓝色 是	80459
蓝色 那个	68965
蓝色 港湾	57471
虚伪 的	1000000
虽然 我	360482
虽然 不	95022
虽然 是	64856
虽然 你	54298
虽然 没	37707
虽然 不是	24132
虽然 没有	24132
虽然不 知道	1000000
虽然我 也	355932
虽然我 不	186440
虽然我 知道	110169
虽然我 是	93220
虽然我 没	84745
虽然我 还	67796
虽然我 觉得	42372
虽然我也 不	562500
虽然我也 是	437500
蚂蚁 花	611111
蚂蚁 森林	222222
蚂蚁 上	166666
蚊子 的	434782
蚊子 了	260869
蚊子 都	173913
蚊子 就	130434
蛋糕 的	214285
蛋糕 吃	178571
蛋糕 了	130952
蛋糕 好	95238
蛋糕 是	83333
蛋糕 也	59523
蛋糕 吗	59523
蛋蛋 的	883720
蛋蛋 了	116279
融化 了	1000000
行 吧	228941
行 不	90712
行 吗	86393
行 了	80993
行 的	71274
行 么	44276
行且 珍惜	1000000
行业 的	684210
行业 都	315789
行了 吧	631578
行其他 都	1000000
行其他都 完美	1000000
行动 起来	413793
行动 了	206896
行动 派	206896
行动 的	172413
行吧 我	333333
行走 的	846153
行走 在	153846
衣服 的	107904
衣服 都	100376
衣服 了	70263
衣服 是	46424
衣服 好看	43914
衣服 我	27603
补偿 你	500000
补偿 我	500000
表情 是	164473
表情 了	151315
表情 好	144736
表情 都	78947
表情 也	65789
表情 太	65789
表扬 你	333333
表扬 我	277777
表扬 一下	222222
表扬 了	166666
表格 已经	100
表格 保存	90
表格 打开	80
表格 内容	70
表演 的	480000
表演 了	280000
表演 一个	240000
表现 的	356164
表现 出	150684
表现 得	95890
表现 了	82191
表现 出来	82191
表现 还	82191
表现 好	68493
表白 了	238461
表白 我	111538
表白 的	80769
表白 你	69230
表白 张	69230
表白 吗	53846
表白 吧	46153
表示 我	110144
表示 不服	63768
表示 不	60869
表示 没	43478
表示 你	40579
表示 也	37681
表示 还	31884
表示很 羡慕	500000
表示很 开心	269230
表示很 无奈	230769
表达 的	262500
表达 什么	237500
表达 我	181250
表达 了	75000
表达 自己	68750
表达 不	56250
表达 一下	50000
表达 对	37500
表达我 的	600000
表达我 对	400000
表达的 意思	647058
表达的 是	352941
表面 上	625000
表面 的	375000
袜子 都	333333
袜子 也	222222
袜子 的	222222
被 你	241625
被 我	102047
被 人	80334
被 发现	36600
被 打	34429
被 别人	22022
被 他	21401
被 黑	16439
被人 说	354838
被人 打	290322
被人 表白	193548
被人 笑	161290
被企鹅 欺负	1000000
被企鹅欺负 了	1000000
被你 发现	579812
被你 看	75117
被你 说	68075
被你 的	51643
被你 知道	35211
被你 吃	28169
被你 笑	21126
被你发现 了	1000000
被你看 出来	1000000
被删 了	1000000
被发现 了	940476
被发现 的	59523
被嫌弃 了	631578
被嫌弃 的	368421
被子 里	307692
被子 了	134615
被子 的	134615
被子 都	134615
被子 也	96153
被子 我	96153
被子 是	96153
被我 的	257142
被我 发现	228571
被我 吃	157142
被我 说	114285
被我 拉	100000
被我 传染	71428
被我 自己	71428
被打 脸	355555
被打 了	288888
被打 的	244444
被打 吗	111111
被拉 黑	791666
被拉 去	208333
被窝 里	877551
被窝 了	71428
被窝 是	51020
被翻牌 了	1000000
被黑 的	500000
被黑 了	272727
被黑 得	227272
装作 听不懂	257142
装作 没	228571
装作 不	200000
装作 什么	142857
装修 的	300000
装修 了	240000
装修 好	240000
装修 房子	120000
装修 公司	100000
裙子 了	204379
裙子 的	153284
裙子 好看	131386
裙子 好	109489
裙子 是	102189
裙子 都	80291
裤子 是	138888
裤子 的	90277
裤子 都	90277
裤子 了	83333
裤子 也	69444
裤子 我	62500
裤子 好看	55555
西 西	426229
西 大	262295
西 了	114754
西 想	98360
西 的	98360
西安 的	296296
西安 了	283950
西安 女子	80246
西安 吗	55555
西安 有	49382
西安 也	43209
西安 人	43209
西安 是	43209
西瓜 的	243902
西瓜 了	219512
西瓜 吃	170731
西瓜 还	121951
西瓜 都	121951
西红柿 炒鸡蛋	666666
西红柿 鸡蛋	333333
西藏 了	391304
西藏 的	391304
要 去	72764
要 不要	51003
要 不	36355
要 吃	24922
要 看	24395
要 来	22867
要 的	20338
要 好好	16755
要一直 幸福	523809
要一直 一直	238095
要一直 这么	238095
要上班 了	444444
要上班 的	288888
要上课 了	687500
要下雨 了	1000000
要不 你	287206
要不 我	219321
要不 就	125326
要不 就是	49608
要不 去	44386
要不 我们	41775
要不 给	33942
要不 来	20887
要不你 来	377777
要不你 也	266666
要不你 就	244444
要不你 给	111111
要不我 也	350000
要不我 给	350000
要不我 去	300000
要不是 我	650000
要不是 你	350000
要不然 就	327586
要不然 我	275862
要不然 你	206896
要不然 就是	103448
要不然 怎么	86206
要不要 这么	179069
要不要 来	130232
要不要 我	113953
要不要 去	97674
要不要 一起	81395
要不要 给	60465
要不要 买	30232
要不要 那么	30232
要不要给 你	1000000
要为 你	352941
要为 我	352941
要为 自己	294117
要么 就是	272727
要么 是	254545
要么 就	181818
要么 死	109090
要么 不	90909
要么 你	90909
要买 的	319148
要买 什么	276595
要买 东西	148936
要买 个	148936
要买 吗	106382
要亲亲 抱抱	571428
要亲亲 要	428571
要你 的	540540
要你 自己	189189
要你 做	135135
要你 请	135135
要做 的	409638
要做 一个	204819
要做 什么	144578
要做 个	108433
要做 你	72289
要做 我	60240
要减肥 了	488888
要减肥 的	200000
要减肥 吗	177777
要减肥 么	133333
要加上 聪慧	1000000
要加油 了	296296
要去 看	135042
要去 哪里	88888
要去 吃	75213
要去 的	68376
要去 哪	61538
要去 找	47863
要去 买	42735
要去 看看	39316
要吃 的	304761
要吃 什么	180952
要吃 你	114285
要吃 了	85714
要吃 好吃	76190
要吃 点	76190
要吃 好	66666
要吃 多少	47619
要告诉 我	580645
要告诉 你	419354
要命 了	500000
要命 的	500000
要和 你	610000
要和 我	260000
要和 你们	80000
要和 高	50000
要回 学校	526315
要回 的	184210
要回 我	157894
要回 上海	131578
要回家 了	833333
要回家 吗	166666
要回来 了	764705
要回来 的	235294
要在 一起	305555
要在 你	194444
要在 我	194444
要在 这	166666
要在 这里	138888
要多 吃	282051
要多 注意	192307
要多 看	76923
要多 运动	76923
要多 休息	64102
要多 大	64102
要好好 的	378238
要好好 照顾	139896
要好好 休息	124352
要好好 珍惜	88082
要好好 吃饭	62176
要好好 加油	46632
要好好 努力	46632
要好好 享受	31088
要好好照顾 自己	1000000
要学 的	529411
要学 着	470588
要对 自己	578947
要对 我	236842
要对 你	184210
要小心 点	434782
要小心 了	304347
要少 吃	640000
要带 我	285714
要带 着	285714
要带 你	190476
要带 个	119047
要带 什么	119047
要幸福 要	294117
要开 演唱会	1000000
要开始 了	666666
要开始 减肥	333333
要开学 了	1000000
要开心 快乐	312500
要开演唱会 了	1000000
要得 要	1000000
要我 要	268656
要我 去	134328
要我 怎么	119402
要我 给	119402
要我 就	104477
要我 把	89552
要我 说	89552
要我 的	74626
要打 我	392857
要打 你	250000
要打 他	178571
要打 十个	178571
要找 个	592592
要找 你	234567
要找 工作	86419
要找 我	86419
要找个 那么	526315
要找个 对象	473684
要把 你	410256
要把 我	358974
要把 自己	153846
要把 它	76923
要早点 休息	550000
要早点 睡觉	450000
要是 不	133655
要是 我	104669
要是 有	88566
要是 能	88566
要是 你	61191
要是 在	46698
要是 没	37037
要是 真的	33816
要是不 分手	1000000
要是不分手 我们	1000000
要有 的	292134
要有 个	235955
要有 自己	112359
要有 信心	89887
要有 自信	89887
要有 时间	67415
要有 一个	56179
要有 多	56179
要来 了	352941
要来 武汉	156862
要来 找	111111
要来 吗	84967
要来 的	58823
要来 北京	39215
要来 就	39215
要毕业 了	1000000
要求 已经	100
要求 确认	90
要求 如下	80
要求 明确	70
要求太 高	1000000
要注意 身体	492307
要注意 保暖	123076
要注意 休息	107692
要注意 了	69230
要注意 点	69230
要注意 的	38461
要注意 自己	38461
要点 脸	1000000
要照顾 好	1000000
要照顾好 自己	1000000
要生 了	500000
要生 孩子	500000
要用 的	450000
要用 完	300000
要用 这个	250000
要的 就是	298969
要的 要	288659
要的 是	195876
要的 你	61855
要的 吗	51546
要的 我	51546
要的就是 这种	380952
要的就是 这	333333
要的就是 这个	285714
要相信 自己	425000
要相信 我	375000
要相信 你	200000
要看 你	327868
要看 脸	122950
要看 我	114754
要看 的	90163
要看 完	57377
要看 是	57377
要看 人	49180
要看 什么	49180
要睡觉 了	1000000
要笑 死	1000000
要笑死 我	666666
要笑死 了	333333
要等 我	566666
要等 你	233333
要等 着	200000
要约 么	511111
要约 我	244444
要约 你	133333
要约 吗	111111
要结婚 了	950000
要结婚 的	50000
要结婚了 吗	642857
要给 我	451807
要给 你	397590
要给 他	60240
要给 自己	54216
要给 个	36144
要考试 了	793103
要考试 吗	206896
要被 你	472222
要被 我	194444
要被 打	194444
要被 折磨	138888
要让 我	326923
要让 他	230769
要让 自己	230769
要让 你	211538
要说 的	326530
要说 什么	285714
要说 我	163265
要说 你	122448
要说 出来	102040
要请 我	783783
要请 你	148648
要请 吃饭	67567
要请我 吃饭	636363
要请我 吃	363636
要走 了	714285
要走 的	142857
要走 完	77922
要走 到	64935
要跟 你	518518
要跟 我	342592
要跟 他	92592
要跟 你们	46296
要跟我 分手	736842
要跟我 说	263157
要送 我	714285
要送 你	285714
要钱 吗	350000
要钱 的	350000
要钱 了	300000
要降温 了	1000000
见 你	175547
见 了	82778
见 我	72787
见 不到	40437
见 的	22835
见 人	18553
见 着	15699
见不到 了	361702
见不到 你	319148
见不到 我	319148
见个 面	1000000
见了 我	380952
见了 吧	333333
见了 你	285714
见你 了	670454
见你 的	181818
见你 发	90909
见你 在	56818
见到 你	493188
见到 我	111716
见到 的	95367
见到 了	84468
见到 他	81743
见到 她	21798
见到 谁	21798
见到他 了	687500
见到他 的	312500
见到你 了	571428
见到你 的	196428
见到你 就	107142
见到我 了	571428
见到我 的	428571
见我 了	375000
见我 的	375000
见我 吧	125000
见我 就	125000
见笑 了	736842
见笑 见笑	263157
见见 你	722222
见见 我	277777
见证 了	687500
见证 你	312500
见识 了	354838
见识 见识	290322
见识 到	193548
见识 少	161290
见过 你	274096
见过 这么	108433
见过 的	99397
见过 我	78313
见过 他	66265
见过 了	63253
见过 最	48192
见过这么 机灵	1000000
见面 了	388489
见面 的	201438
见面 就	129496
见面 我	64748
见面 呢	50359
见面 说	50359
见面 吧	35971
观众 的	518518
观众 都	296296
观众 对	185185
观察 的	736842
观察 了	263157
规律 是	409090
规律 了	295454
规律 的	295454
规律是 死	1000000
规律是死 的	1000000
规格 已经	100
规格 确认	90
规格 如下	80
规格 一致	70
觉得 可以	100
觉得 合适	90
觉得 不错	80
觉得 需要	70
觉得一个 人	1000000
觉得也 是	1000000
觉得他 是	256410
觉得他 的	179487
觉得他 会	128205
觉得他 在	128205
觉得你 的	129746
觉得你 是	104430
觉得你 说	69620
觉得你 可以	63291
觉得你 也	47468
觉得你 应该	47468
觉得你 在	41139
觉得你说 的	1000000
觉得她 的	450000
觉得她 好	250000
觉得好 幸福	444444
觉得好 难	296296
觉得好 用	259259
觉得应该 是	705882
觉得应该 有	294117
觉得很 好看	229729
觉得很 好	175675
觉得很 可爱	108108
觉得很 奇怪	108108
觉得很 好吃	81081
觉得很 幸运	81081
觉得很 舒服	81081
觉得很 像	67567
觉得我 文笔	121212
觉得我 是	114478
觉得我 的	97643
觉得我 自己	53872
觉得我 也	50505
觉得我 能	50505
觉得我 有	43771
觉得我 要	40404
觉得是 这样	391304
觉得是 在	347826
觉得是 我	260869
觉得自己 是	236111
觉得自己 好	166666
觉得自己 没	111111
觉得自己 有	69444
觉得自己 的	69444
觉得还 可以	438596
觉得还 不错	263157
觉得还 没	87719
觉得这 是	1000000
觉醒 来	725000
觉醒 了	275000
角度 问题	560000
角度 的	104000
角度 不同	88000
角度 好	56000
角度 想	56000
角度 来	48000
角度 角度	48000
角度 去	40000
角色 的	684210
角色 都	315789
解决 了	430463
解决 的	317880
解决 一下	52980
解决 一切	46357
解决 吗	46357
解决 好	39735
解决 烦恼	33112
解决 这个	33112
解决不了 的	714285
解决不了 问题	285714
解忧 杂货店	520000
解忧 唯有	480000
解放 了	1000000
解脱 了	1000000
解释 了	251908
解释 下	152671
解释 的	137404
解释 不	83969
解释 我	68702
解释 解释	61068
解释 什么	45801
警察 叔叔	585714
警察 蜀黍	157142
警察 的	100000
警察 来	85714
警察 医生	71428
计划 已经	100
计划 开始	90
计划 安排	80
计划 调整	70
订单 已经	100
订单 确认	90
订单 安排	80
订单 数量	70
订好 了	1000000
订婚 了	1000000
认不出 你	666666
认不出 了	333333
认不出来 了	1000000
认为 的	189349
认为 你	165680
认为 对	142011
认为 我	130177
认为 是	124260
认为 这	65088
认为 自己	47337
认为 他	41420
认出 你	477272
认出 我	386363
认出 了	136363
认出来 了	531250
认出来 你	281250
认出来 的	187500
认得 我	413793
认得 你	344827
认得 出	241379
认清 自己	625000
认清 了	375000
认真 的	550000
认真 了	90909
认真 看	75000
认真 脸	36363
认真 工作	31818
认真 点	27272
认真 做	25000
认真 你	20454
认真的 吗	524590
认真的 在	147540
认真的 样子	131147
认真的 说	114754
认真的 看	81967
认识 你	258893
认识 的	227272
认识 我	108695
认识 了	107707
认识 他	34584
认识 吗	22727
认识 到	20750
认识你 的	358208
认识你 了	268656
认识你 吗	119402
认识你 也	104477
认识你 是	74626
认识我 吗	419354
认识我 的	322580
认识我 了	258064
认识的 人	542168
认识的 菌子	144578
认识的 一个	72289
认识的 不	60240
认识的 时候	60240
认识的 朋友	60240
认识的 那个	60240
认错 人	653061
认错 了	346938
认错人 了	1000000
讨厌 你	259946
讨厌 的	180371
讨厌 我	98143
讨厌 了	63660
讨厌 她	47745
讨厌 死	34482
讨厌 他	31830
讨厌 别人	29177
讨厌的 人	761904
讨厌的 是	238095
讨论 一下	100
讨论 方案	90
讨论 问题	80
讨论 结果	70
让 我	359242
让 你	236206
让 人	90817
让 他	53966
让 我们	45710
让 自己	41683
让 她	24164
让 他们	18123
让不让 人	666666
让不让 我	333333
让人 羡慕	162337
让人 觉得	142857
让人 失望	77922
让人 不	64935
让人 喜欢	64935
让人 心疼	64935
让人 想	45454
让他 自己	255319
让他 太	191489
让他 知道	191489
让他 看到	148936
让他 去	106382
让他 把	106382
让你 不	86651
让你 吃	53864
让你 知道	51522
让你 失望	46838
让你 的	46838
让你 下来	44496
让你 看	44496
让你 去	37470
让你下来 你	1000000
让我 来	76271
让我 去	53268
让我 想起	43583
让我 觉得	36319
让我 看看	27845
让我 再	26634
让我 给	25423
让我们 一起	476190
让我们 这些	261904
让我们 失望	142857
让我们 红尘	119047
让我想起 了	1000000
让给 你	739130
让给 我	260869
让自己 开心	222222
让自己 不	166666
让自己 的	111111
让自己 变	97222
让自己 变得	97222
让自己 那么	83333
让自己 太	69444
训练 的	368421
训练 了	315789
记不住 了	666666
记住 了	500000
记住 你	261538
记住 我	146153
记住 的	92307
记住你 了	1000000
记录 已经	100
记录 保存	90
记录 完整	80
记录 更新	70
记得 我	139751
记得 你	119565
记得 了	91614
记得 带	48136
记得 给	34937
记得 是	26397
记得 吃	23291
记得 有	23291
记得你 是	274509
记得你 的	274509
记得你 说	254901
记得你 以前	98039
记得你 好像	98039
记得我 的	282608
记得我 吗	239130
记得我 了	217391
记得我 生日	152173
记得我 不	108695
记得给 我	1000000
记忆 中	518518
记忆 的	296296
记忆 都	185185
记性 真	375000
记性 不好	333333
记性 好	291666
记错 了	896551
记错 的话	103448
讲 真	233151
讲 的	145719
讲 个	76502
讲 了	72859
讲 我	71038
讲 得	56466
讲 什么	36429
讲个 笑话	1000000
讲道理 的	642857
许可 说明	100
许可 已经	90
许可 明确	80
许可 文件	70
论文 了	230769
论文 写	192307
论文 的	128205
论文 都	115384
论文 要	89743
论文 还	89743
论文 也	76923
论文 呢	76923
讽刺 我	523809
讽刺 你	238095
讽刺 的	238095
设 的	322580
设 还	193548
设 么	161290
设 了	161290
设 是	161290
设置 完成	100
设置 好了	90
设置 选项	80
设置 页面	70
设计 的	791666
设计 好	104166
设计 都	104166
证明 你	330645
证明 我	185483
证明 了	145161
证明 一下	56451
证明 他	56451
证明 自己	56451
证明 是	48387
证明 什么	40322
评价 了	684210
评价 都	315789
诅咒 你	500000
诅咒 别人	176470
诅咒 我	176470
诅咒 他	147058
试试 吧	234234
试试 我	126126
试试 就	99099
试试 了	81081
试试 去	72072
试试 能	72072
试试 你	63063
诚实 的	1000000
话 说	519423
话 的	46365
话 我	39473
话 是	30075
话 多	28822
话 了	28195
话 都	25689
话 你	23182
话不 多	739130
话不 说	260869
话的 时候	500000
话的 事	250000
话的 人	250000
话说 你	395683
话说 我	263788
话说 的	79136
话说 这	50359
话说 你们	45563
话说 现在	28776
话说 今天	19184
话说 到	16786
话说你 是	238095
话说你 怎么	190476
话说你 的	190476
话说你 现在	142857
话说你 在	119047
话说你 都	119047
话说我 也	625000
话说我 今天	375000
话题 了	593750
话题 的	218750
话题 里	187500
该 怎么	104638
该 怎么办	74433
该 说	65803
该 吃	45307
该 有	43149
该 去	37756
该 多	32362
该 睡觉	32362
该做 的	761904
该做 什么	238095
该怎么 做	450000
该怎么 回答	300000
该怎么 安慰	250000
该有 的	678571
该有 多	321428
该来 的	1000000
该睡觉 了	1000000
该说 什么	1000000
详细 的	722222
详细 说	277777
语文 老师	568965
语文 是	120689
语文 水平	120689
语文 没	103448
语文 不好	86206
误会 了	666666
误会 我	200000
误会 的	133333
诱人 的	333333
诱人 了	238095
诱惑 我	522222
诱惑 的	111111
诱惑 了	100000
诱惑 你	100000
诱惑 到	88888
诱惑 人	77777
说 一下	100
说 清楚	90
说 了	80
说 什么	70
说下 就	1000000
说不 知道	212500
说不 喜欢	187500
说不 爱	125000
说不 说	125000
说不 好看	100000
说不 去	87500
说不 好吃	87500
说不 认识	75000
说不出 的	520000
说不出 话	480000
说不定 你	149659
说不定 就	149659
说不定 我	129251
说不定 还	102040
说不定 是	68027
说不定 有	61224
说不定 能	61224
说不定 会	47619
说中 了	1000000
说了 我	189024
说了 你	140243
说了 多少	73170
说了 一句	67073
说了 是	67073
说了 什么	42682
说了 吗	39634
说了 要	30487
说些 什么	1000000
说人 话	1000000
说什么 都	293577
说什么 了	243119
说什么 呢	114678
说什么 我	87155
说什么 好	64220
说什么 时候	36697
说什么 吗	27522
说什么都 对	897959
说什么都 是	102040
说他 是	174603
说他 爱	158730
说他 喜欢	126984
说他 有	126984
说他 会	111111
说他 的	111111
说他 要	95238
说你 是	102816
说你 的	76056
说你 不	56338
说你 要	49295
说你 自己	42253
说你 在	36619
说你 怎么	33802
说你 呢	29577
说出 了	523364
说出 你	420560
说出 这样的话	56074
说出了 我	800000
说出了 心声	200000
说出了我 的	1000000
说出你 的	1000000
说出你的 故事	1000000
说出来 的	242857
说出来 了	200000
说出来 让	171428
说出来 你	128571
说出来 都	100000
说出来 我	85714
说出来 就	71428
说到 我	684210
说到 心坎	315789
说反 话	533333
说反 了	466666
说吃 榴莲	1000000
说多 了	890909
说多 都	109090
说多了 都	1000000
说大 实话	1000000
说她 是	588235
说她 的	411764
说好 的	706371
说好 了	102493
说好 不	74792
说好 说	60941
说好 一起	22160
说好 做	16620
说好 要	16620
说好不 转发	1000000
说好不转发 吗	1000000
说好的 低调	355932
说好的 减肥	305084
说好的 不	186440
说好的 一起	152542
说好的低调 呢	1000000
说完 我	461538
说完 了	346153
说完 就	192307
说实话 我	500000
说实话 你	216666
说实话 的	150000
说实话 了	133333
说实话我 也	600000
说实话我 觉得	400000
说对 了	1000000
说得 我	232558
说得 好像	201550
说得 真	108527
说得 这么	100775
说得 太	77519
说得 太好了	62015
说得 你	54263
说想 吃	642857
说想 去	357142
说我 是	83424
说我 的	82327
说我 也	55982
说我 不	49396
说我 都	47200
说我 要	38419
说我 没	34028
说我 吗	32930
说我也 要说	333333
说我也 不	250000
说我也 知道	208333
说我也 要	208333
说我都 没	529411
说我都 不	470588
说明 一下	100
说明 原因	90
说明 情况	80
说明 文件	70
说明你 的	323529
说明你 是	205882
说明你 在	176470
说明你 还是	147058
说是 非常	242038
说是 我	114649
说是 就是	82802
说是 你	63694
说是 不	44585
说是 吧	44585
说是 谁	44585
说服 不了	333333
说服 我	333333
说服 自己	333333
说来 着	617021
说来 就	276595
说来 找	106382
说点 什么	512820
说点 好听	230769
说点 好	128205
说点 现实	128205
说爱 我	666666
说爱 你	333333
说的 是	229333
说的 对	94400
说的 好	66133
说的 我	62933
说的 都	41600
说的 好像	35200
说的 就是	29866
说的也 是	794871
说的也 对	205128
说的太 对	1000000
说的好 有	703703
说的好 对	296296
说的好像 你	562500
说的好像 我	281250
说的好像 你们	156250
说的就是 你	806451
说的就是 我	193548
说的很 对	596491
说的很 有	298245
说的很 好	105263
说的我 都	490909
说的我 不	418181
说的我 也	90909
说的是 我	230769
说的是 你	213675
说的是 实话	119658
说的是 真的	102564
说的是 什么	85470
说的是 谁	85470
说的是 事实	68376
说的是 哪	51282
说的有 道理	1000000
说的真 好	695652
说的真 对	304347
说的都 对	622950
说的都 是	377049
说着 说	642857
说着 我	357142
说笑 了	611111
说笑 的	388888
说给 我	580645
说给 你	419354
说自己 是	580645
说自己 的	258064
说自己 没	161290
说要 去	277777
说要 给	185185
说要 带	148148
说要 减肥	129629
说要 在	129629
说要 来	129629
说让 我	514285
说让 你	485714
说话 了	220408
说话 的	206122
说话 不	81632
说话 呢	55102
说话 就	42857
说话 都	42857
说话 我	38775
说话 也	30612
说话不 腰疼	1000000
说话的 人	400000
说话的 大	300000
说话的 时候	300000
说谁 呢	1000000
说走就走 的	1000000
说走就走的 旅行	1000000
说过 了	153846
说过 你	108974
说过 我	108974
说过 的	108974
说过 吗	83333
说过 要	83333
说过 他	51282
说这 是	1000000
说这种 话	1000000
说都 是	705882
说都 没	294117
说错 了	909090
请 你	299003
请 我	233665
请 吃饭	49095
请 不要	40605
请 叫	28423
请 了	21040
请 把	19564
请 你们	15503
请你 吃	532000
请你 吃饭	218000
请你 看	32000
请你 去	30000
请你 来	30000
请你 不要	24000
请你 吃火锅	20000
请你们 吃饭	550000
请你们 吃	450000
请你吃 好吃	384615
请你吃 大餐	282051
请你吃 个	179487
请你吃 顿饭	153846
请假 了	428571
请假 去	196428
请假 的	178571
请假 不	89285
请叫 我	902777
请叫 上	97222
请告诉 我	1000000
请客 吗	159420
请客 请客	144927
请客 的	130434
请客 了	101449
请客 你	101449
请客 么	86956
请客 吧	86956
请带上 我	1000000
请我 吃饭	459958
请我 吃	338809
请我 去	36960
请我 看	28747
请我 吃火锅	22587
请我 喝酒	14373
请我 吗	12320
请我吃 东西	285714
请我吃 个	163265
请我吃 吗	163265
请我吃 大餐	142857
请我吃 好吃	142857
请我吃 吧	102040
请我吃饭 就	183333
请我吃饭 的	166666
请我吃饭 了	133333
请我吃饭 吧	133333
请我吃饭 吗	116666
请我吃饭 我	100000
请把 你	500000
请把 我	500000
请教 一下	423076
请教 你	307692
请教 下	173076
请教 我	96153
请给 我	1000000
请问 你	344773
请问 一下	82683
请问 是	71762
请问 下	68642
请问 这	53042
请问 怎么	34321
请问 这个	32761
请问你 是	583333
请问你 的	175925
请问你 在	129629
请问你 有	64814
请问你 中午	46296
请问你是 在	500000
请问你是 怎么	500000
请问您 是	1000000
读书 的	286764
读书 少	235294
读书 了	213235
读书 好	58823
读书 多	51470
读书 不	36764
读书 我	36764
读书的 时候	1000000
谁 都	79119
谁 说	75847
谁 的	55026
谁 知道	47293
谁 了	44318
谁 让	41641
谁 叫	37180
谁不 知道	666666
谁不 喜欢	333333
谁也 不	428571
谁也 不能	257142
谁也 不想	171428
谁也 没	142857
谁叫 你	760416
谁叫 我	135416
谁叫 我们	52083
谁叫 需要	52083
谁告诉 你	567567
谁告诉 我	432432
谁和 我	590909
谁和 你	409090
谁喜欢 我	1000000
谁喜欢我 唱歌	1000000
谁家 的	878048
谁家 用	121951
谁是 谁	650000
谁是 你	350000
谁欺负 你	1000000
谁欺负你 了	1000000
谁的 青春	411764
谁的 小号	294117
谁知道 呢	475409
谁知道 你	295081
谁知道 是	98360
谁给 你	1000000
谁能 告诉	870370
谁能 想到	129629
谁能告诉 我	1000000
谁要 你	409090
谁要 和	363636
谁要 看	227272
谁让 你	773913
谁让 我	182608
谁让 你们	43478
谁让你 不	1000000
谁说 的	636904
谁说 我	148809
谁说 不是	77380
谁说 你	71428
谁说 要	35714
谁说 不	29761
谁跟 你	511627
谁跟 谁	302325
谁跟 我	186046
谁还 不是	315789
谁还 没	236842
谁还 没有	157894
谁还 能	157894
谁还 管	131578
谁都 不	200000
谁都 会	123076
谁都 有	123076
谁都 可以	115384
谁都 了不起	69230
谁都 想	69230
谁都 没	61538
谁都 不服	53846
调戏 你	342857
调戏 我	228571
调戏 了	142857
调戏 人家	142857
调戏 的	142857
调整 好	402985
调整 一下	179104
调整 心态	119402
调整 调整	119402
调整 了	104477
调整 下	74626
调理 好	705882
调理 的	294117
调皮 了	815789
调皮 的	184210
谈恋爱 了	443609
谈恋爱 的	157894
谈恋爱 吧	150375
谈恋爱 是	52631
谈恋爱 不	45112
谈恋爱 吗	37593
谈恋爱 就	37593
谢谢 你	100
谢谢 支持	90
谢谢 大家	80
谢谢 帮助	70
谢谢亲爱 的	1000000
谢谢你 的	570909
谢谢你 了	80000
谢谢你 也	69090
谢谢你 对	40000
谢谢你 我	36363
谢谢你 喜欢	32727
谢谢你 给	25454
谢谢你的 祝福	593750
谢谢你的 支持	140625
谢谢你的 鼓励	109375
谢谢你的 关心	78125
谢谢你的 安慰	78125
谢谢小 仙女	687500
谢谢小 哥哥	312500
谢谢您 的	805555
谢谢您 了	194444
谢谢我 的	705882
谢谢我 也	294117
谦虚 了	720000
谦虚 的	133333
谦虚 使	66666
貌似 是	194552
貌似 还	85603
貌似 没	77821
貌似 都	77821
貌似 你	62256
貌似 也	58365
貌似 我	58365
貌似 不	50583
负责 任	459016
负责 的	360655
负责 貌美如花	98360
负责 吃	81967
负面 情绪	666666
负面 的	333333
贡献 了	588235
贡献 票房	411764
贤惠 的	568181
贤惠 了	250000
质疑 我	588235
质疑 的	411764
质量 检查	100
质量 要求	90
质量 可以	80
质量 稳定	70
贪心 了	636363
贪心 的	363636
贫穷 限制	590909
贫穷 的	409090
购买 了	352941
购买 的	352941
购买 地址	294117
贴心 的	484848
贴心 了	151515
贴心 小	151515
贵阳 的	625000
贵阳 了	375000
费用 已经	100
费用 确认	90
费用 包含	80
费用 不含	70
资料 已经	100
资料 准备	90
资料 发送	80
资料 完整	70
资格 说	656250
资格 都	187500
资格 在	156250
资源 吗	440000
资源 的	260000
资源 都	100000
赚钱 了	272727
赚钱 的	259740
赚钱 买	103896
赚钱 多	90909
赚钱 养家	77922
赚钱 呢	64935
赞美 你	611111
赞美 我	388888
走 吧	100
走 了	90
走 过去	80
走 这边	70
走一 走	1000000
走上 了	411764
走上 人生	294117
走上 去	294117
走不 走	655172
走不 出来	344827
走了 我	162162
走了 吗	141891
走了 你	108108
走了 就	74324
走了 么	60810
走了 吧	47297
走了 没	47297
走出来 的	636363
走出来 了	363636
走到 最后	292307
走到 了	200000
走到 哪	153846
走到 哪里	153846
走到 一起	123076
走到 黑	76923
走在 路上	647058
走在 街上	352941
走心 了	500000
走心 的	500000
走的 时候	506329
走的 是	164556
走的 路	126582
走的 太	113924
走的 人	88607
走着 走	607142
走着 就	392857
走走 吧	666666
走走 的	333333
走起 走	388888
走起 了	277777
走路 都	360000
走路 的	340000
走路 上	100000
走路 也	100000
走路 带	100000
走过 的	800000
走过 了	200000
赶上 了	666666
赶上 我	333333
赶不上 变化	619047
赶不上 了	380952
赶快 去	359375
赶快 来	187500
赶快 回来	140625
赶快 找	125000
赶快 好	109375
赶快 回家	78125
赶紧 去	147540
赶紧 的	123695
赶紧 回来	73025
赶紧 来	65573
赶紧 找	62593
赶紧 睡觉	58122
赶紧 给	41728
赶紧 把	40238
赶紧去 买	320000
赶紧去 吃	240000
赶紧去 看	240000
赶紧去 吧	200000
赶紧找 个	1000000
赶紧睡觉 去	600000
赶紧睡觉 吧	400000
起 的	236951
起 了	153444
起 得	69937
起 这么	67849
起 好	37578
起 那么	31315
起 我	29227
起不来 了	689655
起好 早	1000000
起床 了	364035
起床 的	105263
起床 气	83333
起床 就	70175
起床 吃	57017
起床 去	52631
起床 吧	43859
起得 早	522727
起得 好	250000
起得 真	227272
起来 了	253741
起来 的	142485
起来 就	63760
起来 吧	34482
起来 好	29928
起来 我	29928
起来 吃	26675
起来了 吗	368421
起来了 吧	263157
起来就 好	473684
起来就 觉得	263157
起来的 微笑	400000
起来的 时候	400000
起来的 样子	200000
起的 好	234567
起的 真	197530
起的 早	185185
起的 也	98765
起的 这么	86419
起的 比	74074
起的 人	61728
起的 是	61728
起的好 早	1000000
起的真 早	1000000
起码 有	243243
起码 是	189189
起码 要	162162
起码 我	135135
起码 比	135135
起码 的	135135
起这么 早	1000000
起那么 早	1000000
起飞 了	500000
起飞 的	500000
趁着 年轻	705882
趁着 还	294117
超大 的	1000000
超市 买	428571
超市 偶遇	163265
超市 里	132653
超市 的	91836
超市 都	81632
超市 有	51020
超市买 的	608695
超市买 了	391304
超级 喜欢	127461
超级 好看	92227
超级 好	68393
超级 好吃	68393
超级 可爱	64248
超级 多	55958
超级 期待	52849
超级 想	48704
超级可爱 的	684210
超级可爱 了	315789
超级喜欢 你	448275
超级喜欢 他	310344
超级喜欢 的	241379
超级好 用	666666
超级好 的	333333
超级好看 的	600000
超级想 看	454545
超级想 吃	318181
超级想 去	227272
超过 了	500000
超过 你	333333
超过 我	166666
越 看	93195
越 大	85798
越 多	81360
越 想	57692
越 好	53254
越 吃	45857
越 长大	36982
越 说	35502
越努力 越	1000000
越努力越 幸运	1000000
越吃 越	1000000
越喝 越	1000000
越大 越	1000000
越来越 好	265185
越来越 美	97777
越来越 多	74074
越来越 漂亮	51851
越来越 有	45925
越来越 喜欢	44444
越来越 像	42962
越来越 好看	42962
越来越多 了	681818
越来越多 的	318181
越来越好 了	571428
越来越好 的	428571
越来越好看 了	1000000
越来越漂亮 了	1000000
越来越美 了	1000000
越看 越	1000000
越说 越	1000000
越长大 越	1000000
足够 了	672413
足够 的	241379
足够 强大	86206
跑 了	200775
跑 去	122211
跑 到	115421
跑 的	88263
跑 完	38797
跑 来	32007
跑 出来	28128
跑 那么	27158
跑哪 去	1000000
跑步 了	303571
跑步 的	178571
跑步 去	160714
跑步 是	71428
跑步 吗	62500
跑步 减肥	44642
跑步 吧	44642
跑那么 远	1000000
距离 产生	277777
距离 和	277777
距离 是	166666
距离 太	138888
距离 的	138888
跟 你	348079
跟 我	297405
跟 他	44641
跟 谁	27749
跟 她	23124
跟 你们	22521
跟 我们	20912
跟 别人	14478
跟不上 了	370370
跟不上 时代	370370
跟不上 节奏	259259
跟他 说	539473
跟他 一起	157894
跟他 说话	105263
跟他 在	65789
跟他 聊天	65789
跟他 走	65789
跟你 说	314549
跟你 一样	110655
跟你 一起	80942
跟你 讲	63524
跟你 说话	39959
跟你 有	37909
跟你 的	30737
跟你 在	28688
跟你们 一起	428571
跟你们 说	285714
跟你们 一样	142857
跟你们 这些	142857
跟你有 什么	588235
跟你有 关系	411764
跟你说 了	296052
跟你说 我	118421
跟你说 的	98684
跟你说 声	52631
跟你说 早安	52631
跟你说 晚安	52631
跟你说 你	46052
跟她 说	481481
跟她 在	333333
跟她 一起	185185
跟我 说	377551
跟我 一样	139455
跟我 一起	94104
跟我 去	32879
跟我 在	31746
跟我 讲	24943
跟我 的	22675
跟我 说话	22675
跟我一样 有	500000
跟我一样 的	500000
跟我们 一起	560000
跟我们 家	240000
跟我们 说	200000
跟我在 一起	1000000
跟我说 下	265734
跟我说 的	160839
跟我说 说	97902
跟我说 你	90909
跟我说 了	76923
跟我说 我	55944
跟着 你	446428
跟着 我	303571
跟着 自己	80357
跟着 一起	71428
跟着 别人	53571
跟着 他	44642
跟谁 去	311111
跟谁 学	155555
跟谁 急	155555
跟谁 在	133333
跟谁 说	111111
路 人	387409
路 了	70217
路 的	58111
路 还	38740
路 是	33898
路 走	29055
路 都	29055
路上 注意	100
路上 有点	90
路上 比较	80
路上 见	70
路线 了	428571
路线 的	400000
路过 的	352941
路过 了	176470
路过 而已	176470
路过 你	98039
路过 就	98039
路过 我	98039
跳舞 的	750000
跳舞 了	250000
踢球 谈恋爱	419354
踢球 的	258064
踢球 了	161290
踢球 去	161290
身 在	543859
身 了	245614
身 衣服	210526
身上 的	432692
身上 了	230769
身上 都	134615
身上 就	86538
身上 也	57692
身上 去	57692
身份 的	625000
身份 了	375000
身体 好	177387
身体 不好	109161
身体 的	46783
身体 不	42884
身体 是	40935
身体 最	37037
身体 重要	33138
身体好 了	562500
身体最 重要	1000000
身材 好	268292
身材 真	102439
身材 真的	48780
身材 女博士	43902
身材 的	43902
身材 都	43902
身材 是	39024
身材真 好	1000000
身边 的	569288
身边 有	78651
身边 人	74906
身边 就	52434
身边 没有	48689
身边 都	33707
身边 了	29962
身边 没	29962
身边的 人	800000
身边的 朋友	200000
身边的人 都	1000000
身高 还是	169230
身高 是	153846
身高 吗	123076
身高 真的	107692
身高 一米	92307
身高 有	92307
身高 的	92307
身高 还	92307
车上 了	529411
车上 的	323529
车上 呢	147058
转 了	240549
转 的	151202
转 一圈	72164
转 到	68728
转 不	61855
转 专业	51546
转 吗	30927
转发 吗	263736
转发 了	208791
转发 量	175824
转发 的	131868
转发 一下	98901
转发 最	65934
转发 送	54945
转移 话题	615384
转移 注意力	256410
转移 了	128205
转行 了	421052
转行 做	315789
转行 当	263157
转身 就	588235
转身 离开	411764
软件 是	177419
软件 上	129032
软件 可以	129032
软件 了	96774
软件 吗	96774
软件 都	96774
软件 的	80645
软软 的	1000000
轻易 放弃	500000
轻易 说	500000
轻松 的	360655
轻松 了	196721
轻松 点	196721
轻松 多	98360
轻轻 的	772727
输入 拼音	100
输入 内容	90
输入 正常	80
输入 继续	70
辛苦 了	600570
辛苦 的	104136
辛苦 你	92724
辛苦 辛苦	65620
辛苦 吧	14265
辛苦 不	12838
辛苦 你们	9985
辛苦了 辛苦	352941
辛苦了 我	235294
辛苦了 老师	235294
辛苦你 了	1000000
辜负 了	368421
辜负 自己	236842
辜负 你	210526
辜负 我	184210
辞职 了	761194
辞职 的	164179
辣椒 过敏	571428
辣椒 的	428571
边 吃	268518
边 看	148148
边 的	129629
边 了	92592
边 有	74074
边 边	64814
边 去	55555
边 听	55555
边吃 边	1000000
达 人	747368
达 不到	147368
达 达	105263
达到 了	666666
达到 你	333333
过 了	176619
过 的	119764
过 得	69638
过 几天	48275
过 你	43734
过 我	33641
过 两天	30950
过 完	22371
过不去 的	656250
过不去 了	343750
过两天 就	415584
过两天 去	220779
过两天 我	155844
过两天 再	77922
过两天 又	64935
过两天 回去	64935
过个 年	600000
过个 好	400000
过了 就	191588
过了 吗	149532
过了 吧	74766
过了 年	56074
过了 这个	56074
过了 没	51401
过了 个	46728
过你 的	415094
过你 了	264150
过你 吗	132075
过几天 再说	100
过几天 出发	90
过几天 确认	80
过几天 回复	70
过分 了	806451
过分 的	96774
过分 美丽	96774
过去 了	481099
过去 的	226804
过去 吧	44673
过去 就	44673
过去 看	18900
过去 都	18900
过去 找	17182
过后 就	400000
过后 我	233333
过后 都	200000
过后 的	166666
过头 了	1000000
过奖 了	415094
过奖 过奖	377358
过奖 的	207547
过好 自己	318181
过好 几次	151515
过好 吗	106060
过好 就	90909
过好 现在	75757
过好每 一天	1000000
过好自己 的	1000000
过完 年	797101
过完 了	202898
过年 了	194107
过年 好	140381
过年 的	105719
过年 前	50259
过年 不	41594
过年 回家	39861
过年 回来	36395
过年 都	36395
过年的 时候	1000000
过得 好	225925
过得 太	85185
过得 真	77777
过得 比	51851
过得 开心	48148
过得 怎么样	44444
过得 快	40740
过得好 快	1000000
过得很 好	739130
过得很 开心	260869
过得真 快	1000000
过我 的	521739
过我 了	195652
过我 吗	152173
过我 也	130434
过敏 了	579710
过敏 的	304347
过期 了	648648
过期 的	351351
过来 的	162207
过来 了	145484
过来 我	76923
过来 吧	55183
过来 找	46822
过来 给	46822
过来 看	41806
过来人 的	600000
过来人 告诉	400000
过来找 我	791666
过来找 你	208333
过来给 我	739130
过来给 你	260869
过段时间 就	523809
过段时间 会	238095
过段时间 我	238095
过气 了	1000000
过生日 了	369565
过生日 的	369565
过生日 呢	152173
过生日 吧	108695
过的 好	163090
过的 人	150214
过的 真	60085
过的 太	51502
过的 开心	42918
过的 都	42918
过的 事	38626
过程 中	682926
过程 的	121951
过节 了	470588
过节 的	333333
过节 呢	98039
过节 都	98039
过这么 机灵	730769
过这么 多	269230
过这么机灵 懂事	1000000
过这样 的	1000000
迎接 你	450000
迎接 我	300000
迎接 新	250000
运动 了	206896
运动 的	155172
运动 完	86206
运动 减肥	63218
运动 前	45977
运动 运动	45977
运动 一下	34482
运气 好	418032
运气 不会	114754
运气 不好	114754
运气 真	81967
运气 都	73770
运气 不错	57377
运气 太	49180
运气 的	49180
运输 方式	100
运输 已经	90
运输 安排	80
运输 费用	70
近 的	350230
近 了	161290
近 点	92165
近 一点	50691
近 吗	41474
近 不	36866
近 呢	36866
近视 了	409090
近视 的	318181
近视 超过	272727
返回 页面	100
返回 结果	90
返回 上一步	80
返回 首页	70
还 可以	100
还 需要	90
还 没有	80
还 有	70
还不 知道	285524
还不 睡觉	164674
还不 来	45152
还不 去	39840
还不 回来	38512
还不 一定	34528
还不 给	33200
还不 赶紧	26560
还不如 不	224137
还不如 买	137931
还不如 直接	137931
还不如 去	120689
还不如 多	103448
还不如 我	103448
还不如 看	86206
还不如 自己	86206
还不是 因为	289719
还不是 一样	140186
还不是 你	112149
还不是 为了	93457
还不是 要	84112
还不是 个	56074
还不是 可以	46728
还不知道 呢	303030
还不知道 该	191919
还不知道 什么	80808
还不知道 我	80808
还不知道 你	70707
还不知道 在	60606
还不知道 是	60606
还不知道 么	50505
还不让 人	722222
还不让 我	277777
还不错 的	171875
还不错 吧	125000
还不错 呢	125000
还不错 就是	78125
还买 了	1000000
还以为 你	556372
还以为 是	252450
还以为 我	56372
还以为 你们	34313
还以为 只有	24509
还以为 他	19607
还以为 自己	17156
还以为 就	14705
还以为你 要	164948
还以为你 去	113402
还以为你 又	113402
还以为你 说	113402
还以为你 是	103092
还以为你 在	92783
还以为你 会	72164
还以为你 还	72164
还以为是 你	500000
还以为是 我	500000
还会 有	262548
还会 再	84942
还会 远	73359
还会 不会	50193
还会 回来	46332
还会 做	42471
还会 在	34749
还会 做饭	30888
还会有 的	321428
还会有 更	250000
还会有 机会	250000
还会有 吗	178571
还会远 吗	1000000
还去 了	700000
还去 看	300000
还可以 吧	185365
还可以 再	141463
还可以 的	78048
还可以 去	53658
还可以 买	43902
还可以 更	43902
还可以 在	39024
还吃 了	675675
还吃 的	189189
还回来 吗	642857
还回来 不	357142
还在 吗	60327
还在 想	60327
还在 等	59304
还在 学校	39877
还在 上班	32719
还在 床上	30674
还在 不	26584
还在 看	26584
还好 吧	245780
还好 我	162447
还好 吗	146624
还好 还好	98101
还好 没	59071
还好 你	44303
还好 不	24261
还好意思 说	1000000
还好我 没	446428
还好我 不	160714
还好我 是	160714
还好我 的	125000
还好我 有	107142
还带 着	681818
还带 了	318181
还很 长	428571
还很 好	333333
还很 年轻	238095
还得 去	111111
还得 再	93567
还得 等	93567
还得 了	87719
还得 看	81871
还得 继续	76023
还得 自己	52631
还得 上班	46783
还想 去	141700
还想 再	121457
还想 吃	117408
还想 说	113360
还想 问	85020
还想 买	56680
还想 看	52631
还想 不想	36437
还把 我	1000000
还早 呢	573529
还早 着	205882
还早 还	117647
还是 要	62987
还是 你	42501
还是 有	37150
还是 不	30729
还是 会	24308
还是 我	23085
还是 喜欢	22473
还是一个 人	1000000
还是不 去	225806
还是不 喜欢	145161
还是不 知道	112903
还是不 太	96774
还是不 看	96774
还是不 一样	80645
还是不 对	80645
还是不 爱	80645
还是不错 的	1000000
还是个 孩子	500000
还是个 宝宝	285714
还是个 学生	214285
还是买 了	600000
还是买 的	400000
还是会 有	500000
还是会 去	285714
还是会 跟	214285
还是你 的	287671
还是你 厉害	191780
还是你 自己	136986
还是你 比较	123287
还是你 最	95890
还是你 了解	82191
还是你 来	82191
还是原来 的	1000000
还是去 了	666666
还是去 看	333333
还是可以 的	1000000
还是喜欢 你	600000
还是喜欢 吃	200000
还是喜欢 看	200000
还是好 朋友	545454
还是好 想	227272
还是好 的	227272
还是很 喜欢	144654
还是很 不错	138364
还是很 有	132075
还是很 好	106918
还是很 美好	62893
还是很 可爱	56603
还是很 美	56603
还是很 厉害	50314
还是很不错 的	1000000
还是想 吃	320000
还是想 说	240000
还是想 问	240000
还是想 去	200000
还是我 的	782608
还是我 认识	217391
还是有 的	481012
还是有 希望	101265
还是有 很多	101265
还是有 一定	63291
还是有 可能	63291
还是有 差距	63291
还是有 机会	63291
还是有 点点	63291
还是比较 喜欢	1000000
还是没 人	352941
还是没 得	352941
还是没 忍住	294117
还是爱 你	861111
还是爱 我	138888
还是爱你 的	1000000
还是第一次 见	571428
还是第一次 看到	428571
还是给 你	500000
还是给 我	500000
还是老 样子	1000000
还是要 有	164062
还是要 去	140625
还是要 注意	132812
还是要 看	132812
还是要 吃	125000
还是要 好好	70312
还是要 多	62500
还是要 继续	54687
还是要有 的	1000000
还是觉得 你	400000
还是说 免费	666666
还是说 你	333333
还是那么 大	250000
还是那么 好看	250000
还是那么 漂亮	250000
还是那么 的	250000
还有 我	58939
还有 什么	46758
还有 一个	46365
还有 人	43222
还有 你	38899
还有 个	33005
还有 很多	31434
还有 没有	27897
还有一个 是	380952
还有一个 星期	333333
还有一个 小时	285714
还有什么 意义	473684
还有什么 好	263157
还有什么 意思	263157
还有你 的	1000000
还有我 的	695652
还有我 呢	304347
还有更 多	1000000
还有这么 多	666666
还有这么 好	333333
还有这样 的	1000000
还有那么 多	1000000
还来得及 吗	1000000
还没 到	94985
还没 看	37126
还没 开始	34233
还没 呢	33269
还没 去	32786
还没 吃	32304
还没 好	27000
还没 定	21215
还没到 呢	450000
还没到 家	250000
还没到 时间	125000
还没吃 完	411764
还没吃 到	294117
还没吃 早餐	294117
还没回来 吗	350000
还没回来 呢	250000
还没开始 呢	388888
还没开始 就	333333
还没开始 看	277777
还没想 好	1000000
还没收 到	1000000
还没有 呢	148387
还没有 到	109677
还没有 开始	77419
还没有 男朋友	77419
还没有 去过	64516
还没有 看	58064
还没有 去	51612
还没看 完	533333
还没看 呢	466666
还爱 你	500000
还爱 着	312500
还爱 我	187500
还用 我	571428
还用 了	428571
还看 了	625000
还看 不	375000
还看到 了	473684
还看到 你	263157
还真 没	285714
还真 有	180952
还真 没有	104761
还真 不	95238
还真 不是	57142
还真 想	42857
还真 信	38095
还真 有点	38095
还真的 是	766666
还真的 不	233333
还穿 了	500000
还穿 羽绒服	500000
还等 着	735294
还等 你	264705
还给 我	505376
还给 你	279569
还给 人家	86021
还给 他	75268
还给 老师	53763
还能 不能	112621
还能 回去	87378
还能 有	69902
还能 说	69902
还能 再	52427
还能 吃	46601
还能 做	31067
还能 看	31067
还能不能 愉快	516129
还能不能 好好	322580
还能不能 一起	161290
还能做 朋友	642857
还能做 什么	357142
还能回去 吗	1000000
还能说 什么	1000000
还行 吧	603260
还行 其他	201086
还行 还	70652
还行 的	43478
还行其他 都	1000000
还要 去	103144
还要 继续	50314
还要 上班	49056
还要 不要	45283
还要 等	38993
还要 我	37735
还要 在	31446
还要 再	26415
还让 我	615384
还让 不让	384615
还记得 我	527272
还记得 你	209090
还记得 吗	109090
还记得 当年	54545
还记得 我们	54545
还记得 那	45454
还说 我	366906
还说 你	165467
还说 什么	79136
还说 要	79136
还说 没	50359
还说 了	43165
还说 别人	43165
还说 是	43165
还跟 我	620689
还跟 你	206896
还跟 他	172413
还问 我	827586
还问 你	172413
还需要 吗	600000
还需要 你	400000
这 是	253371
这 几天	33512
这 就是	33443
这 不是	30966
这 都	28144
这 两天	23947
这 也	23190
这 就	20162
这一 说	695652
这一 看	304347
这三个 字	1000000
这下 我	411764
这下 你	294117
这下 好	294117
这不 科学	231707
这不 就是	182926
这不 就	170731
这不 叫	134146
这不 重要	85365
这不 废话	73170
这不 在	60975
这不是 我	258064
这不是 你	193548
这不是 重点	120967
这不是 在	96774
这不是 一个	80645
这不是 我家	48387
这不是 想	40322
这世界 上	1000000
这两个 字	628571
这两个 月	228571
这两个 地方	142857
这两天 都	172932
这两天 在	82706
这两天 忙	75187
这两天 去	67669
这两天 也	60150
这两天 我	60150
这两天 好	52631
这两天 还	52631
这个 问题	100
这个 方案	90
这个 产品	80
这个 版本	70
这个不 知道	642857
这个不 需要	357142
这个世界 上	659090
这个世界 没有	113636
这个世界 温柔	113636
这个世界 的	113636
这个也 是	529411
这个也 可以	264705
这个也 太	205882
这个人 是	357142
这个人 的	214285
这个人 她	190476
这个人 有	119047
这个可以 有	1000000
这个我 也	220779
这个我 就	129870
这个我 还	129870
这个我 不	116883
这个我 喜欢	90909
这个我 知道	90909
这个我 都	90909
这个我 得	64935
这个时候 我	279069
这个时候 就	162790
这个时候 的	162790
这个时候 去	139534
这个时候 都	139534
这个时候 你	116279
这个是 什么	343750
这个是 我	234375
这个是 真的	156250
这个是 你	109375
这个是 在	78125
这个是 我们	78125
这个样子 的	736842
这个样子 了	263157
这个点 还	520000
这个点 了	280000
这个点 没	200000
这个真 没有	1000000
这个真的 是	600000
这个还 真	428571
这个还 不	285714
这个还 真不知道	285714
这个问题 我	333333
这个问题 的	303030
这个问题 了	212121
这么 多	108237
这么 说	71610
这么 好	50829
这么 早	48587
这么 大	43504
这么 快	33786
这么 想	31095
这么 可爱	24368
这么一 说	1000000
这么一说 我	1000000
这么久 了	470085
这么久 就	111111
这么久 没	111111
这么久 的	102564
这么久 才	85470
这么久 都	76923
这么厉害 的	407407
这么厉害 吗	185185
这么厉害 呢	185185
这么可爱 的	1000000
这么喜欢 你	562500
这么喜欢 我	437500
这么多 人	425196
这么多 的	122047
这么多 你	55118
这么多 了	47244
这么多 好	47244
这么多 事	35433
这么多 我	35433
这么多年 的	432835
这么多年 了	313432
这么多年 我	89552
这么多年 过去	89552
这么多年 都	74626
这么大 的	474137
这么大 了	310344
这么大 年纪	60344
这么大 第一次	60344
这么大 一个	51724
这么大 岁数	43103
这么好 的	760869
这么好 吗	50724
这么好 我	50724
这么好 了	36231
这么好看 的	916666
这么好看 说	83333
这么好看的 人	1000000
这么定 了	1000000
这么对 我	642857
这么对 你	357142
这么小 的	1000000
这么快 就	757142
这么快 的	128571
这么想 的	781512
这么想 我	109243
这么想 了	67226
这么想 就	42016
这么早 的	173913
这么早 起床	144927
这么早 起来	115942
这么早 干嘛	86956
这么早 我	72463
这么早就 起来	388888
这么早就 开始	333333
这么早就 放假	277777
这么晚 还	411347
这么晚 了	255319
这么晚 才	141843
这么晚 不	106382
这么晚还 不	615384
这么晚还 没	269230
这么晚还 在	115384
这么有 才	409090
这么有 爱	318181
这么有 情调	272727
这么机灵 懂事	1000000
这么机灵懂事 乖巧	1000000
这么漂亮 的	1000000
这么热 的	818181
这么热 了	181818
这么热的 天	1000000
这么爱 你	470588
这么爱 我	352941
这么爱 吃	176470
这么觉得 的	1000000
这么认为 的	1000000
这么说 的	303030
这么说 我	242424
这么说 了	95959
这么说 你	95959
这么说 就	35353
这么说 吧	30303
这么说 是	30303
这么长 了	775510
这么长 的	224489
这么高 的	611111
这也 是	452914
这也 太	147982
这也 叫	76233
这也 能	71748
这也 有	53811
这也 没	31390
这也 不	26905
这也是 我	750000
这也是 一种	250000
这事 我	533333
这事 了	466666
这些 资料	100
这些 问题	90
这些 文件	80
这些 产品	70
这些东北 爷们	1000000
这些东北爷们 真	1000000
这些都 是	1000000
这人 怎么	225806
这人 是	225806
这人 不	193548
这人 就是	193548
这人 好	161290
这件 事	619047
这件 衣服	169312
这件 事情	79365
这件 大衣	42328
这件 喜事	31746
这件 毛衣	31746
这件 是	26455
这件事 上	411764
这件事 就	294117
这件事 我	294117
这位 朋友	394366
这位 同学	295774
这位 亲	84507
这位 小	84507
这位 仙女	70422
这位 老师	70422
这你 都	773195
这你 也	134020
这你 就	92783
这你都 知道	727272
这你都 能	272727
这倒 是	1000000
这儿 有	250000
这儿 的	166666
这儿 等	107142
这儿 也	95238
这儿 了	83333
这儿 没有	83333
这儿 都	83333
这儿 来	71428
这几个 月	521739
这几个 字	478260
这几天 都	202185
这几天 在	87431
这几天 也	65573
这几天 一直	60109
这几天 的	60109
这几天 天气	54644
这几天 我	54644
这几天 还	54644
这几天都 在	380952
这几天都 是	380952
这几天都 没	238095
这到底 是	1000000
这又 是	641025
这又 不是	358974
这只 熊猫	666666
这只 小	333333
这只是 一个	368421
这只是 我	368421
这只是 个	263157
这大 晚上	666666
这大 长	333333
这女 的	1000000
这就 去	184000
这就 对	176000
这就 尴尬	120000
这就 不	88000
这就 有点	80000
这就 叫	72000
这就 厉害	40000
这就对 了	1000000
这就尴尬 了	1000000
这就是 你	308080
这就是 我	292929
这就是 传说	75757
这就是 街舞	65656
这就是 为什么	55555
这就是 爱	45454
这就是 所谓	40404
这就是 不	35353
这就是传说 中	1000000
这就是你 不	666666
这就是你 的	333333
这就是我 不	500000
这就是我 的	500000
这已经 是	473684
这已经 不是	263157
这应该 是	1000000
这张 照片	666666
这张 脸	146666
这张 是	106666
这我 就	1000000
这才 是	862745
这才 叫	91503
这才 几点	45751
这才是 人生	208333
这才是 重点	166666
这才是 你	145833
这才是 真	145833
这才是 真的	125000
这才是 我	104166
这才是 真正	104166
这明明 是	1000000
这是 我	141597
这是 什么	107988
这是 在	100826
这是 要	72727
这是 个	58953
这是 你	56749
这是 一个	35812
这是 去	20385
这是个 好	571428
这是个 什么	428571
这是为什么 呢	1000000
这是什么 情况	207547
这是什么 意思	207547
这是什么 时候	132075
这是什么 逻辑	132075
这是什么 节目	113207
这是什么 软件	113207
这是你 的	657894
这是你 吗	210526
这是你 说	131578
这是在 哪	617647
这是在 哪里	235294
这是在 哪儿	147058
这是怎么 了	1000000
这是我 的	626666
这是我 见	133333
这是我 最	106666
这是我 在	66666
这是我 这	66666
这有 什么	771428
这有 个	228571
这条 路	317307
这条 裙子	115384
这条 裤子	105769
这条 路上	105769
这条 我	67307
这条 是	67307
这条 了	57692
这条 就	57692
这样 的	352025
这样 说	56958
这样 了	51967
这样 我	29066
这样 就	25543
这样 吧	24368
这样 想	21139
这样也 不错	333333
这样也 可以	333333
这样会 失去	642857
这样会 不会	357142
这样你 就	761904
这样你 还	238095
这样好 吗	736842
这样好 么	263157
这样子 的	611111
这样子 了	166666
这样对 我	1000000
这样就 好	428571
这样就 可以	392857
这样就 不	178571
这样想 的	1000000
这样我 就	631578
这样我 也	210526
这样我 都	157894
这样的 人	312714
这样的 生活	58419
这样的 吗	48109
这样的 感觉	41237
这样的 朋友	37800
这样的 你	34364
这样的 好	30927
这样真的 好	1000000
这样说 我	392156
这样说 的	294117
这样说 了	117647
这样说 你	98039
这样说 她	98039
这样过年 的	1000000
这次 是	176895
这次 我	111913
这次 的	86642
这次 不	61371
这次 没	61371
这次 去	57761
这次 真的	54151
这次 就	43321
这段 感情	739130
这段 的	260869
这点 钱	239130
这点 我	195652
这点 出息	173913
这点 事	130434
这点 还是	130434
这真的 是	1000000
这种 人	162601
这种 感觉	93044
这种 事	86720
这种 东西	63233
这种 情况	63233
这种 话	47877
这种 事情	41553
这种 天气	20776
这种处理结果 真	1000000
这种处理结果真 不如人意	1000000
这种感觉 太	722222
这种感觉 的	277777
这类 的	1000000
这让 我	1000000
这话 说	340707
这话 我	207964
这话 的	66371
这话 你	57522
这话 没	53097
这话 好	39823
这话 听	35398
这话 就	35398
这话我 爱	521739
这话我 没法	478260
这话说 的	850746
这话说 得	149253
这辈子 都	612903
这辈子 不	86021
这辈子 也	64516
这辈子 就	64516
这辈子 是	64516
这辈子 我	53763
这辈子 的	53763
这辈子都 不	411764
这辈子都 找	352941
这辈子都 不会	235294
这边 可以	100
这边 已经	90
这边 需要	80
这边 有	70
这还 差不多	274725
这还 不	230769
这还 没	186813
这还 不是	76923
这还 真	65934
这还 叫	54945
这还 得	54945
这还 用	54945
这部 电影	777777
这部 电视剧	142857
这部 片子	79365
这都 被	322344
这都 是	307692
这都 能	175824
这都 不	51282
这都 不是	47619
这都 知道	32967
这都 可以	21978
这都 看	21978
这都能 看	454545
这都能 被	318181
这都能 找到	227272
这都被 你	904761
这都被 发现	95238
这里 可以	100
这里 有	90
这里 需要	80
这里 比较	70
这里也 是	652173
这里也 有	347826
这里有 个	1000000
这首歌 的	393939
这首歌 是	272727
这首歌 我	181818
这首歌 了	151515
进 了	296153
进 的	138461
进 医院	53846
进 你	42307
进 被窝	42307
进 我	38461
进 河里	38461
进 一个	34615
进不去 了	631578
进入 了	629629
进入 你	185185
进入 社会	185185
进去 了	352331
进去 的	202072
进去 看	88082
进去 就	77720
进去 吗	46632
进去 书	31088
进口 的	1000000
进来 的	325000
进来 了	225000
进来 就	175000
进来 看	150000
进步 了	756756
进步 的	243243
进水 了	782608
进水 里	217391
进行 中	312500
进行 时	281250
进行 的	218750
进行 到底	187500
远 了	377952
远 的	135826
远 点	78740
远 吗	62992
远 一点	27559
远 在	25590
远 看	23622
远方 的	1000000
远的 地方	1000000
连 着	176943
连 我	152815
连 个	131367
连 自己	85790
连 你	72386
连 上	56300
连 朋友	37533
连 起来	37533
连我 都	565217
连我 的	217391
连我 自己	217391
迟到 了	576642
迟到 的	423357
迟到的 祝福	611111
迟到的 生日快乐	388888
迟早 要	459459
迟早 的	324324
迟早 都	216216
迫不及待 了	444444
迫不及待 想	333333
迫不及待 的	222222
迷人 的	661290
迷人 了	225806
迷茫 了	500000
迷茫 的	321428
迷茫 中	178571
迷路 了	805555
迷路 的	194444
追星 的	703703
追星 了	296296
追求 的	400000
追求 完美	153846
追求 你	138461
追求 自己	138461
追求 了	92307
追求 不	76923
退休 了	518518
退休 吗	481481
退出 江湖	375000
退出 了	312500
退出 来	312500
送 你	292517
送 我	229591
送 的	89002
送 了	48752
送 人	28911
送 个	19274
送 点	16439
送 外卖	13605
送了 我	1000000
送人 了	722222
送人 的	277777
送你 上去	411290
送你 的	125000
送你 一个	88709
送你 了	84677
送你 回家	48387
送你 个	44354
送你 吧	40322
送你 上	32258
送分 儿	1000000
送我 上去	284263
送我 一个	131979
送我 的	131979
送我 一张	86294
送我 吧	86294
送我 个	55837
送我 吗	55837
送我 一只	40609
送我上去 让	1000000
送的 礼物	411764
送的 吗	294117
送的 吧	294117
送给 你	536945
送给 我	216748
送给 大家	108374
送给 社会	39408
送给 你们	34482
送给 自己	34482
送给 他	29556
适合 你	372262
适合 我	172749
适合 自己	46228
适合 做	43795
适合 的	43795
适合 去	34063
适合 在	29197
适合 这个	29197
适合你 的	600000
适合你 了	166666
适应 了	590909
适应 的	159090
适应 吧	136363
适当 的	1000000
逃课 了	500000
逃课 的	500000
选择 这个	100
选择 方案	90
选择 候选	80
选择 文件	70
透明 的	1000000
透露 着	321428
透露 一下	250000
透露 下	214285
透露 出	214285
逗我 吗	321428
逗我 笑	250000
逗我 呢	214285
逗我 开心	214285
通宵 了	456521
通宵 的	173913
通宵 就	108695
通宵 麻将	108695
通常 都	684210
通常 是	315789
通知 我	310344
通知 你	220689
通知 的	96551
通知 了	75862
通知 一声	62068
通知 我们	55172
通知 呢	48275
通过 了	687500
通过 你	312500
逛街 玩乐	289473
逛街 的	210526
逛街 买	118421
逛街 去	118421
逛街 了	92105
逛街 什么	65789
逝去 的	1000000
速度 比较	100
速度 很快	90
速度 正常	80
速度 稳定	70
造成 的	714285
造成 了	285714
造谣 可耻	290322
造谣 的	258064
造谣 不	161290
遇上 了	500000
遇上 西雅图	500000
遇不到 喜欢	636363
遇不到 了	363636
遇不到喜欢 的	1000000
遇到 了	183453
遇到 的	127697
遇到 你	88129
遇到 一个	68345
遇到 对	52158
遇到 什么	41366
遇到 更好	32374
遇到了 这	600000
遇到了 一个	400000
遇到对 的	1000000
遇到对的 人	1000000
遇到更好 的	1000000
遇到的 都	411764
遇到的 人	294117
遇到的 是	294117
遇见 你	328888
遇见 了	244444
遇见 的	71111
遇见 王	53333
遇见 一个	48888
遇见 你们	44444
遇见 我	44444
遇见了 你	681818
道 了	264705
道 的	147058
道 是	117647
道 晚安	107843
道 道	107843
道 上	68627
道 个	68627
道 六周年	68627
道德 的	578947
道德 底线	421052
道歉 了	774193
道理 的	228813
道理 了	127118
道理 我	118644
道理 都	110169
道理 是	59322
道理 吗	50847
道理 有	42372
道路 上	1000000
遗忘 的	529411
遗忘 了	470588
遗憾 的	478260
遗憾 了	362318
遥远 的	787234
遥远 了	212765
遮住 了	761904
遮住 脸	238095
邀请 我	592592
邀请 你	407407
那 你	191134
那 是	118336
那 我	113878
那 就	98273
那 也	26877
那 时候	20380
那 必须	16495
那 就是	16241
那一定 是	611111
那一定 要	388888
那不 就	309090
那不 叫	236363
那不 就是	200000
那不 可能	145454
那不 一定	109090
那不是 我	416666
那不是 你	250000
那个 地方	100
那个 时间	90
那个 文件	80
那个 方案	70
那个人 是	344827
那个人 的	172413
那个人 就	155172
那个人 还	155172
那个人 不是	86206
那个人 了	86206
那个女 的	1000000
那个时候 我	288888
那个时候 你	222222
那个时候 的	133333
那个时候 还	133333
那个时候 就	111111
那个时候 是	111111
那个是 什么	384615
那个是 我	282051
那个是 谁	179487
那个是 你	153846
那么 多	255729
那么 好	57574
那么 大	57015
那么 早	42481
那么 快	31861
那么 好看	24315
那么 远	21240
那么 美	20681
那么一 说	1000000
那么喜欢 你	545454
那么喜欢 我	454545
那么多 人	376865
那么多 的	115671
那么多 钱	108208
那么多 了	67164
那么多 东西	55970
那么多 干嘛	48507
那么多 时间	44776
那么大 的	750000
那么大 了	125000
那么大 呢	125000
那么好 的	589285
那么好 后	214285
那么好 了	107142
那么快 就	500000
那么快 走	227272
那么早 干嘛	375000
那么爱 你	647058
那么爱 他	352941
那么长 的	578947
那么长 了	421052
那么问题 来	1000000
那么问题来 了	1000000
那也 是	380782
那也 得	81850
那也 要	64056
那也 没	56939
那也 不错	46263
那也 不	42704
那也 不是	39145
那也是 你	600000
那也是 我	400000
那些 事情	100
那些 记录	90
那些 内容	80
那些 产品	70
那你 就	68294
那你 还	58796
那你 是	51560
那你 也	39348
那你 要	35730
那你 说	33016
那你 现在	25780
那你 来	23066
那你也 要	423076
那你也 是	307692
那你也 不	269230
那你什么 时候	1000000
那你很 棒棒	875000
那你很 胖胖	125000
那你快 回来	370370
那你快 来	333333
那你快 去	296296
那你怎么 不	521739
那你怎么 还	260869
那你怎么 知道	217391
那你是 我	272727
那你是 要	272727
那你是 什么	227272
那你是 在	227272
那你来 吧	277777
那你来 找	277777
那你给 我	1000000
那你要 不要	600000
那你要 好好	400000
那你说 说	352941
那你说 什么	294117
那你还 不	369565
那你还 说	282608
那你还 在	130434
那你还 会	108695
那你还 能	108695
那倒 是	481481
那倒 没有	197530
那倒 也	123456
那倒 不至于	111111
那倒 不是	86419
那儿 的	303030
那儿 了	212121
那儿 都	181818
那儿 也	151515
那儿 去	151515
那叫 一个	1000000
那可能 是	1000000
那多 好	611111
那多 不好意思	388888
那天 我	217857
那天 的	92857
那天 也	60714
那天 就	57142
那天 你	50000
那天 在	50000
那天 还	50000
那天 晚上	46428
那女 的	1000000
那好 吧	824324
那好 的	94594
那就 不	64429
那就 去	61744
那就 别	46979
那就 来	38926
那就 好好	33557
那就 没	33557
那就 吃	30872
那就 多	28187
那就好 那就好	476190
那就好 了	285714
那就对 了	1000000
那就是 你	518518
那就是 我	296296
那就是 了	185185
那就给 你	500000
那就给 我	500000
那年 的	379310
那年 花	379310
那年 我	241379
那应该 是	1000000
那张 照片	576923
那张 脸	230769
那张 是	192307
那得 多	400000
那得 看	350000
那得 好好	250000
那必须 的	763513
那必须 是	40540
那必须 得	33783
那我 就	164853
那我 也	115481
那我 去	51046
那我 要	51046
那我 还是	41004
那我 不	37656
那我 还	28451
那我 等	24267
那我也 要	396551
那我也 不	189655
那我也 是	172413
那我也 去	155172
那我也 想	86206
那我们 就	451612
那我们 一起	354838
那我们 都	193548
那我去 了	571428
那我去 找	428571
那我就 放心	471428
那我就 不	428571
那我就 去	100000
那我等 你	545454
那我等 着	454545
那我给 你	1000000
那才 是	791666
那才 叫	208333
那时 的	414634
那时 我	292682
那时 你	170731
那时 还	121951
那时候 我	189781
那时候 还	160583
那时候 的	116788
那时候 就	65693
那时候 也	58394
那时候 你	51094
那时候 不	43795
那时候 他	43795
那是 你	173076
那是 我	135989
那是 必须	126373
那是 什么	82417
那是 当然	43956
那是 肯定	26098
那是 个	24725
那是 那	24725
那是你 的	481481
那是你 没	333333
那是你 不	185185
那是因为 你	630434
那是因为 我	369565
那是必须 的	1000000
那是我 的	1000000
那是那 是	1000000
那有 什么	760000
那有 机会	240000
那样 的	401869
那样 了	196261
那样 就	60747
那样 吧	46728
那样 我	42056
那样 说	37383
那样 会	32710
那样 才	32710
那段 日子	333333
那段 时光	333333
那段 话	333333
那没 办法	1000000
那真的 是	1000000
那种 感觉	269230
那种 人	144230
那种 吗	91346
那种 的	62500
那种 我	52884
那种 大	43269
那种 不	38461
那种 心情	33653
那种感觉 真的	611111
那种感觉 吗	388888
那等 你	696969
那等 我	303030
那给 你	500000
那给 我	500000
那肯定 是	595744
那肯定 的	297872
那要 看	488888
那要 不要	222222
那要 不	177777
那要 注意	111111
那边 可以	100
那边 已经	90
那边 需要	80
那边 有	70
那还 不	191666
那还 能	108333
那还 不如	100000
那还 可以	83333
那还 得	83333
那还 不是	75000
那还 不错	58333
那还是 算了	346153
那还是 你	230769
那还是 要	230769
那还是 没	192307
那都 是	861111
那都 没	138888
那里 可以	100
那里 有	90
那里 比较	80
那里 可能	70
邪恶 了	540540
邪恶 的	459459
邮件 已经	100
邮件 收到	90
邮件 回复	80
邮件 附件	70
郁闷 了	492063
郁闷 的	317460
郑州 的	575757
郑州 了	242424
郑州 吗	181818
都 可以	100
都 已经	90
都 需要	80
都 有	70
都一样 的	564102
都一样 吧	153846
都上 了	520000
都上 不	240000
都上 不了	240000
都下雪 了	1000000
都不 知道	270676
都不 一样	48872
都不 认识	34908
都不 给	30075
都不 爱	26315
都不 喜欢	23093
都不 容易	22019
都不 来	22019
都不会 太	255813
都不会 去	209302
都不会 做	162790
都不会 有	139534
都不会 再	116279
都不会 看	116279
都不好 了	1000000
都不好意思 了	750000
都不好意思 说	250000
都不想 看	145161
都不想 去	137096
都不想 说	120967
都不想 吃	80645
都不想 动	72580
都不想 出门	56451
都不想 做	48387
都不想 我	48387
都不敢 看	190476
都不敢 想	166666
都不敢 说	166666
都不敢 吃	154761
都不敢 做	71428
都不敢 去	71428
都不敢 出门	59523
都不敢 开	59523
都不是 我	200000
都不是 问题	178947
都不是 事	126315
都不是 事儿	115789
都不是 一个	63157
都不是 人	63157
都不是 好	63157
都不来 找	1000000
都不爱 我	666666
都不爱 吃	333333
都不理 我	1000000
都不用 睡觉	285714
都不用 了	238095
都不用 去	238095
都不用 想	238095
都不知道 怎么	157894
都不知道 我	147368
都不知道 你	121052
都不知道 是	84210
都不知道 自己	73684
都不知道 该	57894
都不知道 要	52631
都不知道 有	42105
都不给 我	814814
都不给 你	185185
都不能 吃	317073
都不能 少	170731
都不能 说	146341
都不能 用	121951
都不能 让	121951
都不要 了	428571
都不要 我	333333
都不要 想	238095
都不见 了	629629
都不见 你	370370
都不认识 了	1000000
都不记得 了	1000000
都买 了	866666
都买 的	133333
都以为 是	375000
都以为 我	333333
都以为 你	291666
都会 有	221774
都会 好	157258
都会 过去	82661
都会 被	52419
都会 在	36290
都会 说	36290
都会 去	30241
都会好 起来	557142
都会好 的	442857
都会有 最	585365
都会有 的	414634
都会过去 的	1000000
都做 了	325581
都做 不到	209302
都做 不	116279
都做 不成	116279
都做 什么	116279
都做 得	116279
都准备 好	1000000
都出来 了	1000000
都到 了	513513
都到 家	351351
都去 了	405797
都去 不了	231884
都去 哪	130434
都去 哪里	130434
都去 看	101449
都变 了	1000000
都叫 我	684210
都叫 你	315789
都可以 的	197674
都可以 去	104651
都可以 用	104651
都可以 吃	93023
都可以 当	69767
都可以 看	69767
都可以 看到	69767
都吃 了	292134
都吃 完	202247
都吃 的	146067
都吃 不到	123595
都吃 不	78651
都吃 不了	78651
都吃 得	78651
都吃完 了	1000000
都听 你	625000
都和 我	458333
都和 你	333333
都和 你们	208333
都喜欢 好看	359375
都喜欢 吃	171875
都喜欢 你	125000
都喜欢 的	93750
都喜欢 我	78125
都喜欢 看	78125
都喜欢好看 的	1000000
都回家 了	1000000
都回来 了	1000000
都在 看	79136
都在 说	67146
都在 想	59952
都在 吃	50359
都在 我	40767
都在 等	38369
都在 外面	31175
都在 用	31175
都在家 了	294117
都大 了	1000000
都好 了	150000
都好 想	93750
都好 喜欢	87500
都好 美	75000
都好 漂亮	68750
都好 说	62500
都好 好吃	56250
都好好 的	1000000
都好看 的	625000
都已经 到	421052
都已经 是	315789
都已经 不	263157
都带 着	650000
都带 了	350000
都干 了	1000000
都开 了	666666
都开 不	333333
都很 好	183823
都很 喜欢	121323
都很 美	99264
都很 好看	77205
都很 开心	73529
都很 有	47794
都很 可爱	44117
都很 难	33088
都快 被	272727
都快 成	181818
都快 到	127272
都快 毕业	127272
都快 不	109090
都快 了	90909
都快 忘记	90909
都惊呆 了	1000000
都想 吃	244186
都想 你	122093
都想 去	116279
都想 买	69767
都想 死	69767
都想 出车祸	52325
都想 把	52325
都想 好	46511
都打 不	500000
都打 不过	291666
都打 了	208333
都找 不到	1000000
都找不到 和	687500
都找不到 你	312500
都把 我	677419
都把 你	322580
都放假 了	1000000
都是 我	78737
都是 你	61620
都是 这样	50969
都是 自己	33472
都是 在	30810
都是 一个	23583
都是 有	21681
都是 好	17877
都是一个 人	1000000
都是一样 的	1000000
都是你 的	893617
都是你 给	106382
都是对 的	1000000
都是我 的	744444
都是我 喜欢	111111
都是我 眼中	88888
都是我 自己	55555
都是新 的	1000000
都是这样 的	1000000
都是骗人 的	1000000
都有 你	215447
都有 了	103658
都有 的	85365
都有 自己	81300
都有 我	38617
都有 可能	32520
都有 吧	30487
都有自己 的	1000000
都来 了	1000000
都死 了	1000000
都比 你	509433
都比 我	396226
都比 他	94339
都毕业 了	1000000
都没 了	73253
都没 见	55366
都没 人	54514
都没 看到	51959
都没 看	46848
都没 得	45144
都没 吃	41737
都没 说	37478
都没有 了	272222
都没有 人	77777
都没有 吃	66666
都没有 吗	66666
都没有 的	61111
都没有 我	44444
都没有 看	44444
都没有 看到	44444
都没看 出来	450000
都没看 完	300000
都没看 你	250000
都没看到 你	1000000
都没见 你	196078
都爱 吃	517241
都爱 你	482758
都用 了	440000
都用 的	360000
都用 上	200000
都看 了	284313
都看 完	205882
都看 的	147058
都看 出来	137254
都看 不	117647
都看 得到	58823
都看 不了	49019
都看到 了	655172
都看到 你	344827
都看完 了	1000000
都睡着 了	1000000
都知道 了	252747
都知道 你	230769
都知道 我	142857
都知道 是	98901
都知道 的	98901
都知道 这	54945
都穿 上	281250
都穿 了	218750
都穿 短袖	187500
都穿 不	156250
都穿 羽绒服	156250
都等 着	619047
都等 你	380952
都结婚 了	1000000
都给 你	569696
都给 我	284848
都给 了	72727
都给 他	42424
都给 它	30303
都老 了	1000000
都能 看到	137037
都能 看	107407
都能 被	74074
都能 找到	66666
都能 看见	59259
都能 吃	51851
都能 把	37037
都能看 出来	1000000
都能看到 你	1000000
都行 的	250000
都被 你	706896
都被 我	143678
都被 发现	45977
都被 温柔	40229
都被 自己	34482
都被 人	28735
都被你 发现	845070
都被你 看	154929
都要 好好	81794
都要 被	73878
都要 去	60686
都要 加油	58047
都要 开心	58047
都要 吃	52770
都要 看	42216
都要 做	34300
都要好好 的	722222
都要好好 努力	277777
都见 不到	521739
都觉得 好	219047
都觉得 我	209523
都觉得 自己	190476
都觉得 你	123809
都觉得 是	76190
都觉得 不	57142
都让 我	468750
都让 你	312500
都让 人	218750
都说 了	269784
都说 我	248201
都说 是	97122
都说 你	46762
都说 不	43165
都说 的	43165
都说 他	39568
都说 要	39568
都说了 我	375000
都说了 是	333333
都说了 你	291666
都走 了	1000000
都跟 你	516129
都跟 我	483870
都过 了	733333
都过 得	266666
都过去 了	1000000
都还 在	387500
都还 没有	300000
都还 不	112500
都还 不错	100000
都还 可以	100000
都还没 去	272727
都还没 看	272727
都还没 到	227272
都还没 说	227272
都这么 说	432835
都这么 大	149253
都这么 美	74626
都这么 好看	67164
都这么 长	59701
都这么 想	52238
都这么 好	44776
都这么 早	44776
都这么大 了	1000000
都这样 了	333333
都这样 说	314814
都这样 的	203703
都那么 大	409090
都那么 好看	318181
都那么 美	272727
都长 了	375000
都长 得	375000
都长 的	250000
鄙视 你	650602
鄙视 我	204819
鄙视 他	84337
鄙视 的	60240
配合 你	678571
配合 我	321428
配置 已经	100
配置 备份	90
配置 保存	80
配置 更新	70
酒店 的	389610
酒店 了	194805
酒店 住	116883
酒店 都	103896
酒店 吗	64935
酒店 是	64935
酒店 里	64935
酱油 的	750000
酱油 了	250000
酱紫 的	266666
酱紫 对	166666
酷酷 的	1000000
酸奶 的	375000
酸奶 了	312500
酸奶 是	312500
醒来 就	344262
醒来 了	163934
醒来 的	163934
醒来 后	131147
醒来 发现	98360
醒来 都	98360
醒醒 吧	714285
醒醒 了	285714
采访 你	571428
采访 的	428571
里 的	263213
里 有	90909
里 了	49154
里 来	40697
里 都	37526
里 也	21670
里 就	21670
里 是	20613
里全 是	1000000
里有 个	200000
里有 什么	140000
里有 你	120000
里有 我	120000
里有 的	120000
里有 一个	100000
里有 很多	100000
里有 星星	100000
里的 人	252873
里的 自己	126436
里的 东西	114942
里的 你	103448
里的 我	91954
里的 一个	68965
里的 那个	68965
里的 时候	57471
里都 是	739130
里都 有	152173
里都 没	108695
里面 的	324909
里面 有	169675
里面 是	43321
里面 都	32490
里面 还有	27075
里面 没有	25270
里面 就	23465
里面有 个	454545
里面有 很多	318181
里面有 一个	227272
里面的 人	666666
里面的 一个	333333
重 口味	271386
重 来	112094
重 的	112094
重 了	109144
重 口	79646
重 发	61946
重 做	41297
重口味 的	681818
重复 的	736842
重复 看	263157
重庆 的	294372
重庆 了	186147
重庆 人	56277
重庆 吧	38961
重庆 就	38961
重庆 有	38961
重庆 话	38961
重新 输入	100
重新 设置	90
重新 打开	80
重新 检查	70
重点 是	525345
重点 在	124423
重点 不是	64516
重点 不	46082
重点 了	36866
重点 好	36866
重点 的	32258
重点是 我	606060
重点是 你	393939
重要 的	686440
重要 了	110169
重要 吗	40254
重要 是	36016
重要 么	16949
重要 吧	16949
重要 还是	14830
重要的 是	539267
重要的 事情	94240
重要的 事	83769
重要的 就是	68062
重要的 人	52356
重要的 日子	52356
重要的 还是	52356
重要的 东西	31413
重要的是 什么	558823
重要的是 开心	235294
重要的是 你	205882
野生 的	571428
野生 菌子	428571
量 的	379310
量 了	310344
量 让	310344
金 的	369565
金 链子	217391
金 了	152173
金 拱门	130434
鉴定 完毕	1000000
针对 你	363636
针对 我	363636
针对 所有	272727
钱 了	104488
钱 的	96394
钱 都	55187
钱 就	44885
钱 我	35320
钱 给	32376
钱 是	30905
钱没 钱	450000
钱没 时间	300000
钱没 了	250000
钱的 问题	625000
钱的 时候	375000
钱给 我	687500
钱给 你	312500
钱都 花	388888
钱都 是	333333
钱都 没有	277777
错误 的	838709
错误 了	161290
错过 了	833333
错过 的	132478
错过 你	34188
错过了 什么	694444
错过了 就	166666
错过了 我	138888
锻炼 了	298507
锻炼 的	283582
锻炼 你	104477
锻炼 就	74626
锻炼 锻炼	74626
镜头 里	203703
镜头 下	148148
镜头 了	148148
镜头 都	148148
镜头 就	129629
镜头 是	111111
镜头 的	111111
镜子 里	1000000
镜子里 的	1000000
长 得	244015
长 了	174347
长 的	170060
长 高	36798
长 这么	24651
长 头发	23222
长 出来	18578
长不 长	360000
长不 高	360000
长不 出来	280000
长久 的	793103
长久 一些	206896
长了 就	150000
长了 好多	137500
长了 个	100000
长了 点	87500
长了 很多	75000
长了 我	75000
长了 一颗	62500
长出来 了	551724
长出来 的	448275
长发 及	393442
长发 了	163934
长发 飘飘	122950
长发 的	98360
长发 短发	81967
长发 好看	73770
长发 吧	65573
长大 了	618823
长大 的	209411
长大 后	80000
长大 越	42352
长大 就	23529
长大 以后	14117
长大 是	11764
长大了 就	454545
长大了 才	212121
长大了 不	151515
长头发 了	500000
长头发 的	500000
长好 长	416666
长好 快	375000
长好 了	208333
长得 好看	146511
长得 像	111627
长得 好	72093
长得 这么	48837
长得 不	46511
长得 也	41860
长得 好像	41860
长得好看 的	800000
长得好看 就	200000
长得帅 的	1000000
长时间 了	406250
长时间 的	218750
长时间 没	187500
长时间 都	187500
长春 的	515151
长春 上学	272727
长春 了	212121
长沙 了	375000
长沙 的	350000
长沙 我	150000
长沙 找	125000
长点心 吧	1000000
长的 好看	161490
长的 也	86956
长的 好像	86956
长的 漂亮	80745
长的 那么	80745
长的 好	74534
长的 真	74534
长的 像	62111
长知识 了	1000000
长胖 了	716981
长胖 的	188679
长胖 十斤	47169
长胖 就	47169
长这么 大	690476
长这么 长	166666
长这么 大都	142857
长长 了	725000
长长 久久	275000
长高 了	1000000
门 的	375000
门 都	196428
门 没	142857
门 了	107142
门 就	89285
门 是	89285
门口 等	100
门口 见	90
门口 有	80
门口 停	70
门票 吗	344827
门票 多少	310344
门票 了	172413
门票 的	172413
闪电 的	807692
闪电 打雷	192307
闭关 了	600000
闭关 修炼	400000
闭嘴 吧	804878
闭嘴 了	195121
问 你	190982
问 我	170565
问 一下	122075
问 下	79965
问 了	65078
问 一句	64653
问 的	43811
问 他	34453
问一下 你	606060
问一下 你们	242424
问一下 这个	151515
问一个 淑女	631578
问一个 问题	368421
问一句 你们	684210
问一句 你	315789
问下 你	827586
问下 这	172413
问你 要	93023
问你 个	81395
问你 的	81395
问你 你	69767
问你 什么	63953
问你 一个	58139
问你 是	58139
问女孩子 年龄	1000000
问女孩子年龄 可不是	1000000
问我 为什么	217391
问我 刘海	118012
问我 要	86956
问我 怎么	80745
问我 你	74534
问我 我	74534
问我 是不是	68322
问我 的	62111
问我为什么 知道	1000000
问我刘海 怎么	1000000
问的 是	1000000
问过 我	576923
问过 了	230769
问过 你	192307
问问 你	368794
问问 我	212765
问问 她	120567
问问 他	92198
问问 自己	49645
问问 有没有	42553
问问 你们	35460
问题 已经	100
问题 解决	90
问题 是	80
问题 比较	70
问题不 大	1000000
问题是 我	676470
问题是 你	323529
问题来 了	1000000
问题的 人	476190
问题的 亲	285714
问题的 时候	238095
闲人 快	1000000
闲人快 闪开	1000000
闻到 了	812500
闻到 一股	187500
阅读 理解	584905
阅读 量	226415
阅读 理解能力	94339
阅读 的	94339
队 的	461538
队 了	205128
队 呢	128205
阳光 的	354545
阳光 下	118181
阳光 好	81818
阳光 真	81818
阳光 了	72727
阳光 正好	72727
阳光 也	63636
阳光 和	63636
阴历 生日	500000
阴历 的	500000
阴影 了	419354
阴影 面积	322580
阴影 的	258064
阶段 的	368421
阶段 了	315789
阶段 都	315789
阻止 我	375000
阻止 了	333333
阻止 你	291666
阿姨 的	142857
阿姨 好	138392
阿姨 都	89285
阿姨 了	58035
阿姨 不	53571
阿姨 你	49107
阿姨 我	49107
阿姨 生日快乐	49107
附件 里面	100
附件 是	90
附件 已经	80
附件 请查收	70
附近 有	100
附近 可以	90
附近 餐厅	80
附近 停车	70
陌生 的	1000000
降温 了	1000000
限制 了	695652
限制 的	304347
院子 里	1000000
除了 写字	150627
除了 你	121338
除了 我	121338
除了 吃	112970
除了 敬业	62761
除了 踢球	54393
除了 这	46025
除了 送祝福	41841
除了写字 一般	1000000
除了写字一般 吧	1000000
除夕 快乐	1000000
除非 你	567901
除非 是	172839
除非 我	98765
除非 他	86419
除非 有	74074
陪伴 你	386363
陪伴 是	181818
陪伴 我	159090
陪伴 的	159090
陪伴 了	113636
随便 吃	155115
随便 你	102310
随便 找	72607
随便 发	46204
随便 的	46204
随便 说	42904
随便 买	36303
随意 的	625000
随意 了	375000
随时 都	372881
随时 可以	211864
随时 来	84745
随时 联系	59322
随时 关注	50847
随时 带	50847
随时 准备	42372
随时 在	42372
随时都 可以	600000
随时都 能	400000
随缘 吧	1000000
隐形 的	739130
隐形 了	260869
隐藏 的	511111
隐藏 了	200000
隐藏 在	177777
隐藏 自己	111111
隔壁 的	545454
隔壁 老王	272727
隔壁 宿舍	181818
难 了	176276
难 的	135090
难 为	47775
难 找	44481
难 买	34596
难 吗	28006
难不成 你	1000000
难为 你	500000
难为 自己	500000
难受 的	325123
难受 了	177339
难受 死	152709
难受 吗	73891
难受 不	24630
难受 呢	24630
难受死 了	1000000
难吃 的	421052
难吃 了	315789
难吃 死	131578
难听 了	307692
难听 的话	230769
难听 的	192307
难得 的	415384
难得 你	115384
难得 见	76923
难得 有	69230
难得 看到	69230
难得 了	61538
难得 有人	46153
难忘 的	1000000
难怪 你	574468
难怪 我	297872
难怪 今天	127659
难熬 的	631578
难看 的	400000
难看 了	320000
难看 死	140000
难过 的	360730
难过 了	324200
难过 我	73059
难过 就	36529
难过 什么	27397
难过 到	22831
难过 吧	22831
难过的 时候	666666
难过的 事	333333
难道 你	260311
难道 不是	168652
难道 是	127406
难道 我	79743
难道 不	76076
难道 就	28414
难道 还	25664
难道 你们	22914
难道不 应该	514285
难道不 知道	314285
难道不 觉得	171428
难道不是 吗	459459
难道不是 因为	270270
难道不是 么	135135
难道不是 你	135135
难道你 不	198757
难道你 也	118012
难道你 要	111801
难道你 还	80745
难道你 不是	74534
难道你 是	68322
难道你 想	49689
难道你 的	49689
难道你不 觉得	588235
难道你不 知道	411764
难道只有 我	1000000
难道只有我 一个	642857
难道只有我 觉得	357142
难道就 我	666666
难道就 不	333333
难道我 要	210526
难道我 不	184210
难道我 是	184210
难道我 的	157894
难道我 不是	131578
难道我 说	131578
难道是 我	724137
难道是 你	275862
集齐 了	1000000
雪亮 的	1000000
零下 了	684210
零下 二十度	315789
零食 吃	210526
零食 也	122807
零食 大礼包	122807
零食 了	105263
零食 我	105263
零食 的	105263
零食 分	87719
需要 确认	100
需要 检查	90
需要 准备	80
需要 修改	70
需要你 的	566666
需要你 来	266666
需要你 这样	166666
需要我 的	500000
需要我 给	500000
需要的 时候	500000
需要的 是	361111
需要的 可以	138888
震惊 了	838709
震惊 的	161290
露出 来	717948
露出 了	153846
露出 你	128205
露脸 了	555555
露脸 的	444444
霸气 的	634146
霸气 了	195121
霸道 总裁	1000000
青岛 的	555555
青岛 了	444444
青年 的	461538
青年 说	307692
青春 的	358620
青春 不	68965
青春 了	62068
青春 是	62068
青春 就	55172
青春 还	48275
青春 都	48275
青涩 的	1000000
静静的 看着	1000000
非 要	759615
非 也	76923
非 说	57692
非 非	57692
非 要说	24038
非 让	24038
非主流 的	666666
非主流 了	333333
非常 感谢	100
非常 方便	90
非常 清楚	80
非常 重要	70
非常珍贵 的	1000000
非常珍贵的 回忆	1000000
非要 我	307692
非要 去	230769
非要 把	230769
非要 给	230769
面 了	135964
面 的	105263
面 吃	83333
面 面	78947
面 都	61403
面 我	48245
面 是	48245
面前 你	370370
面前 我	370370
面前 的	259259
面包 的	205882
面包 和	176470
面包 是	176470
面包 了	147058
面包 会	147058
面包 都	147058
面子 的	772727
面子 了	227272
面对 的	555555
面对 你	259259
面对 生活	185185
面膜 都	225000
面膜 型号	200000
面膜 的	200000
面膜 我	125000
面试 了	333333
面试 的	275362
面试 呢	86956
面试 加油	72463
面试 完	72463
革命 的	527777
革命 尚未	472222
革命尚未 成功	1000000
革命的 本钱	1000000
鞋子 是	181818
鞋子 的	155844
鞋子 好看	142857
鞋子 好	77922
鞋子 我	77922
鞋子 里	77922
鞋子 了	64935
韩国 的	407894
韩国 人	342105
韩国 了	184210
韩国 棒子	65789
韭菜 盒子	600000
韭菜 鸡蛋	400000
音乐 的	442307
音乐 人	211538
音乐 了	192307
音乐 是	153846
页面 已经	100
页面 打开	90
页面 显示	80
页面 内容	70
顺便 说	211538
顺便 给	163461
顺便 把	105769
顺便 问	105769
顺便 看看	96153
顺便 吃	86538
顺便 带	76923
顺便 看	57692
顺其自然 吧	700000
顺其自然 就	300000
顺利 的	219512
顺利 吗	146341
顺利 通过	146341
顺利 就	109756
顺利 毕业	97560
顺利 么	85365
顺利 了	73170
顺利 到达	60975
顺序 已经	100
顺序 确认	90
顺序 正确	80
顺序 调整	70
预定 了	400000
预定 的	360000
预定 好	240000
预约 了	551724
预约 的	448275
领养 了	423076
领养 的	307692
领养 吗	269230
领证 了	347826
领证 去	217391
领证 吧	217391
领证 的	217391
频繁 的	611111
频繁 了	388888
颓废 了	562500
颓废 的	437500
颜色 的	261538
颜色 不	96153
颜色 都	80769
颜色 好	76923
颜色 了	53846
颜色 是	53846
颜色 好看	46153
风 大	164502
风 的	95238
风 好	86580
风 里	82251
风 中	69264
风 也	56277
风 一样	51948
风 了	51948
风吹 的	666666
风吹 走	333333
风好 大	1000000
风景 好	293333
风景 的	93333
风景 真	93333
风景 美	93333
风景 不错	66666
风景 是	66666
风景好 美	1000000
风格 的	333333
风格 了	225225
风格 都	108108
风格 不	72072
风格 是	45045
飞机 上	361538
飞机 的	184615
飞机 了	123076
飞机 都	100000
飞机 就	53846
飞机 晚点	46153
飞机 你	38461
食堂 的	346666
食堂 吃	173333
食堂 打	80000
食堂 了	66666
食堂 二楼	66666
食堂 吃饭	66666
食堂 吗	66666
食堂 有	66666
食欲 的	333333
食欲 了	222222
食欲 大增	185185
食物 的	333333
食物 了	266666
食物 都	233333
食物 吗	166666
饥渴 难耐	375000
饥渴 了	312500
饥渴 的	312500
饮料 了	500000
饮料 不	250000
饮料 的	250000
饺子 是	183333
饺子 的	150000
饺子 么	133333
饺子 吃	116666
饺子 不	83333
饺子 也	83333
饺子 就	83333
饺子 汤圆	83333
饼干 了	333333
饼干 吃	333333
饼干 的	333333
饿坏 了	1000000
饿死 了	771739
饿死 我	173913
饿死 的	54347
饿死我 了	1000000
首先 检查	100
首先 确认	90
首先 需要	80
首先 准备	70
首先你 得	500000
首先你 要	500000
首歌 的	358974
首歌 是	230769
首歌 我	153846
首歌 了	128205
首歌 叫	128205
首页 的	388888
首页 了	333333
首页 看到	277777
马 老师	237288
马 了	186440
马 天宇	135593
马 年	135593
马 马	118644
马 可	101694
马 总	84745
马上 开始	100
马上 处理	90
马上 回来	80
马上 出发	70
马上就 到	289855
马上就 来	217391
马上就 会	115942
马上就 回去	115942
马上就 回来	101449
马上就 可以	86956
马上就 能	72463
马桶 台	450000
马桶 上	300000
马桶 的	250000
马路 都	400000
马路 对面	300000
马路 的	300000
驴肉 火烧	1000000
驾照 的	433333
驾照 了	400000
驾照 还	166666
驾驭 不了	772727
驾驭 的	227272
骂人 的	325581
骂人 了	244186
骂人 呢	139534
骂人 吗	81395
骂人 不	69767
骂人 都	58139
骄傲 的	803921
骄傲 了	137254
骄傲的 继续	809523
骄傲的 动	190476
骄傲的继续 大步	1000000
验证 已经	100
验证 完成	90
验证 结果	80
验证 通过	70
骑车 了	444444
骑车 上班	277777
骑车 的	277777
骗人 的	875000
骗人 了	62500
骗人 只要	62500
骨头 了	571428
骨头 都	428571
高 了	221601
高 的	216945
高 数	44692
高 吗	31657
高 光	19553
高 一点	18621
高三 的	419354
高三 了	370967
高三 党	209677
高中 的	320312
高中 时	93750
高中 时候	85937
高中 是	70312
高中 就	62500
高中 都	62500
高中 也	54687
高中 了	46875
高了 吧	562500
高了 吗	437500
高估 了	666666
高估 自己	333333
高兴 的	272727
高兴 了	161616
高兴 认识	136363
高兴 就	75757
高兴 你	65656
高兴 非常	60606
高兴 一下	35353
高兴认识 你	1000000
高大 上	1000000
高大上 的	600000
高大上 了	200000
高清 的	538461
高清 图	269230
高清 大	192307
高的 人	677419
高的 了	161290
高的 男生	161290
高端 大气	317460
高端 的	269841
高端 了	222222
高端 黑	111111
高端大气 上档次	1000000
高级 的	285714
高级 黑	285714
高级 了	183673
高级 脸	122448
高考 了	291666
高考 加油	256944
高考 完	194444
高考 的	76388
高考 结束	55555
高考 还	48611
高考 前	41666
高考 都	34722
高贵 的	684210
高贵 了	315789
高跟鞋 的	523809
高跟鞋 是	476190
高速 上	1000000
高铁 站	243243
高铁 等	229729
高铁 上	175675
高铁 的	121621
高铁 不是	81081
高铁 吧	67567
高铁等 两分钟	1000000
高铁等两分钟 怎么	1000000
魅力 了	375000
魅力 的	281250
魅力 大	187500
魅力 吧	156250
鱼 的	209150
鱼 和	111111
鱼 是	84967
鱼 了	71895
鱼 吧	58823
鱼 呢	45751
鱼 好吃	45751
鸟儿 有	1000000
鸡汤 不	375000
鸡汤 了	312500
鸡蛋 的	315789
鸡蛋 了	210526
鸡蛋 是	184210
鸡蛋 都	157894
鸡蛋 不	131578
鸡血 了	666666
鸡血 的	333333
麻烦 你	260377
麻烦 了	173584
麻烦 的	135849
麻烦 问	41509
麻烦 你们	30188
麻烦 别人	30188
麻麻 说	224137
麻麻 的	189655
麻麻 好	137931
麻麻 叫	120689
麻麻 都	120689
麻麻 你	103448
麻麻 我	103448
黄 了	207253
黄 的	165803
黄 人	150259
黄 老师	72538
黄 你	31088
黄 老板	31088
黑 了	265325
黑 的	175287
黑 我	104406
黑 你	87164
黑 他	30651
黑 吗	29693
黑 好	17241
黑你 了	687500
黑你 的	312500
黑暗 料理	488372
黑暗 的	372093
黑暗 中	139534
黑白 的	461538
黑白 是	269230
黑白 颠倒	269230
黑的 人	368421
黑的 是	368421
黑的 时候	263157
黑色 的	687022
黑色 衣服	61068
黑色 了	53435
黑色 是	45801
黑色 好看	38167
黑色 最	38167
黑色 玫瑰	38167
黑色 那个	38167
默契 的	473684
默契 了	263157
默默 的	523809
默默 关注	80952
默默 看着	47619
默默 守护	38095
默默 看	38095
默默 想	33333
默默 问	33333
默默 喜欢	28571
默默的 把	222222
默默的 说	222222
默默的 关注	185185
默默的 看	185185
默默的 看着	185185
鼓励 我	237500
鼓励 我会	162500
鼓励 你	137500
鼓励 一下	112500
鼓励 鼓励	87500
鼓励 的	75000
鼓励 了	62500
鼓励 吧	62500
鼻子 好	245901
鼻子 上	213114
鼻子 了	114754
鼻子 周围	114754
鼻子 的	114754
鼻子 不	98360
鼻子 都	98360
